date,pm25,pm10,o3,no2,so2,co,psi,Daily Rainfall Total (mm),Mean Temperature (°C),Maximum Temperature (°C),Minimum Temperature (°C),Mean Wind Speed (km/h),Max Wind Speed (km/h),year_month,year
2018-10-01,66.0,37.0,27.0,14.28754266211604,4.0,4.0,56.06187050359712,0.0,29.5,33.0,27.2,9.4,31.0,2018-10,2018
2018-10-02,63.0,43.0,19.0,14.28754266211604,4.0,6.0,56.06187050359712,0.0,29.8,33.5,27.0,7.6,28.1,2018-10,2018
2018-10-03,85.0,40.0,24.0,14.28754266211604,4.0,5.0,56.06187050359712,0.0,29.7,33.4,26.9,6.5,27.0,2018-10,2018
2018-10-04,63.0,39.0,26.0,14.28754266211604,5.0,5.0,56.06187050359712,0.0,29.8,33.4,27.8,10.1,33.8,2018-10,2018
2018-10-05,68.0,39.0,18.0,14.28754266211604,4.0,5.0,56.06187050359712,0.0,30.0,33.6,27.6,8.3,31.3,2018-10,2018
2018-10-12,30.0,19.0,9.0,14.28754266211604,4.0,4.0,56.06187050359712,9.6,26.4,30.6,24.3,5.8,31.3,2018-10,2018
2018-10-13,38.0,26.0,8.0,14.28754266211604,4.0,5.0,56.06187050359712,0.6,26.6,29.2,24.3,4.0,20.9,2018-10,2018
2018-10-15,61.0,38.0,17.0,14.28754266211604,6.0,5.0,56.06187050359712,0.0,28.1,33.1,24.8,4.3,24.5,2018-10,2018
2018-10-16,75.0,36.0,13.0,14.28754266211604,6.0,6.0,56.06187050359712,0.0,27.7,32.9,25.1,4.7,35.3,2018-10,2018
2018-10-17,70.0,30.0,15.0,14.28754266211604,4.0,4.0,56.06187050359712,3.8,27.1,30.4,24.4,4.3,23.4,2018-10,2018
2018-10-18,42.0,22.0,25.0,14.28754266211604,6.0,4.0,56.06187050359712,1.4,26.5,28.9,23.3,5.8,25.6,2018-10,2018
2018-10-19,41.0,26.0,26.0,14.28754266211604,4.0,4.0,56.06187050359712,7.4,28.3,32.8,23.6,5.8,44.6,2018-10,2018
2018-10-20,55.0,29.0,22.0,14.28754266211604,6.0,4.0,56.06187050359712,0.6,29.1,33.3,26.1,5.8,25.6,2018-10,2018
2018-10-21,75.0,39.0,23.0,14.28754266211604,3.0,6.0,56.06187050359712,0.0,29.1,32.7,26.7,6.1,32.4,2018-10,2018
2018-10-22,59.0,28.0,18.0,14.28754266211604,2.0,4.0,56.06187050359712,0.0,28.9,33.0,25.0,6.1,31.0,2018-10,2018
2018-10-24,55.0,36.0,16.0,14.28754266211604,2.0,5.0,56.06187050359712,0.2,27.0,31.8,25.1,5.0,33.8,2018-10,2018
2018-10-27,68.0,28.0,24.0,14.28754266211604,2.0,5.0,56.06187050359712,0.0,27.9,31.3,25.5,4.3,24.5,2018-10,2018
2018-10-28,58.0,26.0,16.0,14.28754266211604,1.0,5.0,56.06187050359712,5.2,27.0,32.3,25.2,3.2,28.4,2018-10,2018
2018-10-29,49.0,28.0,12.0,14.28754266211604,1.0,6.0,56.06187050359712,5.6,27.2,32.7,25.1,3.6,27.4,2018-10,2018
2018-10-31,41.0,24.0,17.0,14.28754266211604,1.0,4.0,56.06187050359712,0.0,27.2,31.0,25.2,5.4,30.6,2018-10,2018
2018-11-01,54.0,28.0,20.0,14.28754266211604,1.0,4.0,56.06187050359712,2.2,26.3,28.4,24.5,5.0,31.3,2018-11,2018
2018-11-02,51.0,27.0,9.0,14.28754266211604,4.0,5.0,56.06187050359712,2.6,26.5,30.3,24.5,5.4,39.6,2018-11,2018
2018-11-05,53.0,25.0,19.0,14.28754266211604,4.0,5.0,56.06187050359712,0.0,27.3,32.5,25.4,3.6,17.6,2018-11,2018
2018-11-06,39.0,19.0,28.0,14.28754266211604,2.0,4.0,56.06187050359712,7.2,26.8,32.9,23.6,4.3,28.4,2018-11,2018
2018-11-07,35.0,18.0,26.0,14.28754266211604,3.0,4.0,56.06187050359712,7.2,27.8,33.2,24.7,4.7,20.5,2018-11,2018
2018-11-08,36.0,32.0,7.0,14.28754266211604,7.0,4.0,56.06187050359712,13.8,27.6,33.6,23.9,5.8,23.4,2018-11,2018
2018-11-09,71.0,35.0,34.0,14.28754266211604,8.0,5.0,56.06187050359712,1.8,26.8,28.7,25.4,4.0,18.7,2018-11,2018
2018-11-10,63.0,28.0,18.0,14.28754266211604,4.0,4.0,56.06187050359712,3.6,27.4,32.7,25.0,4.0,36.4,2018-11,2018
2018-11-13,33.0,20.0,15.0,14.28754266211604,8.0,4.0,56.06187050359712,0.2,27.0,31.1,24.1,4.3,19.4,2018-11,2018
2018-11-14,64.0,27.0,7.0,14.28754266211604,11.0,4.0,56.06187050359712,11.4,27.6,30.8,23.7,4.0,31.7,2018-11,2018
2018-11-15,53.0,28.0,16.0,14.28754266211604,6.0,5.0,56.06187050359712,7.4,26.2,30.7,23.8,4.3,42.8,2018-11,2018
2018-11-16,66.0,28.0,15.0,14.28754266211604,5.0,4.0,56.06187050359712,0.0,27.8,31.8,24.8,4.0,23.8,2018-11,2018
2018-11-17,55.0,23.0,25.0,14.28754266211604,4.0,4.0,56.06187050359712,14.8,27.1,30.8,22.3,5.0,43.6,2018-11,2018
2018-11-18,54.0,21.0,20.0,14.28754266211604,6.0,4.0,56.06187050359712,2.4,26.5,29.9,23.7,4.0,31.0,2018-11,2018
2018-11-20,53.0,19.0,22.0,14.28754266211604,5.0,4.0,56.06187050359712,13.0,27.7,32.2,24.0,4.7,26.6,2018-11,2018
2018-11-22,35.0,17.0,15.0,14.28754266211604,1.0,4.0,56.06187050359712,16.4,26.8,30.2,23.1,4.7,40.7,2018-11,2018
2018-11-23,44.0,20.0,28.0,14.28754266211604,1.0,4.0,56.06187050359712,0.8,27.6,32.0,25.1,4.7,22.7,2018-11,2018
2018-11-24,39.0,25.0,24.0,14.28754266211604,3.0,4.0,56.06187050359712,0.2,28.4,33.3,25.1,5.0,21.6,2018-11,2018
2018-11-25,47.0,19.0,18.0,14.28754266211604,4.0,4.0,56.06187050359712,2.0,28.3,31.6,24.7,4.0,21.6,2018-11,2018
2018-11-26,53.0,26.0,13.0,14.28754266211604,7.0,3.0,56.06187050359712,3.8,27.9,32.4,23.9,4.7,31.3,2018-11,2018
2018-11-27,39.0,21.0,18.0,14.28754266211604,7.0,3.0,56.06187050359712,0.0,27.0,29.1,24.3,5.4,28.8,2018-11,2018
2018-11-29,46.0,20.0,10.0,14.28754266211604,1.0,4.0,56.06187050359712,12.4,27.3,30.4,24.0,4.7,34.6,2018-11,2018
2018-11-30,41.0,19.0,15.0,14.28754266211604,1.0,3.0,56.06187050359712,6.0,27.2,30.6,25.0,5.4,23.4,2018-11,2018
2018-12-02,32.0,14.0,10.0,14.28754266211604,2.0,4.0,56.06187050359712,14.0,26.6,31.9,24.7,5.0,26.3,2018-12,2018
2018-12-03,34.0,20.0,20.0,14.28754266211604,2.0,4.0,56.06187050359712,2.6,26.3,30.5,24.6,4.0,33.8,2018-12,2018
2018-12-04,45.0,20.0,14.0,14.28754266211604,1.0,3.0,56.06187050359712,0.0,28.1,32.6,24.8,5.0,27.4,2018-12,2018
2018-12-05,37.0,21.0,17.0,14.28754266211604,1.0,6.0,56.06187050359712,10.8,27.1,31.6,24.7,4.3,29.2,2018-12,2018
2018-12-06,51.0,22.0,17.0,14.28754266211604,1.0,5.0,56.06187050359712,6.8,26.7,30.5,25.1,3.6,20.9,2018-12,2018
2018-12-07,54.0,21.0,18.0,14.28754266211604,3.0,4.0,56.06187050359712,0.2,27.2,30.5,24.9,3.6,19.8,2018-12,2018
2018-12-09,49.0,23.0,13.0,14.28754266211604,3.0,5.0,56.06187050359712,2.8,27.8,32.0,25.5,4.0,28.8,2018-12,2018
2018-12-10,42.0,21.0,11.0,14.28754266211604,2.0,6.0,56.06187050359712,0.0,27.5,32.1,25.6,4.0,29.2,2018-12,2018
2018-12-12,48.0,19.0,10.0,14.28754266211604,1.0,7.0,56.06187050359712,0.6,26.8,31.3,24.9,4.0,29.2,2018-12,2018
2018-12-13,38.0,17.0,17.0,14.28754266211604,1.0,4.0,56.06187050359712,0.0,26.1,28.3,25.0,5.4,24.8,2018-12,2018
2018-12-14,37.0,22.0,21.0,14.28754266211604,1.0,3.0,56.06187050359712,0.0,26.7,29.5,24.6,5.8,27.7,2018-12,2018
2018-12-15,47.0,19.0,27.0,14.28754266211604,2.0,3.0,56.06187050359712,11.8,26.5,31.5,24.3,4.7,31.0,2018-12,2018
2018-12-16,36.0,18.0,25.0,14.28754266211604,3.0,4.0,56.06187050359712,3.0,26.5,32.2,24.0,4.0,33.1,2018-12,2018
2018-12-17,43.0,17.0,25.0,14.28754266211604,2.0,3.0,56.06187050359712,0.2,27.5,31.8,25.0,4.7,29.9,2018-12,2018
2018-12-18,41.0,22.0,25.0,14.28754266211604,1.0,3.0,56.06187050359712,0.0,28.1,31.9,25.6,5.8,25.9,2018-12,2018
2018-12-20,40.0,17.0,15.0,14.28754266211604,1.0,5.0,56.06187050359712,12.4,27.1,34.0,23.7,6.1,30.6,2018-12,2018
2018-12-21,34.0,22.0,21.0,14.28754266211604,4.546296296296297,6.0,56.06187050359712,4.4,27.4,31.5,25.5,6.1,33.1,2018-12,2018
2018-12-24,69.0,29.0,34.0,14.28754266211604,3.0,6.0,56.06187050359712,0.2,28.3,32.6,25.2,5.0,30.2,2018-12,2018
2018-12-25,54.0,22.0,28.0,14.28754266211604,1.0,5.0,56.06187050359712,0.0,28.6,32.5,25.8,4.3,33.5,2018-12,2018
2018-12-26,41.0,18.0,28.0,14.28754266211604,1.0,3.0,56.06187050359712,0.2,28.2,32.4,23.9,7.2,35.6,2018-12,2018
2018-12-27,45.0,23.0,33.0,14.28754266211604,1.0,4.0,56.06187050359712,0.0,27.7,30.3,25.3,5.4,24.8,2018-12,2018
2018-12-28,58.0,25.0,31.0,14.28754266211604,1.0,4.0,56.06187050359712,0.0,29.2,33.5,26.3,6.5,33.8,2018-12,2018
2018-12-29,53.0,25.0,31.0,14.28754266211604,1.0,3.0,56.06187050359712,0.0,28.0,30.8,25.2,4.7,19.4,2018-12,2018
2018-12-30,42.0,24.86731167933656,17.89288182446441,14.28754266211604,4.546296296296297,4.4577714691270405,56.06187050359712,0.6,28.6,34.5,26.3,5.0,27.4,2018-12,2018
2018-07-01,36.0,24.0,9.0,14.28754266211604,2.0,4.0,56.06187050359712,14.6,26.4,29.8,23.5,4.3,34.6,2018-07,2018
2018-07-02,40.0,25.0,6.0,14.28754266211604,3.0,7.0,56.06187050359712,0.4,27.3,32.0,25.0,4.0,28.8,2018-07,2018
2018-07-03,38.0,28.0,12.0,14.28754266211604,2.0,4.0,56.06187050359712,11.0,27.2,30.2,23.0,5.0,31.7,2018-07,2018
2018-07-04,48.0,29.0,26.0,14.28754266211604,3.0,3.0,56.06187050359712,0.0,28.4,32.4,25.0,4.7,22.3,2018-07,2018
2018-07-05,52.0,34.0,26.0,14.28754266211604,2.0,3.0,56.06187050359712,0.0,28.9,32.2,26.9,6.5,28.8,2018-07,2018
2018-07-06,64.0,35.0,30.0,14.28754266211604,4.0,3.0,56.06187050359712,0.0,28.8,31.9,27.2,7.9,31.3,2018-07,2018
2018-07-08,51.0,26.0,21.0,14.28754266211604,3.0,4.4577714691270405,56.06187050359712,0.0,28.8,31.3,26.9,6.5,31.3,2018-07,2018
2018-07-09,44.0,24.0,17.0,14.28754266211604,6.0,3.0,56.06187050359712,0.2,28.9,31.9,26.2,7.2,28.8,2018-07,2018
2018-07-10,36.0,21.0,18.0,14.28754266211604,11.0,4.0,56.06187050359712,1.2,27.0,28.4,23.8,7.2,34.9,2018-07,2018
2018-07-11,47.0,26.0,23.0,14.28754266211604,9.0,4.0,56.06187050359712,0.0,28.4,31.6,26.6,5.4,21.6,2018-07,2018
2018-07-12,51.0,36.0,25.0,14.28754266211604,4.0,4.4577714691270405,56.06187050359712,0.0,29.2,32.8,27.4,6.8,23.0,2018-07,2018
2018-07-13,71.0,43.0,24.0,14.28754266211604,3.0,4.0,56.06187050359712,0.0,29.0,31.8,27.4,7.6,24.8,2018-07,2018
2018-07-14,76.0,38.0,28.0,14.28754266211604,4.0,4.0,56.06187050359712,13.0,27.9,31.0,22.8,6.1,30.6,2018-07,2018
2018-07-16,73.0,39.0,23.0,14.28754266211604,3.0,4.0,56.06187050359712,0.0,29.0,32.3,26.9,7.2,27.7,2018-07,2018
2018-07-17,69.0,39.0,26.0,14.28754266211604,2.0,4.0,56.06187050359712,0.0,29.1,32.1,27.3,7.2,28.4,2018-07,2018
2018-07-18,69.0,41.0,23.0,14.28754266211604,3.0,4.0,56.06187050359712,0.0,29.0,31.2,27.6,7.6,32.0,2018-07,2018
2018-07-21,59.0,27.0,20.0,14.28754266211604,9.0,4.0,56.06187050359712,4.6,28.7,31.3,25.2,4.7,30.6,2018-07,2018
2018-07-22,53.0,32.0,27.0,14.28754266211604,4.0,4.0,56.06187050359712,0.2,29.0,31.3,27.6,5.8,26.6,2018-07,2018
2018-07-23,67.0,36.0,23.0,14.28754266211604,4.0,4.4577714691270405,56.06187050359712,0.0,29.6,33.1,27.4,7.9,27.7,2018-07,2018
2018-07-24,66.0,32.0,14.0,14.28754266211604,5.0,4.4577714691270405,56.06187050359712,0.0,29.5,33.5,27.6,9.0,31.0,2018-07,2018
2018-07-26,52.0,31.0,24.0,14.28754266211604,5.0,4.0,56.06187050359712,0.0,28.6,33.0,25.5,6.5,30.2,2018-07,2018
2018-07-27,60.0,38.0,31.0,14.28754266211604,5.0,4.0,56.06187050359712,0.0,29.4,32.8,27.0,8.3,28.8,2018-07,2018
2018-07-28,72.0,40.0,28.0,14.28754266211604,4.0,4.0,56.06187050359712,0.0,29.6,32.9,27.3,7.9,27.7,2018-07,2018
2018-07-31,66.0,29.0,8.0,14.28754266211604,7.0,5.0,56.06187050359712,0.0,27.9,32.0,26.2,4.3,28.4,2018-07,2018
2018-08-02,41.0,26.0,23.0,14.28754266211604,5.0,5.0,56.06187050359712,0.0,28.0,32.0,25.9,6.1,27.4,2018-08,2018
2018-08-04,61.0,34.0,22.0,14.28754266211604,4.0,4.4577714691270405,56.06187050359712,4.6,27.9,30.8,24.8,8.3,28.1,2018-08,2018
2018-08-05,57.0,34.0,24.0,14.28754266211604,5.0,4.0,56.06187050359712,2.8,28.0,30.5,25.5,6.5,40.3,2018-08,2018
2018-08-06,67.0,42.0,23.0,14.28754266211604,5.0,4.0,56.06187050359712,0.0,28.6,31.7,27.0,7.2,27.7,2018-08,2018
2018-08-07,81.0,36.0,18.0,14.28754266211604,4.0,4.0,56.06187050359712,0.0,28.6,31.0,27.1,7.2,25.9,2018-08,2018
2018-08-10,60.0,37.0,29.0,14.28754266211604,5.0,6.0,56.06187050359712,0.0,29.3,32.4,27.3,6.5,26.3,2018-08,2018
2018-08-11,75.0,36.0,30.0,14.28754266211604,6.0,4.0,56.06187050359712,0.0,29.3,34.0,27.2,7.2,28.1,2018-08,2018
2018-08-12,70.0,39.0,25.0,14.28754266211604,6.0,4.0,56.06187050359712,0.0,29.6,33.4,27.3,6.8,25.6,2018-08,2018
2018-08-13,68.0,37.0,22.0,14.28754266211604,5.0,6.0,56.06187050359712,0.0,29.9,33.4,27.6,7.9,25.9,2018-08,2018
2018-08-14,62.0,39.0,25.0,14.28754266211604,4.0,4.0,56.06187050359712,2.2,29.5,33.1,27.9,8.6,32.0,2018-08,2018
2018-08-16,78.0,40.0,20.0,14.28754266211604,4.0,6.0,56.06187050359712,0.0,29.5,33.3,27.4,7.9,27.0,2018-08,2018
2018-08-17,65.0,38.0,31.0,14.28754266211604,5.0,5.0,56.06187050359712,0.0,28.6,30.7,25.6,8.3,39.2,2018-08,2018
2018-08-19,77.0,41.0,25.0,14.28754266211604,6.0,4.4577714691270405,56.06187050359712,0.0,29.1,32.2,27.6,10.1,36.0,2018-08,2018
2018-08-20,66.0,37.0,22.0,14.28754266211604,6.0,4.0,56.06187050359712,3.8,29.1,32.3,26.8,8.6,32.4,2018-08,2018
2018-08-21,64.0,35.0,13.0,14.28754266211604,5.0,5.0,56.06187050359712,0.0,29.2,33.6,27.2,7.9,30.2,2018-08,2018
2018-08-23,55.0,27.0,10.0,14.28754266211604,8.0,5.0,56.06187050359712,0.4,28.6,32.8,25.5,5.4,24.5,2018-08,2018
2018-08-24,59.0,27.0,16.0,14.28754266211604,5.0,6.0,56.06187050359712,11.2,26.7,29.1,23.9,5.0,30.2,2018-08,2018
2018-08-25,49.0,20.0,21.0,14.28754266211604,5.0,5.0,56.06187050359712,0.0,27.9,31.8,24.6,5.4,34.2,2018-08,2018
2018-08-26,38.0,30.0,20.0,14.28754266211604,4.0,5.0,56.06187050359712,0.0,29.3,33.2,26.3,6.1,25.2,2018-08,2018
2018-08-28,72.0,35.0,20.0,14.28754266211604,3.0,7.0,56.06187050359712,2.8,28.3,32.0,25.6,4.7,23.8,2018-08,2018
2018-08-29,58.0,28.0,18.0,14.28754266211604,5.0,5.0,56.06187050359712,0.2,28.1,30.9,26.0,5.4,26.6,2018-08,2018
2018-08-30,52.0,25.0,13.0,14.28754266211604,7.0,4.0,56.06187050359712,0.0,28.7,32.9,25.5,6.5,30.2,2018-08,2018
2018-09-01,65.0,38.0,8.0,14.28754266211604,6.0,8.0,56.06187050359712,6.6,27.1,33.0,23.8,3.2,32.0,2018-09,2018
2018-09-02,65.0,30.0,15.0,14.28754266211604,6.0,5.0,56.06187050359712,2.6,26.7,29.4,24.7,3.6,23.4,2018-09,2018
2018-09-03,46.0,25.0,5.0,14.28754266211604,5.0,5.0,56.06187050359712,0.2,27.9,30.8,25.1,5.8,35.6,2018-09,2018
2018-09-05,72.0,34.0,21.0,14.28754266211604,7.0,3.0,56.06187050359712,0.0,27.4,30.5,24.4,4.3,18.7,2018-09,2018
2018-09-06,68.0,42.0,7.0,14.28754266211604,4.0,5.0,56.06187050359712,0.0,28.2,32.1,25.8,4.7,23.4,2018-09,2018
2018-09-08,61.0,29.0,13.0,14.28754266211604,7.0,4.0,56.06187050359712,10.8,26.7,30.0,23.0,5.0,37.8,2018-09,2018
2018-09-09,52.0,28.0,14.0,14.28754266211604,5.0,4.0,56.06187050359712,11.2,27.4,30.7,24.4,4.3,28.4,2018-09,2018
2018-09-10,65.0,39.0,8.0,14.28754266211604,5.0,7.0,56.06187050359712,4.6,27.1,31.1,24.6,5.0,32.0,2018-09,2018
2018-09-11,68.0,27.0,12.0,14.28754266211604,5.0,4.0,56.06187050359712,0.4,26.5,29.9,24.9,4.3,31.7,2018-09,2018
2018-09-12,45.0,29.0,21.0,14.28754266211604,4.0,4.0,56.06187050359712,0.2,27.6,31.0,25.1,5.4,26.6,2018-09,2018
2018-09-13,57.0,37.0,26.0,14.28754266211604,4.0,4.0,56.06187050359712,0.0,29.1,33.1,26.5,5.8,28.1,2018-09,2018
2018-09-14,68.0,40.0,24.0,14.28754266211604,5.0,4.0,56.06187050359712,0.0,29.1,32.8,26.8,7.2,33.5,2018-09,2018
2018-09-15,71.0,41.0,27.0,14.28754266211604,6.0,4.0,56.06187050359712,0.0,28.7,31.4,27.2,7.2,27.7,2018-09,2018
2018-09-16,70.0,38.0,27.0,14.28754266211604,6.0,4.0,56.06187050359712,0.0,28.6,30.5,27.3,7.2,30.6,2018-09,2018
2018-09-17,64.0,36.0,16.0,14.28754266211604,4.0,4.0,56.06187050359712,0.0,29.2,32.6,27.2,8.3,32.4,2018-09,2018
2018-09-22,50.0,30.0,25.0,14.28754266211604,3.0,5.0,56.06187050359712,2.4,26.9,32.1,24.4,4.3,22.0,2018-09,2018
2018-09-23,57.0,33.0,28.0,14.28754266211604,3.0,4.0,56.06187050359712,0.0,28.7,33.0,24.8,6.1,32.8,2018-09,2018
2018-09-24,68.0,38.0,27.0,14.28754266211604,4.0,4.0,56.06187050359712,0.0,29.3,32.9,26.2,6.8,27.4,2018-09,2018
2018-09-26,67.0,35.0,18.0,14.28754266211604,4.0,5.0,56.06187050359712,0.0,28.8,32.4,26.8,7.9,29.2,2018-09,2018
2018-09-27,63.0,35.0,20.0,14.28754266211604,4.0,4.0,56.06187050359712,0.0,29.4,33.0,26.5,6.5,28.4,2018-09,2018
2018-09-28,66.0,39.0,31.0,14.28754266211604,4.0,4.0,56.06187050359712,0.0,29.6,33.5,27.2,7.9,27.0,2018-09,2018
2018-09-29,67.0,37.0,29.0,14.28754266211604,4.0,4.0,56.06187050359712,0.0,29.5,33.7,27.2,8.6,29.9,2018-09,2018
2018-09-30,62.0,36.0,26.0,14.28754266211604,3.0,4.0,56.06187050359712,0.0,29.5,33.1,27.2,9.7,35.6,2018-09,2018
2018-04-02,78.0,37.0,27.0,14.28754266211604,4.546296296296297,4.0,56.06187050359712,0.0,28.1,32.5,25.4,6.1,27.0,2018-04,2018
2018-04-03,63.0,35.0,30.0,14.28754266211604,3.0,4.4577714691270405,56.06187050359712,0.0,28.4,32.6,25.9,6.8,28.8,2018-04,2018
2018-04-04,65.0,32.0,24.0,14.28754266211604,3.0,4.0,56.06187050359712,0.0,28.5,33.3,25.4,7.2,25.6,2018-04,2018
2018-04-05,54.0,29.0,20.0,14.28754266211604,4.546296296296297,4.0,56.06187050359712,2.0,28.2,33.1,25.5,6.5,27.0,2018-04,2018
2018-04-06,61.0,29.0,19.0,14.28754266211604,2.0,4.0,56.06187050359712,7.0,28.0,34.3,25.4,6.1,32.0,2018-04,2018
2018-04-08,54.0,26.0,21.0,14.28754266211604,4.546296296296297,4.4577714691270405,56.06187050359712,0.4,28.1,31.9,26.0,7.9,31.7,2018-04,2018
2018-04-09,54.0,29.0,20.0,14.28754266211604,3.0,4.0,56.06187050359712,0.0,28.4,32.2,26.0,9.0,38.5,2018-04,2018
2018-04-10,52.0,25.0,19.0,14.28754266211604,3.0,4.0,56.06187050359712,0.0,28.5,32.5,26.1,6.5,28.1,2018-04,2018
2018-04-11,48.0,22.0,18.0,14.28754266211604,3.0,3.0,56.06187050359712,0.0,29.1,33.5,26.2,7.2,31.3,2018-04,2018
2018-04-12,44.0,20.0,12.0,14.28754266211604,2.0,3.0,56.06187050359712,0.0,29.3,33.6,26.5,6.5,28.1,2018-04,2018
2018-04-13,43.0,29.0,11.0,14.28754266211604,2.0,4.0,56.06187050359712,0.0,29.2,33.7,26.7,7.9,36.7,2018-04,2018
2018-04-15,68.0,31.0,5.0,14.28754266211604,3.0,4.0,56.06187050359712,7.2,26.8,32.7,24.5,4.3,22.0,2018-04,2018
2018-04-16,48.0,37.0,12.0,14.28754266211604,5.0,6.0,56.06187050359712,9.8,26.2,29.9,25.1,4.0,29.2,2018-04,2018
2018-04-17,59.0,29.0,11.0,14.28754266211604,3.0,3.0,56.06187050359712,0.4,27.7,32.9,25.2,4.3,21.2,2018-04,2018
2018-04-18,37.0,30.0,8.0,14.28754266211604,2.0,3.0,56.06187050359712,0.0,28.5,33.0,25.9,6.8,30.2,2018-04,2018
2018-04-19,53.0,32.0,13.0,14.28754266211604,3.0,4.0,56.06187050359712,0.2,28.1,33.1,25.9,4.7,39.6,2018-04,2018
2018-04-21,51.0,32.0,16.0,14.28754266211604,4.0,4.0,56.06187050359712,1.4,26.5,31.5,24.8,3.6,28.4,2018-04,2018
2018-04-22,52.0,31.0,15.0,14.28754266211604,3.0,4.0,56.06187050359712,0.0,27.8,33.4,25.2,4.0,25.6,2018-04,2018
2018-04-23,53.0,37.0,24.0,14.28754266211604,6.0,6.0,56.06187050359712,17.4,27.1,32.7,23.6,4.0,29.9,2018-04,2018
2018-04-24,73.0,40.0,23.0,14.28754266211604,6.0,5.0,56.06187050359712,0.0,28.2,31.7,25.1,5.0,21.6,2018-04,2018
2018-04-25,64.0,37.0,24.0,14.28754266211604,4.0,5.0,56.06187050359712,0.0,29.9,34.1,26.6,5.0,25.6,2018-04,2018
2018-04-28,72.0,37.0,16.0,14.28754266211604,4.0,6.0,56.06187050359712,0.2,27.5,32.3,24.8,4.0,31.0,2018-04,2018
2018-04-29,51.0,27.0,9.0,14.28754266211604,3.0,4.0,56.06187050359712,0.0,29.3,33.0,25.7,6.1,28.8,2018-04,2018
2018-04-30,46.0,32.0,9.0,14.28754266211604,4.546296296296297,4.0,56.06187050359712,0.0,29.1,34.0,27.5,7.2,34.2,2018-04,2018
2018-05-01,53.0,38.0,16.0,14.28754266211604,4.0,5.0,56.06187050359712,3.2,26.8,29.1,25.7,3.6,23.8,2018-05,2018
2018-05-02,65.0,45.0,20.0,14.28754266211604,4.0,6.0,56.06187050359712,9.8,27.7,33.9,24.7,3.6,41.4,2018-05,2018
2018-05-04,74.0,36.0,16.0,14.28754266211604,4.0,4.0,56.06187050359712,16.0,28.6,33.2,24.8,4.3,25.9,2018-05,2018
2018-05-05,61.0,37.0,15.0,14.28754266211604,4.0,5.0,56.06187050359712,0.2,28.4,32.2,25.5,4.0,23.0,2018-05,2018
2018-05-06,61.0,41.0,19.0,14.28754266211604,5.0,5.0,56.06187050359712,0.0,29.2,33.4,26.6,5.0,31.0,2018-05,2018
2018-05-07,66.0,34.0,11.0,14.28754266211604,5.0,4.0,56.06187050359712,0.0,29.8,33.9,26.3,5.8,25.9,2018-05,2018
2018-05-08,46.0,31.0,14.0,14.28754266211604,4.0,3.0,56.06187050359712,0.0,30.1,34.2,27.4,8.3,31.7,2018-05,2018
2018-05-09,42.0,27.0,9.0,14.28754266211604,4.0,3.0,56.06187050359712,0.0,30.2,33.7,28.3,9.7,32.8,2018-05,2018
2018-05-10,41.0,29.0,10.0,14.28754266211604,5.0,3.0,56.06187050359712,0.0,29.6,32.6,27.5,7.9,40.0,2018-05,2018
2018-05-11,42.0,26.0,13.0,14.28754266211604,5.0,4.0,56.06187050359712,5.6,29.2,33.2,26.8,5.8,30.6,2018-05,2018
2018-05-12,44.0,27.0,11.0,14.28754266211604,5.0,4.0,56.06187050359712,2.6,29.5,34.1,27.1,6.5,26.3,2018-05,2018
2018-05-13,37.0,26.0,11.0,14.28754266211604,5.0,4.0,56.06187050359712,3.4,28.1,31.4,25.8,4.3,27.4,2018-05,2018
2018-05-14,44.0,28.0,13.0,14.28754266211604,7.0,5.0,56.06187050359712,0.6,28.8,33.2,25.3,5.4,24.8,2018-05,2018
2018-05-15,40.0,29.0,13.0,14.28754266211604,5.0,6.0,56.06187050359712,2.8,28.2,32.1,26.0,4.0,32.0,2018-05,2018
2018-05-21,78.0,35.0,13.0,14.28754266211604,6.0,3.0,56.06187050359712,0.0,28.6,32.5,25.9,4.0,18.7,2018-05,2018
2018-05-22,40.0,39.0,15.0,14.28754266211604,6.0,5.0,56.06187050359712,0.0,28.6,32.6,26.5,4.3,28.1,2018-05,2018
2018-05-24,38.0,30.0,17.0,14.28754266211604,5.0,4.0,56.06187050359712,0.4,28.5,34.3,24.1,6.8,29.9,2018-05,2018
2018-05-25,46.0,29.0,9.0,14.28754266211604,3.0,4.0,56.06187050359712,0.0,29.3,33.3,26.2,5.0,27.0,2018-05,2018
2018-05-27,52.0,31.0,8.0,14.28754266211604,9.0,5.0,56.06187050359712,0.2,27.7,31.7,25.6,4.0,21.6,2018-05,2018
2018-05-28,55.0,29.0,15.0,14.28754266211604,7.0,5.0,56.06187050359712,7.6,27.6,30.8,24.9,4.3,33.1,2018-05,2018
2018-05-29,44.0,34.0,13.0,14.28754266211604,12.0,5.0,56.06187050359712,3.0,28.0,32.6,25.6,4.0,29.5,2018-05,2018
2018-05-30,61.0,35.0,8.0,14.28754266211604,7.0,4.0,56.06187050359712,0.0,27.6,32.2,25.8,3.6,20.5,2018-05,2018
2018-05-31,63.0,40.0,11.0,14.28754266211604,7.0,5.0,56.06187050359712,1.0,27.6,31.1,24.2,4.0,30.2,2018-05,2018
2018-06-03,74.0,34.0,18.0,14.28754266211604,6.0,4.0,56.06187050359712,0.0,29.2,32.9,26.1,4.0,23.4,2018-06,2018
2018-06-04,43.0,33.0,18.0,14.28754266211604,4.0,4.0,56.06187050359712,2.2,29.9,33.8,25.3,5.4,28.1,2018-06,2018
2018-06-07,70.0,42.0,14.0,14.28754266211604,4.0,4.0,56.06187050359712,0.0,30.4,33.5,28.2,7.2,29.5,2018-06,2018
2018-06-08,67.0,44.0,17.0,14.28754266211604,9.0,4.0,56.06187050359712,8.4,29.2,32.4,23.1,6.8,44.6,2018-06,2018
2018-06-09,85.0,45.0,14.0,14.28754266211604,5.0,4.0,56.06187050359712,0.0,29.6,32.5,26.8,4.3,21.6,2018-06,2018
2018-06-10,72.0,37.0,14.0,14.28754266211604,3.0,8.0,56.06187050359712,0.0,29.7,32.4,28.3,6.8,29.9,2018-06,2018
2018-06-11,60.0,38.0,11.0,14.28754266211604,2.0,3.0,56.06187050359712,0.0,30.1,32.8,28.5,7.2,33.5,2018-06,2018
2018-06-12,59.0,34.0,6.0,14.28754266211604,2.0,4.0,56.06187050359712,0.0,30.0,32.5,28.6,6.1,30.6,2018-06,2018
2018-06-13,42.0,33.0,7.0,14.28754266211604,4.0,5.0,56.06187050359712,15.0,28.3,32.2,24.1,5.8,33.1,2018-06,2018
2018-06-14,57.0,30.0,6.0,14.28754266211604,5.0,4.0,56.06187050359712,6.592382271468144,27.924672639558924,31.916264645072363,25.24879393521709,5.893737095664142,30.50943526170799,2018-06,2018
2018-06-15,45.0,30.0,14.0,14.28754266211604,5.0,5.0,56.06187050359712,6.592382271468144,27.924672639558924,31.916264645072363,25.24879393521709,5.893737095664142,30.50943526170799,2018-06,2018
2018-06-17,54.0,29.0,6.0,14.28754266211604,4.0,5.0,56.06187050359712,6.592382271468144,27.924672639558924,31.916264645072363,25.24879393521709,5.893737095664142,30.50943526170799,2018-06,2018
2018-06-19,46.0,32.0,3.0,14.28754266211604,5.0,3.0,56.06187050359712,10.2,27.4,30.1,23.0,6.5,32.4,2018-06,2018
2018-06-20,46.0,37.0,6.0,14.28754266211604,3.0,6.0,56.06187050359712,9.0,26.6,30.0,23.9,4.0,40.3,2018-06,2018
2018-06-22,74.0,31.0,5.0,14.28754266211604,2.0,4.0,56.06187050359712,0.0,28.4,32.7,25.5,5.0,25.2,2018-06,2018
2018-06-24,49.0,26.0,7.0,14.28754266211604,5.0,3.0,56.06187050359712,0.0,26.7,29.7,24.3,6.1,30.6,2018-06,2018
2018-06-25,41.0,27.0,5.0,14.28754266211604,4.0,4.0,56.06187050359712,5.6,26.6,30.0,23.2,5.4,29.2,2018-06,2018
2018-06-26,47.0,28.0,3.0,14.28754266211604,4.0,4.0,56.06187050359712,9.4,26.5,27.9,23.6,4.0,23.8,2018-06,2018
2018-06-28,36.0,23.0,3.0,14.28754266211604,2.0,4.0,56.06187050359712,0.0,27.9,31.6,24.9,5.0,24.8,2018-06,2018
2018-06-30,32.0,23.0,5.0,14.28754266211604,1.0,3.0,56.06187050359712,0.0,27.8,30.6,25.4,5.0,20.9,2018-06,2018
2018-01-04,43.0,18.0,10.0,11.0,2.0,5.0,56.06187050359712,0.2,26.1,28.6,24.5,5.4,22.7,2018-01,2018
2018-01-05,42.0,21.0,28.0,15.0,2.0,5.0,56.06187050359712,2.8,25.9,28.4,24.8,4.0,16.6,2018-01,2018
2018-01-06,56.0,20.0,19.0,14.0,3.0,4.0,56.06187050359712,0.0,27.1,30.5,24.5,4.7,20.2,2018-01,2018
2018-01-07,49.0,18.0,22.0,12.0,2.0,5.0,56.06187050359712,10.2,26.6,30.7,24.1,5.4,28.4,2018-01,2018
2018-01-09,47.0,18.0,3.0,10.0,2.0,5.0,56.06187050359712,4.4,26.7,32.1,24.7,5.4,25.9,2018-01,2018
2018-01-16,41.0,23.0,15.0,19.0,4.546296296296297,4.0,56.06187050359712,0.0,26.0,29.3,23.3,6.1,22.0,2018-01,2018
2018-01-18,41.0,22.0,17.0,21.0,4.546296296296297,5.0,56.06187050359712,2.6,26.9,31.1,24.2,7.9,31.7,2018-01,2018
2018-01-20,45.0,18.0,23.0,17.0,1.0,4.0,56.06187050359712,6.2,26.3,32.7,24.5,4.0,25.9,2018-01,2018
2018-01-21,28.0,15.0,24.0,19.0,1.0,4.0,56.06187050359712,0.6,27.7,33.5,24.5,5.4,23.8,2018-01,2018
2018-01-22,37.0,19.0,11.0,17.0,1.0,4.0,56.06187050359712,0.0,27.8,32.7,25.0,5.8,27.4,2018-01,2018
2018-01-23,37.0,17.0,17.0,20.0,1.0,5.0,56.06187050359712,6.6,26.8,30.7,25.1,5.0,26.3,2018-01,2018
2018-01-24,33.0,17.0,13.0,12.0,1.0,4.0,56.06187050359712,6.8,26.8,31.5,24.0,4.7,31.7,2018-01,2018
2018-01-25,35.0,23.0,4.0,9.0,1.0,5.0,56.06187050359712,3.6,26.4,30.9,24.0,4.3,27.0,2018-01,2018
2018-01-26,51.0,26.0,11.0,7.0,1.0,5.0,56.06187050359712,13.0,26.3,30.8,23.9,4.7,25.6,2018-01,2018
2018-01-27,48.0,22.0,13.0,6.0,1.0,5.0,56.06187050359712,0.0,27.3,32.6,24.7,5.4,21.2,2018-01,2018
2018-01-28,43.0,21.0,21.0,7.0,1.0,7.0,56.06187050359712,12.8,26.4,32.5,23.5,4.3,24.8,2018-01,2018
2018-01-29,47.0,24.0,15.0,6.0,4.546296296296297,6.0,56.06187050359712,0.0,27.8,32.8,24.3,6.5,29.5,2018-01,2018
2018-01-30,57.0,28.0,10.0,8.0,4.546296296296297,5.0,56.06187050359712,16.4,27.2,33.6,23.5,5.8,41.8,2018-01,2018
2018-02-01,44.0,28.0,5.0,13.0,4.546296296296297,6.0,56.06187050359712,3.2,27.8,31.8,25.3,8.3,32.4,2018-02,2018
2018-02-03,59.0,41.0,25.0,9.0,1.0,5.0,56.06187050359712,0.2,26.9,30.5,24.2,9.4,41.4,2018-02,2018
2018-02-04,62.0,43.0,23.0,15.0,4.546296296296297,4.0,56.06187050359712,3.6,26.2,29.6,24.5,8.6,42.8,2018-02,2018
2018-02-07,66.0,43.0,24.0,19.0,2.0,5.0,56.06187050359712,0.0,25.5,28.4,23.8,9.0,38.2,2018-02,2018
2018-02-12,70.0,43.0,19.0,20.0,2.0,4.0,56.06187050359712,0.0,26.8,30.8,24.2,10.1,36.7,2018-02,2018
2018-02-13,54.0,36.0,17.0,15.0,2.0,4.0,56.06187050359712,0.0,26.7,31.6,24.2,8.6,33.5,2018-02,2018
2018-02-14,60.0,38.0,28.0,10.0,2.0,4.0,56.06187050359712,0.0,26.5,31.0,24.1,9.0,36.0,2018-02,2018
2018-02-15,66.0,36.0,39.0,15.0,4.0,5.0,56.06187050359712,11.4,27.0,33.2,24.3,6.1,25.2,2018-02,2018
2018-02-16,81.0,34.0,29.0,8.0,5.0,4.4577714691270405,56.06187050359712,0.0,27.2,32.8,24.2,5.8,23.8,2018-02,2018
2018-02-17,66.0,34.0,30.0,10.0,2.0,5.0,56.06187050359712,6.0,27.1,33.3,24.3,6.5,32.8,2018-02,2018
2018-02-18,84.0,36.0,14.0,14.0,2.0,3.0,56.06187050359712,0.0,27.4,32.6,24.7,6.5,28.8,2018-02,2018
2018-02-19,63.0,31.0,16.0,13.0,2.0,4.0,56.06187050359712,0.0,27.2,32.1,24.0,8.3,39.2,2018-02,2018
2018-02-20,57.0,37.0,16.0,13.0,2.0,4.0,56.06187050359712,0.0,27.5,31.9,24.5,7.6,32.4,2018-02,2018
2018-02-21,60.0,39.0,18.0,13.0,2.0,4.0,56.06187050359712,0.0,27.4,31.4,24.7,7.6,34.2,2018-02,2018
2018-02-22,52.0,32.0,9.0,16.0,2.0,4.0,56.06187050359712,0.0,27.8,33.1,24.8,7.6,34.2,2018-02,2018
2018-02-23,51.0,26.0,8.0,13.0,2.0,5.0,56.06187050359712,2.6,26.7,31.9,24.5,6.5,31.3,2018-02,2018
2018-02-25,50.0,33.0,12.0,14.0,4.546296296296297,3.0,56.06187050359712,0.2,26.8,31.0,24.2,7.2,31.3,2018-02,2018
2018-02-26,59.0,38.0,9.0,10.0,1.0,3.0,56.06187050359712,0.0,27.1,30.6,25.0,8.3,32.4,2018-02,2018
2018-02-27,52.0,24.0,8.0,6.0,1.0,3.0,56.06187050359712,0.0,27.1,31.2,24.7,8.3,32.8,2018-02,2018
2018-03-01,44.0,19.0,8.0,10.0,1.0,2.0,56.06187050359712,0.0,27.6,31.8,24.8,6.8,29.2,2018-03,2018
2018-03-03,37.0,18.0,12.0,12.0,1.0,3.0,56.06187050359712,6.0,27.4,33.0,25.2,6.1,31.7,2018-03,2018
2018-03-04,44.0,18.0,10.0,7.0,1.0,3.0,56.06187050359712,0.2,27.6,32.6,25.1,4.0,23.8,2018-03,2018
2018-03-05,43.0,23.0,12.0,10.0,1.0,3.0,56.06187050359712,0.0,28.2,32.8,25.5,7.2,32.8,2018-03,2018
2018-03-06,50.0,20.0,6.0,14.0,1.0,3.0,56.06187050359712,0.0,28.6,34.5,25.3,5.4,32.8,2018-03,2018
2018-03-07,36.0,19.0,7.0,14.0,1.0,3.0,56.06187050359712,11.2,26.1,28.6,24.3,5.4,30.6,2018-03,2018
2018-03-08,40.0,22.0,9.0,7.0,1.0,2.0,56.06187050359712,0.0,26.6,29.3,24.8,6.1,27.7,2018-03,2018
2018-03-12,61.0,29.0,11.0,6.0,4.546296296296297,3.0,56.06187050359712,3.4,27.3,30.1,25.3,7.2,32.0,2018-03,2018
2018-03-13,53.0,25.0,12.0,10.0,1.0,2.0,56.06187050359712,0.0,27.8,31.7,25.6,7.6,33.8,2018-03,2018
2018-03-14,53.0,27.0,17.0,11.0,1.0,2.0,56.06187050359712,0.0,28.2,33.2,25.3,6.8,31.3,2018-03,2018
2018-03-16,46.0,19.0,14.0,7.0,1.0,4.4577714691270405,56.06187050359712,2.8,28.1,32.5,26.2,7.2,31.0,2018-03,2018
2018-03-17,38.0,17.0,13.0,7.0,1.0,4.4577714691270405,56.06187050359712,0.0,28.4,33.8,25.6,7.2,36.4,2018-03,2018
2018-03-18,41.0,20.0,12.0,8.0,2.0,3.0,56.06187050359712,0.0,28.2,32.5,25.5,7.6,41.0,2018-03,2018
2018-03-19,45.0,19.0,12.0,18.0,2.0,3.0,56.06187050359712,0.0,28.6,33.5,25.7,6.5,29.5,2018-03,2018
2018-03-21,70.0,26.0,12.0,14.0,3.0,2.0,56.06187050359712,0.0,28.1,33.1,25.6,4.7,24.8,2018-03,2018
2018-03-22,45.0,20.0,11.0,14.0,1.0,2.0,56.06187050359712,0.0,28.5,33.6,25.9,9.0,35.6,2018-03,2018
2018-03-23,48.0,20.0,15.0,13.0,1.0,3.0,56.06187050359712,0.0,28.4,32.9,25.6,8.6,33.1,2018-03,2018
2018-03-24,47.0,28.0,16.0,9.0,1.0,3.0,56.06187050359712,0.0,27.8,32.3,25.0,7.2,35.3,2018-03,2018
2018-03-25,53.0,20.0,15.0,15.0,1.0,3.0,56.06187050359712,1.8,26.5,29.7,24.3,4.3,22.7,2018-03,2018
2018-03-29,53.0,24.86731167933656,17.89288182446441,14.28754266211604,4.546296296296297,4.4577714691270405,56.06187050359712,0.0,26.5,30.6,24.4,4.3,19.4,2018-03,2018
2017-10-01,52.0,21.0,15.0,14.0,7.0,5.0,56.06187050359712,9.6,26.7,29.4,25.3,4.0,37.1,2017-10,2017
2017-10-02,50.0,26.0,9.0,20.0,8.0,7.0,56.06187050359712,0.0,28.0,32.4,24.6,4.7,24.5,2017-10,2017
2017-10-03,73.0,21.0,8.0,18.0,7.0,4.0,56.06187050359712,0.8,27.3,31.6,25.4,4.0,32.0,2017-10,2017
2017-10-04,37.0,16.0,18.0,17.0,9.0,5.0,56.06187050359712,1.8,25.8,28.2,23.8,4.7,24.1,2017-10,2017
2017-10-05,43.0,18.0,11.0,17.0,6.0,5.0,56.06187050359712,0.0,27.5,32.7,24.7,3.6,21.2,2017-10,2017
2017-10-06,50.0,26.0,34.0,18.0,4.0,7.0,56.06187050359712,2.2,27.8,33.2,25.5,4.0,20.9,2017-10,2017
2017-10-08,58.0,22.0,16.0,18.0,4.0,6.0,56.06187050359712,7.6,26.9,31.4,24.4,4.0,35.3,2017-10,2017
2017-10-18,56.0,23.0,37.0,16.0,9.0,4.0,56.06187050359712,0.0,30.8,35.2,27.6,6.1,23.8,2017-10,2017
2017-10-21,78.0,38.0,24.0,18.0,11.0,5.0,56.06187050359712,0.0,29.8,33.9,27.4,5.0,29.2,2017-10,2017
2017-10-22,80.0,29.0,20.0,17.0,12.0,5.0,56.06187050359712,0.0,29.3,32.1,26.5,5.8,35.3,2017-10,2017
2017-10-27,82.0,26.0,32.0,17.0,7.0,6.0,56.06187050359712,0.0,27.5,30.7,25.5,4.0,19.4,2017-10,2017
2017-10-28,59.0,23.0,20.0,21.0,4.0,5.0,56.06187050359712,0.0,28.6,34.2,25.7,5.8,31.0,2017-10,2017
2017-10-29,49.0,18.0,16.0,18.0,3.0,6.0,56.06187050359712,2.2,26.5,31.8,24.6,3.6,20.2,2017-10,2017
2017-10-30,37.0,15.0,16.0,17.0,1.0,5.0,56.06187050359712,9.2,26.7,29.2,25.0,4.0,20.5,2017-10,2017
2017-11-04,41.0,15.0,18.0,12.0,7.0,8.0,56.06187050359712,11.6,27.3,32.4,23.6,5.0,27.7,2017-11,2017
2017-11-07,52.0,22.0,17.0,12.0,5.0,5.0,56.06187050359712,1.8,26.7,29.8,24.7,4.0,20.2,2017-11,2017
2017-11-08,32.0,15.0,27.0,16.0,2.0,5.0,56.06187050359712,0.2,27.1,31.0,24.1,6.8,29.9,2017-11,2017
2017-11-10,35.0,17.0,8.0,20.0,3.0,8.0,56.06187050359712,15.2,25.8,31.5,23.6,3.6,25.6,2017-11,2017
2017-11-12,46.0,14.0,22.0,20.0,6.0,5.0,56.06187050359712,2.0,27.4,31.3,24.6,4.7,32.8,2017-11,2017
2017-11-15,50.0,25.0,23.0,22.0,6.0,7.0,56.06187050359712,0.0,27.1,31.6,24.8,4.7,22.0,2017-11,2017
2017-11-16,73.0,21.0,15.0,20.0,6.0,5.0,56.06187050359712,4.0,28.0,33.0,25.3,4.3,25.9,2017-11,2017
2017-11-17,45.0,19.0,31.0,19.0,11.0,5.0,56.06187050359712,2.8,27.4,31.2,24.3,5.0,29.5,2017-11,2017
2017-11-19,43.0,20.0,22.0,19.0,5.0,6.0,56.06187050359712,0.0,28.4,32.4,26.1,5.0,24.5,2017-11,2017
2017-11-21,57.0,23.0,23.0,19.0,5.0,6.0,56.06187050359712,1.8,25.9,28.0,23.7,4.0,29.2,2017-11,2017
2017-11-22,56.0,19.0,7.0,13.0,2.0,5.0,56.06187050359712,0.0,27.7,33.9,24.7,4.3,24.5,2017-11,2017
2017-11-24,21.0,15.0,16.0,13.0,2.0,5.0,56.06187050359712,0.2,26.5,30.6,24.3,5.8,37.8,2017-11,2017
2017-11-25,27.0,14.0,14.0,12.0,2.0,5.0,56.06187050359712,0.0,27.6,32.7,24.9,4.7,23.0,2017-11,2017
2017-11-26,35.0,12.0,8.0,11.0,2.0,5.0,56.06187050359712,16.8,26.5,30.3,24.0,4.0,31.7,2017-11,2017
2017-11-28,31.0,14.0,27.0,9.0,1.0,5.0,56.06187050359712,1.2,26.8,30.8,24.8,6.1,27.4,2017-11,2017
2017-11-29,32.0,11.0,31.0,7.0,2.0,5.0,56.06187050359712,3.2,27.3,31.1,24.8,7.6,29.5,2017-11,2017
2017-11-30,22.0,15.0,26.0,13.0,2.0,5.0,56.06187050359712,0.0,28.0,31.9,25.6,8.6,37.4,2017-11,2017
2017-12-01,38.0,16.0,30.0,13.0,4.0,5.0,56.06187050359712,0.0,28.6,34.6,25.6,5.8,29.5,2017-12,2017
2017-12-02,39.0,19.0,33.0,11.0,6.0,4.4577714691270405,56.06187050359712,0.0,28.9,34.3,25.2,5.4,22.7,2017-12,2017
2017-12-03,39.0,19.0,23.0,15.0,4.0,5.0,56.06187050359712,0.0,28.8,32.9,26.4,5.0,21.2,2017-12,2017
2017-12-04,48.0,25.0,21.0,14.0,4.0,5.0,56.06187050359712,0.2,27.6,32.3,25.9,4.3,19.8,2017-12,2017
2017-12-05,57.0,22.0,30.0,20.0,8.0,4.4577714691270405,56.06187050359712,2.0,28.1,32.6,26.0,4.7,28.1,2017-12,2017
2017-12-06,57.0,19.0,17.0,17.0,6.0,5.0,56.06187050359712,0.0,28.3,33.5,25.6,4.7,23.0,2017-12,2017
2017-12-07,35.0,14.0,18.0,10.0,2.0,5.0,56.06187050359712,8.8,26.9,31.6,24.8,4.3,20.9,2017-12,2017
2017-12-08,24.0,11.0,14.0,15.0,2.0,5.0,56.06187050359712,0.2,27.0,29.5,25.2,6.5,31.0,2017-12,2017
2017-12-14,58.0,26.0,26.0,17.0,4.0,6.0,56.06187050359712,0.6,27.0,33.3,24.2,4.7,44.6,2017-12,2017
2017-12-16,57.0,22.0,25.0,8.0,2.0,5.0,56.06187050359712,4.4,26.6,31.0,24.4,5.4,31.0,2017-12,2017
2017-12-17,42.0,25.0,26.0,14.0,2.0,5.0,56.06187050359712,0.0,27.1,31.8,24.8,8.3,40.3,2017-12,2017
2017-12-18,57.0,29.0,26.0,16.0,2.0,6.0,56.06187050359712,0.0,27.3,30.7,25.3,9.0,40.7,2017-12,2017
2017-12-19,47.0,23.0,28.0,16.0,4.546296296296297,6.0,56.06187050359712,3.6,26.0,30.1,24.3,8.6,37.1,2017-12,2017
2017-12-20,58.0,30.0,34.0,12.0,2.0,6.0,56.06187050359712,0.0,26.7,30.4,24.4,8.3,34.6,2017-12,2017
2017-12-21,63.0,29.0,30.0,16.0,2.0,6.0,56.06187050359712,0.0,27.4,31.3,25.1,7.9,35.6,2017-12,2017
2017-12-23,35.0,14.0,23.0,8.0,2.0,5.0,56.06187050359712,6.6,27.4,32.2,23.9,6.1,28.4,2017-12,2017
2017-12-27,46.0,16.0,18.0,19.0,4.0,5.0,56.06187050359712,9.0,26.4,30.6,23.5,5.0,20.2,2017-12,2017
2017-12-28,33.0,18.0,13.0,13.0,3.0,5.0,56.06187050359712,4.4,26.7,31.8,24.9,5.8,30.2,2017-12,2017
2017-12-29,46.0,19.0,10.0,13.0,2.0,4.0,56.06187050359712,0.0,27.5,31.1,25.4,8.3,36.4,2017-12,2017
2017-12-30,46.0,16.0,8.0,13.0,2.0,5.0,56.06187050359712,6.6,26.3,29.3,24.6,7.2,41.4,2017-12,2017
2017-07-01,24.0,14.0,13.0,11.0,5.0,5.0,56.06187050359712,0.0,29.2,32.0,27.5,6.8,27.0,2017-07,2017
2017-07-02,37.0,15.0,10.0,13.0,7.0,5.0,56.06187050359712,0.0,28.7,32.1,25.9,5.8,28.4,2017-07,2017
2017-07-03,39.0,14.0,15.0,12.0,12.0,5.0,56.06187050359712,0.2,27.2,29.3,24.9,6.5,33.8,2017-07,2017
2017-07-04,34.0,13.0,8.0,14.0,10.0,5.0,56.06187050359712,0.0,28.7,32.9,25.3,5.4,25.6,2017-07,2017
2017-07-06,40.0,14.0,16.0,13.0,5.0,4.0,56.06187050359712,0.0,27.6,30.8,24.9,6.5,33.8,2017-07,2017
2017-07-07,38.0,17.0,16.0,14.0,6.0,4.0,56.06187050359712,0.0,28.9,32.1,26.9,6.1,27.4,2017-07,2017
2017-07-08,51.0,16.0,15.0,10.0,6.0,3.0,56.06187050359712,14.0,28.2,31.1,23.9,5.8,30.2,2017-07,2017
2017-07-09,34.0,11.0,15.0,13.0,6.0,4.0,56.06187050359712,2.8,27.9,30.5,25.4,6.5,28.1,2017-07,2017
2017-07-10,30.0,14.0,12.0,17.0,12.0,4.0,56.06187050359712,0.0,29.5,33.3,26.4,4.7,25.6,2017-07,2017
2017-07-12,29.0,15.0,13.0,15.0,3.0,4.0,56.06187050359712,7.4,26.2,28.0,23.1,5.8,30.6,2017-07,2017
2017-07-13,45.0,18.0,6.0,19.0,4.0,5.0,56.06187050359712,2.0,27.4,30.2,25.2,5.0,26.3,2017-07,2017
2017-07-15,60.0,20.0,15.0,8.0,5.0,3.0,56.06187050359712,6.592382271468144,27.3,31.5,23.8,6.1,36.0,2017-07,2017
2017-07-16,37.0,13.0,24.0,9.0,2.0,4.0,56.06187050359712,6.592382271468144,28.6,32.2,26.8,8.3,33.5,2017-07,2017
2017-07-17,48.0,20.0,19.0,14.0,4.0,4.4577714691270405,56.06187050359712,6.592382271468144,29.0,32.1,26.8,7.2,32.4,2017-07,2017
2017-07-18,53.0,18.0,17.0,12.0,4.0,4.4577714691270405,56.06187050359712,6.592382271468144,28.6,31.3,27.2,6.5,29.2,2017-07,2017
2017-07-19,41.0,14.0,15.0,13.0,5.0,4.4577714691270405,56.06187050359712,6.592382271468144,28.9,32.7,26.7,6.1,21.6,2017-07,2017
2017-07-20,37.0,16.0,21.0,10.0,5.0,4.0,56.06187050359712,0.0,28.8,32.1,27.1,6.5,23.8,2017-07,2017
2017-07-21,41.0,18.0,18.0,8.0,5.0,4.0,56.06187050359712,0.0,29.4,33.0,27.4,7.6,26.3,2017-07,2017
2017-07-22,43.0,18.0,18.0,8.0,5.0,4.0,56.06187050359712,0.0,29.6,33.2,27.7,8.3,29.9,2017-07,2017
2017-07-23,44.0,16.0,17.0,8.0,4.0,4.0,56.06187050359712,0.0,29.5,33.4,27.4,7.9,29.2,2017-07,2017
2017-07-24,46.0,20.0,22.0,10.0,4.0,4.0,56.06187050359712,0.0,29.4,32.0,27.6,8.3,28.4,2017-07,2017
2017-07-25,57.0,25.0,21.0,11.0,4.0,4.0,56.06187050359712,0.0,29.4,32.8,27.4,9.0,33.8,2017-07,2017
2017-07-27,66.0,23.0,25.0,11.0,4.0,4.0,56.06187050359712,0.0,29.1,31.8,27.2,7.6,32.4,2017-07,2017
2017-07-28,59.0,24.0,19.0,12.0,4.0,4.0,56.06187050359712,0.0,29.8,33.4,27.5,7.2,28.1,2017-07,2017
2017-07-29,49.0,15.0,15.0,10.0,5.0,4.0,56.06187050359712,3.4,29.6,32.3,27.7,6.8,28.4,2017-07,2017
2017-07-30,36.0,15.0,13.0,9.0,5.0,4.4577714691270405,56.06187050359712,0.0,29.5,33.1,27.9,7.6,28.8,2017-07,2017
2017-07-31,35.0,19.0,18.0,11.0,5.0,4.0,56.06187050359712,0.0,29.6,33.0,27.8,7.6,31.7,2017-07,2017
2017-08-01,52.0,24.0,27.0,10.0,4.0,3.0,56.06187050359712,0.4,29.5,32.4,26.9,7.6,30.2,2017-08,2017
2017-08-02,62.0,25.0,25.0,11.0,4.0,4.0,56.06187050359712,0.0,29.4,31.6,27.9,8.6,33.8,2017-08,2017
2017-08-03,55.0,20.0,22.0,12.0,4.0,4.0,56.06187050359712,0.0,29.3,32.5,27.4,7.9,30.2,2017-08,2017
2017-08-04,50.0,20.0,23.0,11.0,4.0,4.4577714691270405,56.06187050359712,0.0,29.5,33.0,27.3,8.3,28.8,2017-08,2017
2017-08-05,55.0,20.0,18.0,9.0,4.0,5.0,56.06187050359712,0.0,29.4,33.1,27.7,8.6,32.4,2017-08,2017
2017-08-06,42.0,16.0,7.0,13.0,5.0,5.0,56.06187050359712,10.2,28.7,33.4,25.7,7.2,35.3,2017-08,2017
2017-08-07,40.0,16.0,9.0,12.0,6.0,4.0,56.06187050359712,2.0,28.3,30.1,26.4,7.6,27.7,2017-08,2017
2017-08-08,38.0,14.0,15.0,10.0,6.0,4.0,56.06187050359712,9.4,27.5,30.0,25.2,5.8,31.7,2017-08,2017
2017-08-09,25.0,16.0,12.0,15.0,7.0,6.0,56.06187050359712,0.6,27.5,31.0,25.1,6.5,32.8,2017-08,2017
2017-08-10,47.0,14.0,7.0,14.0,5.0,5.0,56.06187050359712,0.0,28.6,31.9,25.8,5.8,30.2,2017-08,2017
2017-08-11,35.0,17.0,6.0,17.0,7.0,6.0,56.06187050359712,16.6,26.9,29.1,24.2,4.3,27.4,2017-08,2017
2017-08-13,39.0,14.0,13.0,11.0,8.0,5.0,56.06187050359712,0.6,26.9,28.7,25.4,5.4,22.3,2017-08,2017
2017-08-14,39.0,14.0,10.0,12.0,4.0,5.0,56.06187050359712,6.592382271468144,28.1,31.3,25.5,5.0,26.3,2017-08,2017
2017-08-15,29.0,16.0,17.0,14.0,5.0,5.0,56.06187050359712,6.592382271468144,26.8,28.2,24.5,5.0,31.3,2017-08,2017
2017-08-16,49.0,21.0,20.0,14.0,6.0,5.0,56.06187050359712,6.592382271468144,28.3,32.7,25.7,5.4,25.9,2017-08,2017
2017-08-18,52.0,20.0,13.0,13.0,3.0,4.0,56.06187050359712,2.4,27.3,31.2,24.7,5.8,37.8,2017-08,2017
2017-08-19,41.0,15.0,13.0,10.0,3.0,4.0,56.06187050359712,0.2,28.3,32.4,26.2,7.2,38.2,2017-08,2017
2017-08-20,31.0,13.0,12.0,10.0,4.0,5.0,56.06187050359712,0.0,28.8,32.1,27.0,7.9,31.7,2017-08,2017
2017-08-21,33.0,16.0,12.0,12.0,5.0,5.0,56.06187050359712,0.0,28.7,32.2,27.1,6.8,29.9,2017-08,2017
2017-08-22,33.0,18.0,23.0,12.0,5.0,4.0,56.06187050359712,0.0,27.6,29.2,25.9,6.1,33.5,2017-08,2017
2017-08-23,54.0,21.0,16.0,11.0,4.0,4.4577714691270405,56.06187050359712,0.0,29.3,32.9,26.8,7.2,32.4,2017-08,2017
2017-08-24,48.0,17.0,12.0,10.0,5.0,4.4577714691270405,56.06187050359712,0.2,28.9,32.1,27.3,6.8,33.1,2017-08,2017
2017-08-25,34.0,11.0,15.0,9.0,4.0,3.0,56.06187050359712,0.0,28.5,31.8,26.0,6.5,29.5,2017-08,2017
2017-08-26,24.0,12.0,15.0,9.0,5.0,4.0,56.06187050359712,0.0,28.9,32.0,27.2,7.6,29.2,2017-08,2017
2017-08-27,33.0,17.0,12.0,12.0,5.0,4.0,56.06187050359712,1.4,27.8,30.9,25.2,7.2,31.0,2017-08,2017
2017-08-28,45.0,24.0,8.0,15.0,8.0,7.0,56.06187050359712,0.2,28.4,31.4,27.0,5.4,25.6,2017-08,2017
2017-08-29,62.0,16.0,19.0,15.0,7.0,5.0,56.06187050359712,1.0,26.8,29.7,25.6,5.0,21.2,2017-08,2017
2017-08-30,35.0,18.0,17.0,14.0,5.0,6.0,56.06187050359712,0.0,27.8,32.2,25.5,4.3,22.3,2017-08,2017
2017-08-31,37.0,13.0,21.0,7.0,4.0,4.0,56.06187050359712,0.0,28.7,32.6,25.9,7.2,36.0,2017-08,2017
2017-09-01,41.0,23.0,28.0,9.0,3.0,5.0,56.06187050359712,0.4,29.1,31.8,27.2,9.0,31.3,2017-09,2017
2017-09-02,64.0,23.0,18.0,6.0,3.0,4.0,56.06187050359712,0.0,29.2,33.1,27.1,9.0,32.8,2017-09,2017
2017-09-04,45.0,18.0,13.0,11.0,4.0,3.0,56.06187050359712,0.0,29.1,32.5,26.3,5.8,26.3,2017-09,2017
2017-09-05,40.0,17.0,5.0,15.0,4.0,3.0,56.06187050359712,0.4,28.9,31.9,25.9,7.6,43.6,2017-09,2017
2017-09-12,71.0,29.0,27.0,12.0,4.0,3.0,56.06187050359712,6.592382271468144,29.1,33.5,25.8,4.7,24.1,2017-09,2017
2017-09-13,68.0,25.0,17.0,14.0,3.0,5.0,56.06187050359712,6.592382271468144,29.4,33.4,26.1,6.5,27.4,2017-09,2017
2017-09-14,57.0,23.0,9.0,20.0,6.0,5.0,56.06187050359712,6.592382271468144,28.6,31.5,26.8,5.4,26.3,2017-09,2017
2017-09-15,63.0,22.0,14.0,15.0,9.0,4.0,56.06187050359712,2.4,27.2,29.2,25.9,4.3,29.5,2017-09,2017
2017-09-16,49.0,15.0,16.0,8.0,9.0,3.0,56.06187050359712,2.4,27.6,31.4,24.1,6.5,30.2,2017-09,2017
2017-09-17,25.0,11.0,10.0,13.0,3.0,4.0,56.06187050359712,1.8,28.7,33.1,27.1,8.3,41.4,2017-09,2017
2017-09-19,51.0,21.0,11.0,19.0,9.0,8.0,56.06187050359712,2.2,26.1,31.4,24.7,4.3,27.7,2017-09,2017
2017-09-21,26.0,14.0,22.0,11.0,9.0,7.0,56.06187050359712,3.0,26.9,30.3,23.7,5.4,38.2,2017-09,2017
2017-09-22,46.0,21.0,20.0,14.0,5.0,7.0,56.06187050359712,0.0,29.1,32.2,25.5,5.4,25.2,2017-09,2017
2017-09-23,59.0,21.0,21.0,13.0,5.0,7.0,56.06187050359712,8.0,29.2,32.9,25.0,6.5,28.1,2017-09,2017
2017-09-24,56.0,19.0,20.0,18.0,6.0,6.0,56.06187050359712,3.8,28.4,32.4,24.1,5.8,27.7,2017-09,2017
2017-09-25,52.0,20.0,11.0,17.0,5.0,3.0,56.06187050359712,0.2,28.7,33.2,26.4,5.4,30.6,2017-09,2017
2017-09-28,62.0,22.0,13.0,20.0,10.0,2.0,56.06187050359712,0.0,28.5,32.1,26.5,4.3,29.5,2017-09,2017
2017-09-30,38.0,17.0,6.0,16.0,10.0,5.0,56.06187050359712,0.0,27.9,30.4,25.9,6.5,28.8,2017-09,2017
2017-04-01,55.0,18.0,23.0,15.0,4.0,5.0,56.06187050359712,0.6,26.6,31.9,24.6,4.0,22.3,2017-04,2017
2017-04-02,43.0,16.0,20.0,14.0,5.0,3.0,56.06187050359712,0.2,27.9,32.7,25.1,5.8,28.8,2017-04,2017
2017-04-03,38.0,14.0,24.0,15.0,5.0,4.0,56.06187050359712,2.8,27.5,29.7,24.6,5.0,28.1,2017-04,2017
2017-04-04,37.0,14.0,23.0,12.0,5.0,4.0,56.06187050359712,3.8,28.6,33.0,24.6,6.1,39.2,2017-04,2017
2017-04-05,31.0,12.0,32.0,15.0,3.0,3.0,56.06187050359712,0.0,28.9,32.5,25.3,6.8,34.2,2017-04,2017
2017-04-06,41.0,15.0,26.0,14.0,3.0,3.0,56.06187050359712,0.2,28.7,33.8,25.9,5.4,32.4,2017-04,2017
2017-04-11,68.0,23.0,19.0,20.0,11.0,4.0,56.06187050359712,0.8,28.8,33.6,26.1,5.0,25.2,2017-04,2017
2017-04-12,45.0,15.0,8.0,19.0,8.0,4.0,56.06187050359712,12.4,28.1,31.2,23.4,5.0,28.4,2017-04,2017
2017-04-15,35.0,23.0,39.0,15.0,2.0,5.0,56.06187050359712,14.0,27.6,31.5,25.3,4.7,29.2,2017-04,2017
2017-04-16,57.0,21.0,21.0,16.0,3.0,4.0,56.06187050359712,0.8,28.1,33.0,25.1,4.0,26.6,2017-04,2017
2017-04-17,45.0,26.0,19.0,21.0,4.0,5.0,56.06187050359712,0.0,28.9,33.3,26.2,4.7,35.3,2017-04,2017
2017-04-30,74.0,19.0,20.0,15.0,8.0,4.0,56.06187050359712,0.0,28.9,34.8,25.9,5.4,27.7,2017-04,2017
2017-05-04,54.0,29.0,20.0,22.0,11.0,7.0,56.06187050359712,14.8,28.7,32.4,25.0,4.7,25.9,2017-05,2017
2017-05-05,74.0,23.0,23.0,20.0,8.0,5.0,56.06187050359712,0.6,28.6,31.6,26.0,4.3,23.8,2017-05,2017
2017-05-09,36.0,13.0,7.0,14.0,6.0,4.0,56.06187050359712,4.6,29.7,33.5,25.6,6.1,32.0,2017-05,2017
2017-05-10,33.0,16.0,10.0,13.0,9.0,5.0,56.06187050359712,2.4,27.3,29.4,25.8,4.0,27.0,2017-05,2017
2017-05-11,43.0,16.0,10.0,18.0,9.0,5.0,56.06187050359712,0.2,28.3,31.4,25.2,5.4,20.2,2017-05,2017
2017-05-12,48.0,18.0,10.0,16.0,10.0,5.0,56.06187050359712,4.4,28.3,31.1,25.1,5.4,32.8,2017-05,2017
2017-05-13,45.0,16.0,17.0,14.0,7.0,4.0,56.06187050359712,0.0,28.9,31.4,26.9,5.0,33.8,2017-05,2017
2017-05-14,29.0,13.0,9.0,16.0,5.0,3.0,56.06187050359712,0.0,29.3,32.5,27.6,6.8,27.4,2017-05,2017
2017-05-15,43.0,16.0,14.0,15.0,8.0,4.0,56.06187050359712,14.2,28.3,31.4,25.6,5.8,31.7,2017-05,2017
2017-05-16,37.0,14.0,16.0,13.0,7.0,3.0,56.06187050359712,0.2,28.9,32.7,27.1,5.4,27.4,2017-05,2017
2017-05-17,38.0,15.0,11.0,10.0,5.0,3.0,56.06187050359712,0.0,30.3,34.6,28.1,7.6,30.2,2017-05,2017
2017-05-18,32.0,13.0,12.0,13.0,6.0,3.0,56.06187050359712,2.8,29.3,32.7,25.4,7.6,37.8,2017-05,2017
2017-05-19,34.0,16.0,15.0,11.0,5.0,3.0,56.06187050359712,0.0,29.5,32.6,27.4,5.8,27.0,2017-05,2017
2017-05-20,40.0,16.0,14.0,12.0,4.0,4.0,56.06187050359712,0.0,30.1,33.7,28.4,5.4,25.9,2017-05,2017
2017-05-21,41.0,14.0,9.0,16.0,5.0,4.0,56.06187050359712,9.0,28.4,31.9,25.4,5.8,31.7,2017-05,2017
2017-05-23,31.0,14.0,9.0,15.0,4.0,4.0,56.06187050359712,0.0,30.1,34.0,27.5,6.5,28.8,2017-05,2017
2017-05-25,46.0,17.0,9.0,15.0,5.0,3.0,56.06187050359712,0.0,28.3,32.5,25.3,5.4,29.2,2017-05,2017
2017-05-27,60.0,20.0,9.0,11.0,5.0,3.0,56.06187050359712,4.0,27.7,32.5,25.8,4.0,25.2,2017-05,2017
2017-05-28,36.0,11.0,16.0,10.0,4.0,2.0,56.06187050359712,0.0,29.2,32.8,26.5,5.4,22.0,2017-05,2017
2017-05-29,22.0,14.0,5.0,18.0,4.0,3.0,56.06187050359712,0.0,29.5,33.0,28.1,6.5,22.7,2017-05,2017
2017-06-01,42.0,12.0,12.0,15.0,12.0,3.0,56.06187050359712,8.0,27.9,32.1,24.7,5.0,25.6,2017-06,2017
2017-06-02,25.0,12.0,17.0,11.0,9.0,3.0,56.06187050359712,0.0,29.5,33.2,27.5,5.0,16.9,2017-06,2017
2017-06-03,27.0,13.0,21.0,12.0,7.0,3.0,56.06187050359712,0.0,30.1,34.2,27.8,6.5,30.2,2017-06,2017
2017-06-04,34.0,15.0,11.0,12.0,6.0,3.0,56.06187050359712,0.0,30.4,33.7,28.4,7.2,27.0,2017-06,2017
2017-06-05,37.0,19.0,15.0,11.0,6.0,3.0,56.06187050359712,0.0,30.3,33.3,28.4,6.8,23.4,2017-06,2017
2017-06-06,53.0,21.0,22.0,14.0,8.0,3.0,56.06187050359712,0.0,30.1,33.3,28.3,6.8,24.1,2017-06,2017
2017-06-07,55.0,18.0,17.0,10.0,5.0,3.0,56.06187050359712,0.2,29.9,34.0,27.7,6.8,24.8,2017-06,2017
2017-06-08,44.0,16.0,20.0,9.0,5.0,3.0,56.06187050359712,1.2,29.4,33.2,28.0,7.9,25.6,2017-06,2017
2017-06-09,40.0,17.0,16.0,11.0,5.0,3.0,56.06187050359712,0.0,29.9,33.6,27.7,7.6,27.0,2017-06,2017
2017-06-10,41.0,16.0,16.0,12.0,10.0,3.0,56.06187050359712,0.4,28.8,33.8,25.5,6.5,26.3,2017-06,2017
2017-06-11,33.0,12.0,18.0,13.0,9.0,4.0,56.06187050359712,0.0,28.4,32.3,25.4,5.8,25.6,2017-06,2017
2017-06-12,29.0,12.0,17.0,13.0,7.0,4.4577714691270405,56.06187050359712,0.0,29.7,32.6,27.8,5.8,24.1,2017-06,2017
2017-06-13,31.0,16.0,16.0,19.0,7.0,4.0,56.06187050359712,0.0,29.4,33.6,26.6,6.8,34.6,2017-06,2017
2017-06-15,39.0,19.0,12.0,18.0,5.0,5.0,56.06187050359712,0.0,29.2,34.1,26.9,4.7,23.4,2017-06,2017
2017-06-16,51.0,19.0,19.0,13.0,6.0,4.0,56.06187050359712,0.4,28.4,33.0,25.5,5.4,29.2,2017-06,2017
2017-06-17,43.0,12.0,14.0,13.0,6.0,3.0,56.06187050359712,0.0,29.5,34.4,26.0,4.7,23.4,2017-06,2017
2017-06-19,25.0,13.0,19.0,14.0,7.0,4.0,56.06187050359712,0.0,27.9,30.4,24.9,5.8,28.8,2017-06,2017
2017-06-20,40.0,17.0,13.0,18.0,9.0,4.0,56.06187050359712,0.0,29.4,33.7,26.0,4.7,21.6,2017-06,2017
2017-06-22,60.0,18.0,7.0,14.0,6.0,4.0,56.06187050359712,0.2,28.9,32.1,26.4,4.3,24.1,2017-06,2017
2017-06-25,45.0,19.0,30.0,21.0,11.0,5.0,56.06187050359712,11.8,27.6,30.6,23.8,4.0,33.8,2017-06,2017
2017-06-26,60.0,24.0,6.0,22.0,7.0,5.0,56.06187050359712,9.8,27.4,31.9,25.2,4.3,19.8,2017-06,2017
2017-06-27,47.0,21.0,21.0,18.0,5.0,8.0,56.06187050359712,1.6,26.0,28.1,24.1,4.0,24.1,2017-06,2017
2017-06-28,60.0,24.0,9.0,17.0,5.0,7.0,56.06187050359712,0.6,27.4,32.3,25.0,3.6,28.4,2017-06,2017
2017-06-30,30.0,10.0,15.0,11.0,5.0,4.4577714691270405,56.06187050359712,0.0,28.7,33.0,25.4,5.0,24.8,2017-06,2017
2017-01-03,33.0,13.0,13.0,11.0,2.0,5.0,56.06187050359712,0.2,26.2,30.1,24.6,5.0,23.4,2017-01,2017
2017-01-04,27.0,13.0,14.0,9.0,2.0,5.0,56.06187050359712,1.6,26.9,30.6,23.8,5.0,25.6,2017-01,2017
2017-01-05,27.0,16.0,15.0,18.0,4.0,6.0,56.06187050359712,0.8,27.9,31.8,24.2,5.8,26.6,2017-01,2017
2017-01-06,50.0,19.0,22.0,17.0,10.0,6.0,56.06187050359712,0.0,28.7,33.5,25.7,5.4,26.6,2017-01,2017
2017-01-07,44.0,19.0,28.0,12.0,8.0,6.0,56.06187050359712,0.0,29.7,34.5,26.4,5.4,23.8,2017-01,2017
2017-01-08,47.0,18.0,24.0,11.0,5.0,7.0,56.06187050359712,0.0,29.8,34.5,26.7,5.8,31.0,2017-01,2017
2017-01-09,44.0,23.0,18.0,13.0,4.0,6.0,56.06187050359712,0.0,28.7,34.3,26.5,6.8,25.6,2017-01,2017
2017-01-12,56.0,24.0,24.0,19.0,4.0,5.0,56.06187050359712,0.0,28.3,32.1,25.0,5.0,24.8,2017-01,2017
2017-01-13,69.0,26.0,22.0,18.0,6.0,5.0,56.06187050359712,0.0,27.8,32.6,25.7,5.4,22.3,2017-01,2017
2017-01-14,55.0,25.0,26.0,12.0,6.0,5.0,56.06187050359712,0.0,28.2,31.4,25.4,4.3,21.2,2017-01,2017
2017-01-15,55.0,20.0,29.0,13.0,3.0,6.0,56.06187050359712,0.0,28.2,32.9,25.7,5.0,36.4,2017-01,2017
2017-01-16,41.0,24.0,28.0,19.0,4.0,7.0,56.06187050359712,0.0,28.1,33.0,25.4,5.0,22.0,2017-01,2017
2017-01-17,55.0,20.0,17.0,17.0,4.0,6.0,56.06187050359712,0.0,28.0,33.0,25.5,4.7,24.1,2017-01,2017
2017-01-20,42.0,18.0,10.0,17.0,7.0,6.0,56.06187050359712,5.4,26.4,29.8,23.3,4.7,29.2,2017-01,2017
2017-01-22,27.0,13.0,5.0,12.0,2.0,7.0,56.06187050359712,13.2,26.3,29.5,24.0,7.6,40.0,2017-01,2017
2017-01-25,22.0,15.0,12.0,8.0,4.546296296296297,5.0,56.06187050359712,0.0,25.6,29.2,22.8,5.8,28.1,2017-01,2017
2017-01-26,38.0,19.0,15.0,9.0,2.0,6.0,56.06187050359712,0.8,26.9,31.2,23.7,6.5,31.0,2017-01,2017
2017-01-27,43.0,21.0,16.0,8.0,2.0,6.0,56.06187050359712,0.0,27.2,30.6,25.4,9.4,39.6,2017-01,2017
2017-01-28,38.0,15.0,16.0,7.0,2.0,5.0,56.06187050359712,2.6,25.8,29.6,24.1,6.5,43.2,2017-01,2017
2017-01-29,32.0,14.0,11.0,9.0,4.546296296296297,6.0,56.06187050359712,0.0,26.2,28.4,24.5,5.8,24.1,2017-01,2017
2017-01-30,28.0,14.0,11.0,11.0,2.0,5.0,56.06187050359712,12.8,25.5,28.5,24.0,5.4,25.2,2017-01,2017
2017-01-31,38.0,18.0,16.0,11.0,2.0,5.0,56.06187050359712,0.0,26.7,29.9,24.7,7.2,27.4,2017-01,2017
2017-02-01,45.0,25.0,23.0,14.0,3.0,5.0,56.06187050359712,0.0,26.9,31.1,24.5,5.8,25.6,2017-02,2017
2017-02-02,67.0,23.0,20.0,12.0,4.0,5.0,56.06187050359712,1.0,27.3,31.4,25.5,4.0,21.2,2017-02,2017
2017-02-03,38.0,13.0,18.0,12.0,2.0,4.0,56.06187050359712,9.0,27.3,33.3,24.2,5.8,31.0,2017-02,2017
2017-02-05,33.0,13.0,19.0,10.0,3.0,5.0,56.06187050359712,0.0,27.2,33.0,24.7,5.4,29.5,2017-02,2017
2017-02-06,29.0,14.0,17.0,15.0,2.0,6.0,56.06187050359712,0.0,27.7,33.6,25.0,5.8,28.4,2017-02,2017
2017-02-08,53.0,24.0,28.0,19.0,3.0,8.0,56.06187050359712,8.6,26.5,31.6,24.1,4.7,30.2,2017-02,2017
2017-02-09,64.0,22.0,26.0,11.0,2.0,5.0,56.06187050359712,0.0,27.4,31.3,25.1,5.4,24.1,2017-02,2017
2017-02-10,54.0,23.0,24.0,11.0,2.0,5.0,56.06187050359712,0.0,27.4,31.9,24.6,8.6,31.7,2017-02,2017
2017-02-12,55.0,27.0,24.0,10.0,1.0,5.0,56.06187050359712,1.2,25.9,29.0,24.6,9.4,38.2,2017-02,2017
2017-02-15,32.0,20.0,20.0,14.0,1.0,4.0,56.06187050359712,8.0,25.1,28.8,22.6,8.6,37.8,2017-02,2017
2017-02-16,47.0,27.0,18.0,13.0,1.0,4.0,56.06187050359712,0.2,26.3,29.3,24.1,9.0,36.7,2017-02,2017
2017-02-17,47.0,22.0,15.0,12.0,2.0,5.0,56.06187050359712,0.0,26.9,31.0,24.3,8.6,35.3,2017-02,2017
2017-02-18,47.0,23.0,18.0,9.0,2.0,4.0,56.06187050359712,0.0,26.7,30.4,24.6,9.0,34.2,2017-02,2017
2017-02-19,50.0,21.0,15.0,10.0,1.0,5.0,56.06187050359712,0.0,27.4,31.3,25.0,8.6,36.0,2017-02,2017
2017-02-20,41.0,17.0,12.0,12.0,2.0,5.0,56.06187050359712,0.0,27.5,31.7,25.1,7.9,31.0,2017-02,2017
2017-02-21,42.0,20.0,18.0,9.0,1.0,5.0,56.06187050359712,3.6,27.0,31.3,24.8,5.8,27.4,2017-02,2017
2017-02-22,44.0,16.0,18.0,18.0,2.0,5.0,56.06187050359712,0.0,27.5,31.6,25.0,6.5,34.2,2017-02,2017
2017-02-25,39.0,18.0,16.0,10.0,1.0,5.0,56.06187050359712,0.8,26.5,32.1,23.9,5.0,26.6,2017-02,2017
2017-02-26,41.0,16.0,14.0,9.0,2.0,4.0,56.06187050359712,0.2,27.4,31.1,25.2,6.5,27.7,2017-02,2017
2017-02-27,34.0,19.0,11.0,11.0,2.0,4.0,56.06187050359712,1.6,27.2,30.2,24.9,8.3,40.0,2017-02,2017
2017-02-28,46.0,17.0,10.0,9.0,2.0,4.0,56.06187050359712,6.2,26.5,30.5,24.9,6.8,35.3,2017-02,2017
2017-03-02,36.0,23.0,12.0,11.0,1.0,4.0,56.06187050359712,0.6,26.7,30.7,24.5,8.3,34.6,2017-03,2017
2017-03-05,60.0,25.0,18.0,14.0,3.0,5.0,56.06187050359712,8.6,26.8,31.2,24.3,6.1,33.5,2017-03,2017
2017-03-08,55.0,27.0,30.0,14.0,2.0,5.0,56.06187050359712,0.0,27.2,31.8,24.4,7.9,28.8,2017-03,2017
2017-03-09,69.0,26.0,23.0,10.0,2.0,4.0,56.06187050359712,0.0,27.1,31.9,24.2,8.3,32.4,2017-03,2017
2017-03-10,54.0,24.0,25.0,12.0,2.0,4.0,56.06187050359712,0.0,27.0,31.0,24.6,7.9,28.1,2017-03,2017
2017-03-11,57.0,22.0,30.0,19.0,2.0,5.0,56.06187050359712,0.2,27.3,32.0,24.6,6.1,25.9,2017-03,2017
2017-03-12,53.0,27.0,36.0,20.0,7.0,6.0,56.06187050359712,1.4,26.7,30.4,24.2,4.7,20.9,2017-03,2017
2017-03-13,78.0,33.0,31.0,21.0,8.0,5.0,56.06187050359712,0.4,28.0,33.2,25.3,5.0,24.8,2017-03,2017
2017-03-18,69.0,25.0,33.0,16.0,3.0,6.0,56.06187050359712,0.0,28.5,33.2,25.2,5.8,30.6,2017-03,2017
2017-03-19,68.0,23.0,19.0,17.0,3.0,6.0,56.06187050359712,2.6,28.2,33.6,25.4,4.3,21.2,2017-03,2017
2017-03-20,42.0,18.0,32.0,20.0,2.0,6.0,56.06187050359712,9.4,26.5,29.1,24.4,4.7,34.2,2017-03,2017
2017-03-21,55.0,18.0,13.0,15.0,4.0,6.0,56.06187050359712,13.4,27.9,35.2,25.2,5.0,36.4,2017-03,2017
2017-03-22,36.0,22.0,22.0,14.0,2.0,6.0,56.06187050359712,2.2,27.5,33.5,24.8,5.4,40.7,2017-03,2017
2017-03-23,62.0,23.0,36.0,21.0,7.0,4.0,56.06187050359712,0.0,28.7,34.0,25.5,6.5,25.9,2017-03,2017
2017-03-25,62.0,24.0,29.0,13.0,3.0,7.0,56.06187050359712,1.0,27.6,32.8,24.5,5.0,30.2,2017-03,2017
2017-03-26,59.0,18.0,20.0,12.0,2.0,6.0,56.06187050359712,0.2,29.0,33.8,25.6,6.1,30.6,2017-03,2017
2017-03-27,38.0,19.0,8.0,17.0,3.0,8.0,56.06187050359712,0.0,28.8,32.6,26.4,6.5,30.6,2017-03,2017
2017-03-28,39.0,19.0,17.0,21.0,3.0,6.0,56.06187050359712,1.2,26.4,27.9,24.7,4.3,23.4,2017-03,2017
2017-03-29,47.0,22.0,7.0,21.0,4.0,7.0,56.06187050359712,12.0,26.8,31.2,25.3,3.6,23.8,2017-03,2017
2016-10-01,61.0,21.0,22.0,12.0,5.0,5.0,56.0,1.2,28.0,32.0,25.6,5.4,33.1,2016-10,2016
2016-10-02,62.0,26.0,10.0,19.0,5.0,5.0,59.0,0.4,30.2,34.2,27.0,6.1,35.6,2016-10,2016
2016-10-03,67.0,27.0,21.0,15.0,6.0,5.0,61.0,5.6,27.9,31.2,24.0,6.5,36.4,2016-10,2016
2016-10-06,89.0,29.0,3.0,15.0,8.0,3.0,55.0,0.4,28.1,30.5,25.1,4.3,30.6,2016-10,2016
2016-10-08,48.0,20.0,15.0,17.0,8.0,3.0,53.0,0.2,28.4,32.2,24.8,4.7,23.0,2016-10,2016
2016-10-09,57.0,21.0,21.0,14.0,7.0,3.0,57.0,0.0,29.2,33.2,26.2,4.7,25.2,2016-10,2016
2016-10-10,57.0,20.0,23.0,9.0,2.0,2.0,48.0,0.0,29.7,34.1,26.4,6.5,31.7,2016-10,2016
2016-10-17,38.0,16.0,12.0,9.0,5.0,4.0,48.0,0.0,29.1,31.9,27.1,7.2,27.7,2016-10,2016
2016-10-20,61.0,23.0,18.0,20.0,8.0,2.0,57.0,0.0,29.4,33.4,26.4,5.8,23.8,2016-10,2016
2016-10-21,60.0,20.0,14.0,12.0,5.0,2.0,48.0,0.0,29.2,34.4,26.3,5.0,25.6,2016-10,2016
2016-10-22,39.0,19.0,28.0,14.0,2.0,1.0,60.0,0.0,28.4,30.6,25.2,6.5,34.2,2016-10,2016
2016-10-23,68.0,31.0,8.0,22.0,4.0,3.0,62.0,0.2,28.5,32.2,26.3,3.6,19.4,2016-10,2016
2016-10-26,49.0,20.0,7.0,13.0,7.0,2.0,46.0,1.2,27.5,32.4,24.1,5.0,24.8,2016-10,2016
2016-10-30,34.0,18.0,11.0,16.0,7.0,2.0,53.0,0.6,27.2,30.4,24.6,4.3,27.7,2016-10,2016
2016-10-31,56.0,19.0,12.0,16.0,10.0,2.0,48.0,0.0,28.7,32.5,25.4,5.4,25.2,2016-10,2016
2016-11-06,25.0,20.0,7.0,17.0,4.0,4.0,54.0,0.4,28.5,32.1,25.1,5.4,24.5,2016-11,2016
2016-11-07,66.0,23.0,13.0,15.0,10.0,7.0,54.0,2.4,26.8,28.7,25.8,4.0,24.1,2016-11,2016
2016-11-08,55.0,25.0,24.0,18.0,12.0,6.0,57.0,0.0,29.2,34.3,24.9,4.7,23.4,2016-11,2016
2016-11-09,63.0,24.0,15.0,18.0,7.0,5.0,56.0,8.4,28.3,31.5,24.2,4.7,24.5,2016-11,2016
2016-11-15,44.0,16.0,7.0,15.0,5.0,5.0,47.0,0.2,27.2,31.9,24.1,4.7,30.2,2016-11,2016
2016-11-21,36.0,18.0,7.0,18.0,10.0,5.0,51.0,0.0,28.2,31.8,25.4,6.1,24.8,2016-11,2016
2016-11-23,34.0,15.0,15.0,17.0,9.0,7.0,48.0,0.2,27.9,31.1,24.2,6.1,34.9,2016-11,2016
2016-11-24,48.0,20.0,23.0,19.0,6.0,6.0,49.0,0.0,27.7,32.7,25.5,5.4,24.5,2016-11,2016
2016-12-03,46.0,22.0,19.0,17.0,11.0,7.0,54.0,4.4,27.6,30.5,24.6,3.6,18.7,2016-12,2016
2016-12-04,53.0,16.0,15.0,10.0,5.0,7.0,46.0,0.8,29.0,34.1,26.0,5.4,20.9,2016-12,2016
2016-12-05,41.0,20.0,22.0,19.0,6.0,8.0,52.0,9.0,29.1,34.7,26.0,5.4,25.6,2016-12,2016
2016-12-07,43.0,17.0,25.0,11.0,2.0,6.0,56.06187050359712,0.2,28.3,33.8,26.2,5.4,23.8,2016-12,2016
2016-12-08,37.0,16.0,11.0,13.0,1.0,6.0,56.06187050359712,0.0,28.7,32.7,26.2,5.4,28.4,2016-12,2016
2016-12-09,35.0,14.0,19.0,8.0,1.0,5.0,56.06187050359712,11.8,26.8,31.1,24.8,4.0,38.9,2016-12,2016
2016-12-10,33.0,14.0,17.0,7.0,4.546296296296297,5.0,56.06187050359712,2.4,27.4,30.4,24.4,4.7,24.1,2016-12,2016
2016-12-11,32.0,12.0,19.0,7.0,2.0,5.0,56.06187050359712,1.0,26.1,29.5,23.8,6.1,32.4,2016-12,2016
2016-12-12,26.0,17.0,29.0,14.0,2.0,6.0,56.06187050359712,0.0,28.0,32.0,25.2,8.3,36.0,2016-12,2016
2016-12-13,56.0,20.0,26.0,15.0,2.0,6.0,56.06187050359712,0.6,28.1,32.7,25.1,5.4,29.5,2016-12,2016
2016-12-14,50.0,22.0,26.0,10.0,2.0,6.0,56.06187050359712,0.2,28.4,33.4,25.4,5.0,36.7,2016-12,2016
2016-12-15,71.0,29.0,25.0,21.0,4.0,6.0,56.06187050359712,0.0,28.8,32.5,26.2,5.4,28.1,2016-12,2016
2016-12-16,79.0,29.0,11.0,18.0,5.0,4.4577714691270405,56.06187050359712,0.0,28.6,33.7,26.4,5.0,21.2,2016-12,2016
2016-12-17,62.0,18.0,15.0,11.0,2.0,6.0,56.06187050359712,10.6,26.8,31.1,24.6,5.4,24.1,2016-12,2016
2016-12-18,34.0,14.0,19.0,10.0,1.0,6.0,56.06187050359712,13.6,26.7,31.3,23.0,5.0,32.8,2016-12,2016
2016-12-19,39.0,13.0,18.0,7.0,1.0,5.0,56.06187050359712,1.2,28.0,32.4,25.2,7.2,30.6,2016-12,2016
2016-12-20,20.0,11.0,24.0,11.0,2.0,5.0,56.06187050359712,0.8,28.1,32.5,25.0,9.0,42.1,2016-12,2016
2016-12-21,31.0,14.0,13.0,16.0,2.0,6.0,56.06187050359712,0.6,28.2,33.1,25.9,6.5,30.2,2016-12,2016
2016-12-26,19.0,9.0,10.0,8.0,4.546296296296297,5.0,56.06187050359712,0.0,26.5,30.2,23.9,5.8,22.7,2016-12,2016
2016-12-27,20.0,10.0,6.0,13.0,4.546296296296297,6.0,56.06187050359712,1.2,25.9,29.6,24.4,6.5,32.0,2016-12,2016
2016-12-29,45.0,22.0,20.0,13.0,1.0,6.0,56.06187050359712,0.0,27.3,31.0,25.1,6.1,29.9,2016-12,2016
2016-12-30,33.0,11.0,12.0,11.0,1.0,6.0,56.06187050359712,8.4,26.9,32.4,23.9,6.5,35.6,2016-12,2016
2016-12-31,28.0,15.0,28.0,19.0,4.546296296296297,4.4577714691270405,56.06187050359712,0.0,26.6,29.3,24.4,4.7,25.6,2016-12,2016
2017-01-01,33.0,16.0,11.0,15.0,2.0,5.0,56.06187050359712,4.0,26.9,30.7,25.2,5.8,37.4,2017-01,2017
2016-07-01,58.0,27.0,22.0,11.0,3.0,4.0,57.0,0.0,30.0,33.9,26.9,7.2,23.8,2016-07,2016
2016-07-02,58.0,29.0,24.0,8.0,3.0,3.0,52.0,0.0,30.2,34.3,28.3,7.9,25.6,2016-07,2016
2016-07-03,52.0,24.0,21.0,10.0,3.0,4.0,48.0,0.0,30.2,34.6,28.2,8.6,27.4,2016-07,2016
2016-07-05,41.0,16.0,11.0,10.0,4.0,4.0,46.0,0.0,30.3,33.7,28.0,8.6,31.0,2016-07,2016
2016-07-06,39.0,19.0,13.0,12.0,7.0,4.0,53.0,0.4,29.4,32.9,25.5,6.1,25.2,2016-07,2016
2016-07-08,38.0,17.0,15.0,12.0,6.0,2.0,47.0,3.6,28.7,31.2,24.4,6.1,39.6,2016-07,2016
2016-07-10,33.0,15.0,6.0,16.0,6.0,3.0,50.0,0.0,30.1,33.7,27.2,5.8,29.5,2016-07,2016
2016-07-11,42.0,16.0,14.0,14.0,6.0,3.0,48.0,11.6,27.8,30.4,24.6,5.0,35.6,2016-07,2016
2016-07-14,56.0,18.0,5.0,15.0,7.0,5.0,48.0,5.6,26.8,29.4,24.0,4.3,40.0,2016-07,2016
2016-07-16,59.0,19.0,31.0,16.0,8.0,4.0,50.0,0.0,28.5,32.7,25.3,4.3,26.3,2016-07,2016
2016-07-27,58.0,23.0,10.0,17.0,4.0,3.0,56.0,0.0,28.3,32.7,24.7,4.0,20.9,2016-07,2016
2016-07-28,60.0,20.0,15.0,17.0,6.0,3.0,50.0,6.8,27.4,31.0,24.3,4.7,35.6,2016-07,2016
2016-07-29,50.0,17.0,13.0,15.0,5.0,2.0,51.0,0.0,28.8,32.4,25.5,5.8,27.4,2016-07,2016
2016-07-30,46.0,18.0,11.0,16.0,4.0,2.0,48.0,0.0,29.0,31.7,26.7,4.7,22.0,2016-07,2016
2016-08-02,55.0,19.0,13.0,17.0,9.0,2.0,50.0,0.0,29.5,33.2,27.4,7.6,29.9,2016-08,2016
2016-08-04,44.0,18.0,17.0,16.0,5.0,2.0,55.0,0.0,28.9,31.1,27.2,6.8,29.5,2016-08,2016
2016-08-05,54.0,20.0,14.0,19.0,4.0,4.0,56.0,0.4,29.6,33.2,27.2,6.5,25.9,2016-08,2016
2016-08-07,67.0,29.0,22.0,14.0,6.0,3.0,61.0,0.2,29.3,32.5,26.1,6.1,31.7,2016-08,2016
2016-08-10,41.0,18.0,10.0,18.0,6.0,5.0,53.0,0.0,30.2,33.1,28.0,6.1,25.6,2016-08,2016
2016-08-12,51.0,23.0,21.0,21.0,6.0,4.0,61.0,1.2,29.3,31.6,26.7,5.0,32.0,2016-08,2016
2016-08-13,72.0,26.0,19.0,16.0,10.0,4.0,58.0,0.0,29.5,32.9,26.9,5.0,25.2,2016-08,2016
2016-08-14,64.0,20.0,20.0,14.0,10.0,2.0,48.0,0.0,29.2,33.0,26.7,7.6,33.1,2016-08,2016
2016-08-16,35.0,16.0,10.0,13.0,4.0,4.0,46.0,0.0,29.7,32.6,25.9,6.8,26.6,2016-08,2016
2016-08-17,43.0,19.0,10.0,10.0,5.0,2.0,49.0,0.0,29.2,32.8,26.4,6.8,28.4,2016-08,2016
2016-08-29,70.0,17.0,7.0,13.0,7.0,4.0,49.0,0.0,29.4,33.3,26.0,6.8,29.2,2016-08,2016
2016-08-30,50.0,20.0,9.0,9.0,11.0,2.0,56.0,4.0,27.7,30.0,25.3,5.8,35.3,2016-08,2016
2016-08-31,55.0,20.0,4.0,14.0,5.0,5.0,55.0,9.4,28.4,32.8,25.0,4.3,26.6,2016-08,2016
2016-09-01,54.0,19.0,13.0,16.0,7.0,4.0,50.0,3.8,26.8,30.5,24.5,3.6,29.2,2016-09,2016
2016-09-02,49.0,21.0,13.0,17.0,8.0,6.0,61.0,0.0,28.5,33.3,24.5,5.0,23.4,2016-09,2016
2016-09-07,44.0,18.0,11.0,13.0,5.0,3.0,52.0,15.4,27.5,28.9,23.4,6.5,42.5,2016-09,2016
2016-09-08,51.0,18.0,10.0,14.0,5.0,4.0,53.0,0.0,29.3,32.2,27.7,6.1,33.1,2016-09,2016
2016-09-09,54.0,25.0,9.0,16.0,4.0,5.0,55.0,0.8,27.5,32.1,24.7,5.0,38.5,2016-09,2016
2016-09-10,58.0,19.0,13.0,12.0,5.0,3.0,48.0,5.8,27.1,30.6,22.8,5.0,30.6,2016-09,2016
2016-09-11,43.0,18.0,8.0,18.0,7.0,2.0,52.0,0.0,28.8,32.4,24.7,6.1,41.8,2016-09,2016
2016-09-12,56.0,21.0,12.0,15.0,5.0,4.0,51.0,12.0,26.1,28.0,24.7,3.6,27.4,2016-09,2016
2016-09-15,56.0,18.0,13.0,17.0,8.0,4.0,47.0,0.0,29.1,33.3,25.5,4.7,23.8,2016-09,2016
2016-09-17,50.0,21.0,21.0,19.0,6.0,2.0,58.0,0.0,29.0,32.1,25.4,4.7,26.6,2016-09,2016
2016-09-20,33.0,14.0,12.0,13.0,3.0,5.0,46.0,2.6,28.1,32.0,24.2,8.3,39.6,2016-09,2016
2016-09-21,42.0,23.0,27.0,17.0,3.0,6.0,61.0,1.2,28.0,33.3,24.2,6.1,35.3,2016-09,2016
2016-09-22,66.0,22.0,18.0,16.0,4.0,3.0,53.0,0.0,28.3,32.5,25.9,5.0,23.4,2016-09,2016
2016-09-25,56.0,27.0,24.0,21.0,10.0,3.0,60.0,0.6,28.9,32.1,25.2,5.4,31.3,2016-09,2016
2016-09-28,66.0,25.0,19.0,15.0,3.0,2.0,49.0,0.0,29.7,34.7,26.6,6.5,28.4,2016-09,2016
2016-09-29,54.0,24.0,20.0,21.0,2.0,4.0,61.0,0.0,29.5,33.9,26.3,5.8,33.8,2016-09,2016
2016-09-30,72.0,27.0,12.0,22.0,5.0,5.0,57.0,0.4,28.6,35.2,25.3,5.0,33.8,2016-09,2016
2016-04-01,78.0,29.0,23.0,9.0,1.0,5.0,60.0,0.0,29.2,34.4,26.3,7.9,33.5,2016-04,2016
2016-04-02,64.0,23.0,16.0,9.0,2.0,4.0,52.0,0.0,29.5,34.6,25.8,7.6,34.2,2016-04,2016
2016-04-04,57.0,21.0,17.0,10.0,1.0,5.0,53.0,0.2,29.2,33.4,26.6,6.8,29.2,2016-04,2016
2016-04-05,55.0,22.0,26.0,11.0,2.0,5.0,57.0,9.8,28.6,32.8,26.5,6.1,31.3,2016-04,2016
2016-04-06,58.0,26.0,33.0,12.0,2.0,7.0,60.0,0.0,29.2,34.1,25.9,6.5,28.8,2016-04,2016
2016-04-07,67.0,28.0,31.0,13.0,3.0,7.0,61.0,0.0,29.1,34.6,25.9,5.4,26.3,2016-04,2016
2016-04-10,74.0,25.0,23.0,15.0,3.0,3.0,60.0,0.0,29.2,35.5,25.4,5.8,29.9,2016-04,2016
2016-04-12,83.0,27.0,23.0,17.0,4.0,4.0,62.0,8.8,30.0,34.2,25.9,5.4,32.8,2016-04,2016
2016-04-17,47.0,21.0,29.0,19.0,9.0,5.0,62.0,1.8,29.8,34.9,26.3,6.5,32.4,2016-04,2016
2016-04-19,65.0,28.0,9.0,18.0,2.0,7.0,62.0,0.0,30.4,35.0,27.6,7.2,31.7,2016-04,2016
2016-04-20,70.0,25.0,26.0,13.0,2.0,6.0,59.0,9.2,28.9,33.0,27.3,5.0,24.5,2016-04,2016
2016-04-21,67.0,24.0,16.0,17.0,2.0,5.0,56.0,0.0,30.0,35.0,26.9,7.2,26.3,2016-04,2016
2016-04-24,53.0,16.0,11.0,15.0,3.0,2.0,48.0,1.2,28.9,32.3,27.0,4.7,25.2,2016-04,2016
2016-05-01,73.0,18.0,14.0,16.0,3.0,2.0,47.0,0.0,29.8,34.6,26.0,5.4,27.4,2016-05,2016
2016-05-02,44.0,22.0,16.0,17.0,2.0,3.0,53.0,15.4,28.7,33.9,25.6,4.3,36.4,2016-05,2016
2016-05-04,32.0,17.0,19.0,18.0,2.0,8.0,53.0,0.0,30.8,35.0,27.4,6.5,24.5,2016-05,2016
2016-05-05,61.0,24.0,16.0,18.0,2.0,7.0,57.0,7.0,29.3,33.8,27.3,4.3,27.0,2016-05,2016
2016-05-10,27.0,14.0,16.0,22.0,4.0,7.0,52.0,0.0,30.4,34.6,27.3,5.8,27.0,2016-05,2016
2016-05-12,51.0,19.0,4.0,12.0,3.0,6.0,51.0,0.2,29.0,33.7,26.8,4.3,29.2,2016-05,2016
2016-05-13,51.0,21.0,6.0,19.0,8.0,5.0,53.0,5.0,28.3,32.0,24.6,4.3,32.4,2016-05,2016
2016-05-14,57.0,21.0,20.0,17.0,10.0,5.0,54.0,3.8,27.5,32.9,25.6,3.6,33.1,2016-05,2016
2016-05-17,86.0,31.0,10.0,20.0,8.0,5.0,54.0,13.2,28.8,34.2,26.4,3.6,30.2,2016-05,2016
2016-05-18,60.0,20.0,7.0,20.0,4.0,5.0,55.0,7.6,27.8,32.5,26.1,4.3,24.1,2016-05,2016
2016-05-19,55.0,17.0,16.0,16.0,7.0,2.0,47.0,0.0,28.6,33.1,25.9,4.3,20.5,2016-05,2016
2016-05-23,43.0,16.0,15.0,15.0,5.0,2.0,46.0,0.4,29.5,34.4,25.5,4.7,29.9,2016-05,2016
2016-06-01,61.0,22.0,13.0,22.0,4.0,3.0,58.0,1.4,27.6,30.1,26.1,4.3,31.7,2016-06,2016
2016-06-05,68.0,21.0,19.0,16.0,7.0,1.0,51.0,0.0,28.4,33.1,25.5,4.0,18.0,2016-06,2016
2016-06-06,46.0,17.0,16.0,17.0,3.0,1.0,53.0,0.0,29.8,33.0,27.4,4.7,23.4,2016-06,2016
2016-06-10,61.0,20.0,9.0,18.0,6.0,3.0,49.0,1.0,28.3,32.7,25.8,3.6,22.0,2016-06,2016
2016-06-13,36.0,18.0,14.0,16.0,5.0,3.0,55.0,0.0,28.9,32.5,26.1,4.3,25.6,2016-06,2016
2016-06-14,55.0,19.0,9.0,19.0,7.0,3.0,52.0,0.2,28.8,32.2,26.6,5.0,25.9,2016-06,2016
2016-06-18,44.0,22.0,25.0,16.0,2.0,5.0,51.0,0.4,26.9,30.3,24.7,3.6,18.7,2016-06,2016
2016-06-20,46.0,17.0,15.0,21.0,5.0,4.0,52.0,0.0,28.8,32.1,25.8,5.4,28.1,2016-06,2016
2016-06-21,49.0,22.0,5.0,22.0,6.0,4.0,55.0,0.2,29.1,32.2,26.9,3.6,22.0,2016-06,2016
2016-06-22,55.0,19.0,14.0,7.0,4.0,2.0,49.0,3.8,27.0,31.8,24.5,4.7,30.2,2016-06,2016
2016-06-28,45.0,23.0,22.0,16.0,10.0,3.0,52.0,0.0,30.2,34.2,27.4,6.1,27.4,2016-06,2016
2016-06-29,53.0,25.0,22.0,18.0,8.0,3.0,55.0,0.0,31.0,34.5,28.0,5.8,24.8,2016-06,2016
2016-06-30,58.0,26.0,25.0,12.0,4.0,3.0,57.0,0.0,30.5,34.1,28.2,7.2,23.8,2016-06,2016
2016-01-18,54.0,21.0,9.0,12.0,3.0,2.0,52.0,11.2,27.8,34.0,25.2,4.7,26.6,2016-01,2016
2016-01-19,55.0,20.0,11.0,12.0,2.0,2.0,48.0,1.2,27.9,30.8,25.9,5.8,30.6,2016-01,2016
2016-01-21,41.0,19.0,7.0,12.0,1.0,2.0,48.0,0.6,27.8,30.4,26.5,6.5,27.4,2016-01,2016
2016-01-28,46.0,20.0,9.0,12.0,5.0,3.0,48.0,0.0,28.1,32.8,25.7,6.5,28.1,2016-01,2016
2016-02-02,36.0,19.0,15.0,7.0,4.546296296296297,2.0,47.0,5.8,27.5,31.1,24.7,6.5,34.6,2016-02,2016
2016-02-14,44.0,18.0,15.0,6.0,2.0,2.0,47.0,16.0,27.8,32.4,24.5,5.8,41.0,2016-02,2016
2016-02-17,61.0,29.0,17.0,9.0,4.546296296296297,2.0,54.0,0.0,27.7,31.1,25.1,8.6,38.2,2016-02,2016
2016-02-20,45.0,22.0,17.0,8.0,4.546296296296297,3.0,51.0,0.6,26.1,28.7,24.3,5.8,30.2,2016-02,2016
2016-02-21,48.0,24.0,17.0,8.0,2.0,3.0,49.0,0.0,27.1,30.7,24.5,7.6,34.9,2016-02,2016
2016-02-22,44.0,23.0,12.0,8.0,3.0,3.0,50.0,0.0,27.6,31.9,24.9,7.9,35.3,2016-02,2016
2016-02-23,52.0,21.0,6.0,13.0,2.0,5.0,47.0,0.0,27.7,31.3,25.4,8.3,34.2,2016-02,2016
2016-02-24,41.0,18.0,15.0,9.0,2.0,3.0,46.0,8.8,25.7,29.6,23.4,6.5,29.5,2016-02,2016
2016-02-26,51.0,25.0,16.0,8.0,3.0,2.0,49.0,0.0,27.8,31.7,25.3,9.4,41.8,2016-02,2016
2016-02-28,43.0,24.0,13.0,7.0,2.0,1.0,50.0,0.0,28.1,31.9,25.8,9.7,36.0,2016-02,2016
2016-03-03,52.0,25.0,9.0,10.0,2.0,2.0,47.0,0.0,27.9,31.9,25.9,10.1,40.0,2016-03,2016
2016-03-07,48.0,21.0,9.0,14.0,2.0,4.0,51.0,2.4,27.9,31.0,26.1,7.2,31.3,2016-03,2016
2016-03-09,42.0,20.0,15.0,18.0,3.0,2.0,50.0,0.0,29.0,33.9,26.1,7.2,26.3,2016-03,2016
2016-03-10,57.0,21.0,18.0,10.0,1.0,3.0,48.0,3.2,28.2,33.2,26.2,5.8,28.1,2016-03,2016
2016-03-11,47.0,18.0,15.0,11.0,1.0,3.0,47.0,0.0,28.9,34.0,26.3,6.8,36.7,2016-03,2016
2016-03-12,46.0,20.0,14.0,12.0,4.546296296296297,3.0,47.0,0.0,28.8,32.8,25.8,7.6,35.3,2016-03,2016
2016-03-13,50.0,21.0,18.0,9.0,1.0,4.0,54.0,11.6,27.8,33.1,24.3,6.1,34.6,2016-03,2016
2016-03-14,55.0,22.0,17.0,6.0,1.0,3.0,54.0,0.4,28.7,33.8,26.2,6.5,28.8,2016-03,2016
2016-03-15,59.0,22.0,23.0,14.0,1.0,6.0,54.0,0.0,28.7,33.4,26.1,6.8,31.3,2016-03,2016
2016-03-16,54.0,22.0,26.0,12.0,1.0,2.0,57.0,0.0,28.4,34.3,25.3,6.1,23.0,2016-03,2016
2016-03-17,61.0,24.0,28.0,12.0,1.0,2.0,59.0,0.0,28.7,34.5,25.6,6.5,29.9,2016-03,2016
2016-03-18,65.0,28.0,33.0,12.0,2.0,2.0,60.0,0.0,28.6,33.8,25.8,6.5,25.9,2016-03,2016
2016-03-19,69.0,28.0,27.0,13.0,1.0,2.0,61.0,0.0,28.6,33.0,25.5,7.2,27.4,2016-03,2016
2016-03-20,75.0,30.0,28.0,19.0,1.0,2.0,61.0,5.0,28.3,32.9,26.1,5.8,22.7,2016-03,2016
2016-03-21,67.0,29.0,23.0,22.0,1.0,3.0,59.0,10.8,28.4,34.7,26.0,5.0,28.8,2016-03,2016
2016-03-22,69.0,29.0,30.0,19.0,2.0,3.0,62.0,0.0,28.4,32.7,26.7,5.4,31.7,2016-03,2016
2016-03-23,70.0,24.0,32.0,10.0,2.0,3.0,59.0,0.0,29.1,33.9,26.2,5.4,24.5,2016-03,2016
2015-10-29,42.0,20.0,18.0,16.0,4.0,5.0,53.0,0.0,28.4,33.1,25.0,6.0,29.2,2015-10,2015
2015-10-31,49.0,25.0,36.0,17.0,3.0,6.0,60.0,0.4,27.2,31.0,25.4,4.0,18.4,2015-10,2015
2015-11-01,63.0,25.0,21.0,19.0,3.0,5.0,55.0,2.0,27.3,33.5,25.3,3.5,27.4,2015-11,2015
2015-11-02,52.0,21.0,12.0,21.0,3.0,5.0,57.0,5.4,26.9,33.1,25.2,4.2,29.5,2015-11,2015
2015-11-18,58.0,19.0,14.0,17.0,4.0,4.0,51.0,0.0,28.4,32.5,25.5,6.0,31.3,2015-11,2015
2015-11-28,45.0,22.0,22.0,15.0,3.0,3.0,48.0,12.4,28.3,33.3,25.5,4.5,32.4,2015-11,2015
2015-11-29,52.0,18.0,17.0,18.0,11.0,3.0,49.0,1.6,28.4,33.1,24.5,5.5,28.4,2015-11,2015
2015-12-03,40.0,21.0,17.0,17.0,2.0,3.0,53.0,0.2,28.1,32.4,25.4,5.1,27.4,2015-12,2015
2015-12-07,30.0,18.0,12.0,14.0,2.0,4.0,49.0,0.0,28.2,32.4,24.9,6.7,32.0,2015-12,2015
2015-12-10,42.0,19.0,10.0,16.0,2.0,7.0,49.0,3.6,27.5,33.0,24.3,4.7,28.4,2015-12,2015
2015-12-14,35.0,20.0,11.0,15.0,2.0,5.0,54.0,1.8,26.8,32.1,24.1,4.1,31.7,2015-12,2015
2015-12-15,56.0,22.0,17.0,15.0,2.0,5.0,51.0,0.0,27.0,29.5,25.0,5.0,22.0,2015-12,2015
2015-12-16,52.0,26.0,20.0,14.0,2.0,6.0,55.0,3.4,27.5,30.4,25.3,4.8,28.4,2015-12,2015
2015-12-18,70.0,34.0,25.0,13.0,3.0,6.0,59.0,4.0,27.1,30.1,24.8,7.2,41.4,2015-12,2015
2015-12-19,63.0,28.0,34.0,8.0,2.0,6.0,59.0,0.0,28.1,32.5,25.3,7.1,28.4,2015-12,2015
2015-12-20,64.0,24.0,30.0,12.0,2.0,5.0,54.0,0.0,27.924672639558924,31.916264645072363,25.24879393521709,4.7,19.4,2015-12,2015
2015-12-22,68.0,29.0,28.0,17.0,5.0,4.0,60.0,0.0,29.2,33.8,26.1,4.5,24.8,2015-12,2015
2015-12-23,68.0,23.0,9.0,18.0,3.0,5.0,49.0,1.8,28.3,33.0,23.6,5.7,43.6,2015-12,2015
2016-01-01,23.0,24.86731167933656,17.89288182446441,14.28754266211604,4.546296296296297,4.4577714691270405,56.06187050359712,6.4,26.8,28.7,24.8,6.1,33.1,2016-01,2016
2015-07-16,41.0,20.0,13.0,14.0,4.0,6.0,50.0,0.0,29.4,32.4,27.8,8.0,31.7,2015-07,2015
2015-07-17,43.0,21.0,15.0,14.0,3.0,8.0,49.0,2.6,28.7,31.9,25.9,7.7,29.2,2015-07,2015
2015-07-18,44.0,21.0,17.0,11.0,2.0,7.0,52.0,0.4,29.4,32.7,22.4,9.0,35.3,2015-07,2015
2015-07-20,38.0,20.0,15.0,12.0,3.0,2.0,47.0,0.0,29.4,33.0,27.5,8.0,32.4,2015-07,2015
2015-07-21,40.0,19.0,14.0,15.0,3.0,2.0,46.0,0.0,29.6,32.8,27.8,7.5,30.2,2015-07,2015
2015-07-22,41.0,20.0,15.0,15.0,2.0,2.0,51.0,0.0,29.7,33.8,27.2,9.9,32.8,2015-07,2015
2015-07-23,40.0,19.0,11.0,14.0,2.0,3.0,49.0,0.0,29.4,32.5,27.6,8.6,30.6,2015-07,2015
2015-07-24,41.0,20.0,14.0,13.0,3.0,3.0,48.0,0.0,29.0,33.7,26.9,7.3,30.6,2015-07,2015
2015-07-25,46.0,22.0,19.0,12.0,4.0,3.0,55.0,0.0,29.5,33.4,25.6,6.8,34.6,2015-07,2015
2015-07-27,51.0,19.0,12.0,14.0,7.0,3.0,57.0,0.0,28.8,31.8,26.1,6.7,29.2,2015-07,2015
2015-07-30,38.0,16.0,12.0,9.0,2.0,2.0,47.0,0.0,29.2,32.2,27.6,7.2,31.7,2015-07,2015
2015-07-31,52.0,20.0,11.0,16.0,3.0,4.0,57.0,1.2,27.1,32.2,24.8,5.0,31.7,2015-07,2015
2015-08-01,53.0,25.0,12.0,17.0,4.0,5.0,55.0,1.0,26.6,30.6,23.4,5.7,26.3,2015-08,2015
2015-08-02,40.0,20.0,13.0,12.0,5.0,3.0,47.0,0.0,28.8,32.9,25.7,6.1,28.1,2015-08,2015
2015-08-04,47.0,18.0,15.0,18.0,4.0,5.0,50.0,11.2,27.0,30.5,23.4,4.4,20.5,2015-08,2015
2015-08-05,54.0,20.0,17.0,17.0,6.0,5.0,55.0,0.0,28.7,31.8,26.5,5.5,24.1,2015-08,2015
2015-08-06,49.0,21.0,11.0,18.0,3.0,4.0,54.0,5.0,26.9,30.2,24.6,5.5,29.2,2015-08,2015
2015-08-07,52.0,22.0,10.0,18.0,3.0,5.0,56.0,5.4,26.9,30.0,24.9,4.6,22.0,2015-08,2015
2015-08-08,56.0,22.0,16.0,17.0,3.0,5.0,56.0,11.2,27.8,30.9,24.5,5.2,28.4,2015-08,2015
2015-08-09,46.0,21.0,20.0,12.0,5.0,4.0,46.0,6.6,27.2,30.6,22.6,6.6,37.1,2015-08,2015
2015-08-10,61.0,26.0,21.0,9.0,3.0,3.0,60.0,0.0,28.9,31.4,26.9,8.8,36.0,2015-08,2015
2015-08-11,54.0,28.0,13.0,11.0,3.0,4.0,56.0,2.0,28.2,32.0,26.6,6.5,37.8,2015-08,2015
2015-08-13,57.0,25.0,16.0,15.0,7.0,6.0,57.0,0.0,28.2,32.2,25.4,6.4,36.7,2015-08,2015
2015-08-14,53.0,21.0,14.0,13.0,4.0,4.0,55.0,0.0,29.3,33.6,26.6,7.1,24.1,2015-08,2015
2015-08-15,49.0,22.0,17.0,10.0,4.0,6.0,53.0,0.0,29.2,33.2,27.1,9.3,31.3,2015-08,2015
2015-08-16,47.0,24.0,16.0,8.0,3.0,8.0,52.0,0.0,28.9,32.1,27.1,8.5,43.6,2015-08,2015
2015-08-17,50.0,24.0,13.0,10.0,4.0,5.0,55.0,0.8,28.7,31.5,26.4,7.4,31.3,2015-08,2015
2015-08-18,54.0,26.0,27.0,10.0,3.0,2.0,57.0,0.0,29.1,33.0,26.8,8.3,27.7,2015-08,2015
2015-08-30,60.0,35.0,15.0,7.0,2.0,1.0,57.0,0.0,29.3,32.9,27.5,8.3,31.3,2015-08,2015
2015-04-04,74.0,26.0,11.0,21.0,5.0,2.0,55.0,3.4,28.4,33.8,25.3,4.5,32.0,2015-04,2015
2015-04-06,72.0,29.0,14.0,14.0,6.0,2.0,52.0,1.0,28.3,32.9,26.1,5.0,28.8,2015-04,2015
2015-04-08,36.0,18.0,16.0,9.0,2.0,2.0,46.0,0.0,29.0,34.1,26.4,7.0,32.4,2015-04,2015
2015-04-12,45.0,22.0,30.0,14.0,2.0,2.0,55.0,0.2,27.8,34.1,25.4,4.7,31.3,2015-04,2015
2015-04-13,56.0,24.0,24.0,12.0,2.0,2.0,48.0,0.0,28.9,33.6,25.7,6.0,27.0,2015-04,2015
2015-04-16,31.0,21.0,20.0,10.0,3.0,2.0,52.0,0.0,29.4,33.2,26.3,8.0,32.4,2015-04,2015
2015-04-17,51.0,24.0,31.0,18.0,4.0,2.0,59.0,0.0,29.4,33.5,26.4,7.2,30.6,2015-04,2015
2015-04-22,64.0,27.0,15.0,16.0,7.0,5.0,57.0,5.6,27.9,33.7,24.8,4.5,20.5,2015-04,2015
2015-04-23,63.0,30.0,15.0,15.0,10.0,6.0,54.0,2.8,27.9,34.0,25.7,4.0,20.9,2015-04,2015
2015-04-26,39.0,18.0,11.0,13.0,2.0,2.0,53.0,2.2,27.5,31.7,24.7,5.1,28.8,2015-04,2015
2015-04-27,51.0,28.0,10.0,15.0,3.0,4.0,55.0,11.4,27.3,32.1,23.6,3.9,35.6,2015-04,2015
2015-04-29,55.0,22.0,17.0,15.0,2.0,3.0,54.0,0.0,28.2,33.0,24.9,3.8,23.4,2015-04,2015
2015-04-30,57.0,25.0,30.0,16.0,3.0,5.0,57.0,3.0,27.2,32.9,25.1,4.6,36.0,2015-04,2015
2015-05-01,62.0,24.0,11.0,15.0,5.0,5.0,53.0,0.0,27.6,32.1,25.4,3.3,24.1,2015-05,2015
2015-05-06,75.0,28.0,5.0,12.0,10.0,3.0,51.0,0.0,28.8,33.6,26.2,4.5,27.7,2015-05,2015
2015-05-07,45.0,20.0,8.0,10.0,5.0,3.0,51.0,13.2,28.7,32.8,25.4,5.4,22.0,2015-05,2015
2015-05-12,40.0,16.0,13.0,9.0,4.0,3.0,52.0,0.0,29.5,33.8,27.8,7.4,29.9,2015-05,2015
2015-05-14,35.0,23.0,5.0,19.0,3.0,7.0,58.0,17.4,28.5,34.2,24.1,5.3,38.2,2015-05,2015
2015-05-17,30.0,19.0,7.0,13.0,3.0,4.0,55.0,0.0,28.7,33.5,26.1,4.4,25.9,2015-05,2015
2015-05-20,35.0,24.0,15.0,6.0,4.0,6.0,57.0,0.6,28.6,32.3,26.0,5.5,27.0,2015-05,2015
2015-05-21,57.0,21.0,11.0,9.0,4.0,2.0,54.0,0.0,29.0,33.0,26.0,5.9,27.7,2015-05,2015
2015-05-22,48.0,21.0,6.0,12.0,5.0,3.0,53.0,0.0,29.0,32.1,27.3,5.6,31.7,2015-05,2015
2015-05-23,54.0,23.0,17.0,9.0,12.0,4.0,49.0,12.8,26.7,28.4,24.7,4.1,21.2,2015-05,2015
2015-05-24,47.0,17.0,8.0,8.0,6.0,3.0,48.0,0.0,28.7,33.3,25.9,4.6,21.2,2015-05,2015
2015-05-25,40.0,16.0,13.0,9.0,4.0,3.0,52.0,1.6,28.4,32.6,26.3,4.2,28.1,2015-05,2015
2015-05-26,44.0,24.0,10.0,10.0,2.0,5.0,51.0,12.0,28.2,32.9,24.8,5.1,30.2,2015-05,2015
2015-05-27,48.0,19.0,14.0,10.0,4.0,5.0,46.0,0.0,28.1,32.2,24.8,5.3,30.6,2015-05,2015
2015-05-31,34.0,21.0,20.0,14.0,4.0,4.0,53.0,0.0,29.5,33.4,27.4,5.9,31.7,2015-05,2015
2015-06-01,48.0,17.0,15.0,13.0,5.0,3.0,50.0,0.0,29.4,34.2,26.3,5.2,25.6,2015-06,2015
2015-06-02,41.0,19.0,20.0,17.0,5.0,4.0,52.0,0.0,29.4,34.9,26.4,6.4,30.6,2015-06,2015
2015-06-04,37.0,20.0,13.0,17.0,3.0,3.0,51.0,0.8,29.2,32.8,27.2,6.6,28.8,2015-06,2015
2015-06-05,43.0,20.0,4.0,21.0,4.546296296296297,4.4577714691270405,57.0,0.0,29.1,33.4,26.2,4.0,24.8,2015-06,2015
2015-06-08,38.0,22.0,7.0,20.0,5.0,5.0,55.0,0.8,28.1,31.2,25.6,4.3,23.8,2015-06,2015
2015-06-14,35.0,15.0,7.0,16.0,5.0,2.0,46.0,6.8,26.4,27.9,23.8,5.8,35.6,2015-06,2015
2015-06-15,44.0,22.0,10.0,19.0,4.0,2.0,52.0,0.0,27.9,31.0,25.4,4.5,27.4,2015-06,2015
2015-06-16,52.0,25.0,12.0,22.0,4.0,2.0,56.06187050359712,4.4,27.0,29.6,22.9,4.3,37.8,2015-06,2015
2015-06-17,57.0,23.0,18.0,18.0,3.0,2.0,56.06187050359712,0.4,27.9,30.7,26.4,4.7,25.2,2015-06,2015
2015-06-18,55.0,20.0,13.0,13.0,3.0,2.0,56.06187050359712,0.0,29.4,33.5,26.6,6.2,24.8,2015-06,2015
2015-06-19,42.0,17.0,12.0,12.0,2.0,2.0,56.06187050359712,0.0,29.3,31.8,27.6,7.2,27.4,2015-06,2015
2015-06-20,31.0,18.0,13.0,12.0,3.0,4.4577714691270405,56.06187050359712,0.0,29.8,32.6,27.9,7.0,30.6,2015-06,2015
2015-01-02,48.0,30.0,25.0,8.0,2.0,2.0,55.0,0.0,26.5,29.3,24.2,8.6,35.6,2015-01,2015
2015-01-15,29.0,20.0,24.0,8.0,2.0,2.0,48.0,0.0,27.1,31.4,24.8,9.2,32.8,2015-01,2015
2015-01-16,42.0,22.0,30.0,6.0,3.0,2.0,52.0,0.0,26.8,31.2,24.1,8.0,32.8,2015-01,2015
2015-01-18,41.0,27.0,28.0,9.0,3.0,2.0,53.0,0.0,26.3,30.6,23.6,9.0,34.2,2015-01,2015
2015-01-19,45.0,30.0,27.0,7.0,3.0,2.0,56.0,0.0,26.4,30.8,23.9,9.3,37.1,2015-01,2015
2015-01-20,55.0,34.0,21.0,11.0,3.0,3.0,58.0,0.0,26.4,30.4,23.8,8.8,34.9,2015-01,2015
2015-01-22,74.0,34.0,25.0,10.0,4.0,2.0,54.0,0.0,26.4,29.8,24.2,9.0,36.0,2015-01,2015
2015-01-23,52.0,31.0,29.0,7.0,4.0,2.0,58.0,0.0,26.0,29.6,23.7,9.2,35.6,2015-01,2015
2015-01-26,70.0,32.0,24.0,9.0,5.0,2.0,56.0,0.0,26.5,31.1,24.2,8.3,32.0,2015-01,2015
2015-01-27,62.0,25.0,20.0,11.0,5.0,2.0,51.0,0.0,26.8,31.7,23.8,7.8,32.4,2015-01,2015
2015-02-01,35.0,22.0,18.0,12.0,5.0,1.0,50.0,0.0,26.1,30.8,23.2,8.4,39.2,2015-02,2015
2015-02-02,36.0,23.0,19.0,6.0,4.0,1.0,48.0,0.6,25.9,28.6,23.9,7.3,37.4,2015-02,2015
2015-02-06,37.0,23.0,29.0,13.0,3.0,2.0,49.0,7.0,25.4,29.0,23.1,8.5,42.5,2015-02,2015
2015-02-07,41.0,28.0,31.0,10.0,4.0,3.0,55.0,0.0,26.1,29.8,24.0,9.4,36.7,2015-02,2015
2015-02-08,53.0,28.0,30.0,9.0,4.0,3.0,54.0,0.0,26.1,30.0,23.8,9.3,38.9,2015-02,2015
2015-02-10,47.0,24.86731167933656,17.89288182446441,14.28754266211604,4.546296296296297,4.4577714691270405,60.0,0.0,27.924672639558924,31.916264645072363,25.24879393521709,5.893737095664142,30.50943526170799,2015-02,2015
2015-02-11,64.0,24.86731167933656,17.89288182446441,14.28754266211604,4.546296296296297,4.4577714691270405,61.0,0.0,27.924672639558924,31.916264645072363,25.24879393521709,5.893737095664142,30.50943526170799,2015-02,2015
2015-02-13,65.0,24.86731167933656,17.89288182446441,14.28754266211604,4.546296296296297,4.4577714691270405,60.0,0.0,27.924672639558924,31.916264645072363,25.24879393521709,7.2,30.50943526170799,2015-02,2015
2015-02-14,59.0,29.0,36.0,11.0,4.0,2.0,60.0,0.0,26.3,30.2,23.3,8.0,31.7,2015-02,2015
2015-02-15,59.0,27.0,30.0,11.0,4.0,2.0,57.0,0.0,26.8,31.8,23.4,7.8,28.1,2015-02,2015
2015-02-16,56.0,28.0,23.0,11.0,4.0,2.0,52.0,0.0,27.1,32.4,24.0,9.0,35.3,2015-02,2015
2015-02-20,39.0,20.0,25.0,8.0,2.0,1.0,47.0,0.0,27.2,31.7,24.7,8.2,31.3,2015-02,2015
2015-02-24,49.0,20.0,23.0,13.0,3.0,2.0,49.0,0.0,26.8,30.2,24.4,7.2,38.2,2015-02,2015
2015-02-25,49.0,22.0,21.0,11.0,3.0,2.0,50.0,0.0,27.2,32.6,24.0,7.1,32.0,2015-02,2015
2015-02-26,48.0,22.0,23.0,11.0,3.0,2.0,51.0,0.0,27.2,31.4,24.3,7.2,28.1,2015-02,2015
2015-03-01,39.0,18.0,16.0,14.0,2.0,1.0,46.0,0.0,28.0,32.8,24.8,8.4,35.3,2015-03,2015
2015-03-02,41.0,20.0,18.0,14.0,3.0,2.0,54.0,0.0,27.5,33.2,24.7,7.4,34.6,2015-03,2015
2015-03-03,43.0,25.0,26.0,19.0,4.0,3.0,54.0,0.0,28.0,32.9,25.6,6.9,30.2,2015-03,2015
2015-03-05,65.0,30.0,28.0,18.0,4.0,2.0,61.0,0.0,27.6,33.6,24.4,6.4,33.5,2015-03,2015
2015-03-06,65.0,27.0,22.0,12.0,4.0,2.0,48.0,0.0,27.5,33.2,24.3,5.8,24.8,2015-03,2015
2015-03-12,48.0,25.0,26.0,15.0,3.0,2.0,46.0,0.0,26.9,30.9,24.7,6.8,32.8,2015-03,2015
2015-03-15,36.0,20.0,26.0,17.0,8.0,3.0,53.0,0.4,27.3,31.1,25.1,6.8,25.9,2015-03,2015
2015-03-16,51.0,24.0,28.0,12.0,3.0,2.0,57.0,7.8,27.2,33.3,24.9,5.2,30.6,2015-03,2015
2015-03-17,53.0,24.0,34.0,10.0,2.0,2.0,58.0,2.0,27.8,33.4,25.3,6.4,22.3,2015-03,2015
2015-03-18,56.0,26.0,30.0,14.0,3.0,3.0,59.0,0.0,28.1,33.4,25.5,6.6,25.9,2015-03,2015
2015-03-23,71.0,29.0,26.0,12.0,2.0,2.0,58.0,0.0,28.0,34.7,24.8,6.6,30.2,2015-03,2015
2015-03-24,63.0,25.0,20.0,10.0,3.0,2.0,50.0,0.0,27.8,31.1,25.7,6.7,27.4,2015-03,2015
2015-03-25,49.0,23.0,18.0,10.0,3.0,2.0,51.0,0.0,28.5,32.6,26.2,8.8,36.4,2015-03,2015
2015-03-26,55.0,25.0,19.0,11.0,3.0,1.0,50.0,0.0,28.4,32.7,26.0,8.9,37.1,2015-03,2015
2015-03-30,43.0,24.0,19.0,13.0,2.0,2.0,54.0,0.0,28.5,33.5,25.3,6.9,31.3,2015-03,2015
2018-12-31,54.023093072078375,16.0,29.0,14.28754266211604,1.0,4.0,56.06187050359712,5.6,27.1,31.6,24.8,6.1,36.7,2018-12,2018
2018-03-31,54.023093072078375,43.0,26.0,14.28754266211604,2.0,6.0,56.06187050359712,0.0,27.9,33.6,24.6,5.0,28.4,2018-03,2018
2017-09-10,54.023093072078375,25.0,20.0,21.0,8.0,6.0,56.06187050359712,1.8,27.7,31.3,25.8,4.0,35.6,2017-09,2017
2015-07-03,54.023093072078375,29.0,15.0,14.0,7.0,2.0,56.0,0.0,29.5,32.6,27.6,6.8,29.5,2015-07,2015
2015-07-06,54.023093072078375,30.0,21.0,16.0,5.0,4.4577714691270405,61.0,0.6,29.3,32.1,27.7,7.3,27.0,2015-07,2015
2015-07-07,54.023093072078375,30.0,18.0,15.0,2.0,1.0,62.0,0.8,29.4,32.1,27.9,6.5,28.4,2015-07,2015
2015-07-11,54.023093072078375,27.0,17.0,16.0,7.0,1.0,56.0,7.4,29.4,32.9,25.7,6.1,31.3,2015-07,2015
2015-07-12,54.023093072078375,25.0,18.0,15.0,5.0,1.0,52.0,1.0,29.4,33.2,27.8,7.5,25.2,2015-07,2015
2015-07-13,54.023093072078375,20.0,13.0,13.0,4.0,1.0,51.0,0.4,29.3,31.3,27.8,7.3,28.1,2015-07,2015
2015-06-21,54.023093072078375,19.0,15.0,11.0,2.0,4.0,56.06187050359712,0.0,30.1,33.2,28.3,6.7,27.0,2015-06,2015
2015-06-22,54.023093072078375,23.0,18.0,13.0,2.0,3.0,56.06187050359712,0.0,30.1,33.6,28.2,7.5,28.4,2015-06,2015
2015-06-23,54.023093072078375,27.0,20.0,12.0,2.0,3.0,56.06187050359712,0.0,29.9,32.7,28.2,7.4,27.0,2015-06,2015
2015-06-24,54.023093072078375,29.0,21.0,12.0,2.0,4.0,60.0,0.0,29.8,32.9,28.2,8.0,30.6,2015-06,2015
2015-06-25,54.023093072078375,25.0,21.0,12.0,2.0,4.4577714691270405,57.0,0.0,29.7,32.0,28.1,8.0,26.6,2015-06,2015
2015-06-26,54.023093072078375,21.0,14.0,12.0,2.0,4.4577714691270405,46.0,0.0,29.6,33.0,27.7,8.3,28.4,2015-06,2015
2015-06-28,54.023093072078375,20.0,18.0,14.0,2.0,5.0,56.0,1.0,29.7,33.1,28.0,7.7,31.0,2015-06,2015
2015-06-29,54.023093072078375,23.0,21.0,13.0,3.0,5.0,60.0,0.0,30.0,33.3,27.5,6.5,29.5,2015-06,2015
2015-06-30,54.023093072078375,27.0,10.0,20.0,3.0,5.0,58.0,0.0,29.8,33.3,27.5,7.0,25.2,2015-06,2015
