Date,pm25,pm10,o3,no2,so2,co,psi,Temperature (Avg),Dew Point (Avg),Humidity (Avg),Wind Speed  (Avg),Pressure (Avg),Precipitation(Total)
2015-01-01,55.0,25.0,26.0,14.0,2.0,1.0,56.06187050359712,80.1,72.5,78.0,6.4,29.8,0.0
2015-01-02,48.0,30.0,25.0,8.0,2.0,2.0,55.0,81.6,71.0,70.8,11.8,29.8,0.0
2015-01-27,62.0,25.0,20.0,11.0,5.0,2.0,51.0,82.2,70.5,68.6,11.5,29.8,0.0
2015-02-14,59.0,29.0,36.0,11.0,4.0,2.0,60.0,81.3,70.4,69.7,11.0,29.8,0.0
2015-02-15,59.0,27.0,30.0,11.0,4.0,2.0,57.0,82.3,71.6,70.4,10.1,29.8,0.0
2015-02-20,39.0,20.0,25.0,8.0,2.0,1.0,47.0,82.6,71.2,69.8,11.7,29.8,0.0
2015-02-23,38.0,21.0,18.0,11.0,2.0,2.0,49.0,82.7,71.9,71.2,8.5,29.8,0.0
2015-02-24,49.0,20.0,23.0,13.0,3.0,2.0,49.0,82.3,72.0,72.2,9.6,29.8,0.0
2015-02-25,49.0,22.0,21.0,11.0,3.0,2.0,50.0,82.7,72.5,72.4,10.2,29.8,0.0
2015-02-26,48.0,22.0,23.0,11.0,3.0,2.0,51.0,82.6,72.5,72.3,8.8,29.8,0.0
2015-03-01,39.0,18.0,16.0,14.0,2.0,1.0,46.0,84.5,72.6,69.0,11.1,29.8,0.0
2015-03-02,41.0,20.0,18.0,14.0,3.0,2.0,54.0,84.1,71.7,67.8,8.8,29.8,0.0
2015-03-03,43.0,25.0,26.0,19.0,4.0,3.0,54.0,84.7,72.5,68.2,8.5,29.8,0.0
2015-03-04,50.0,27.0,27.0,16.0,4.0,3.0,57.0,82.2,72.2,73.7,8.0,29.8,0.0
2015-03-05,65.0,30.0,28.0,18.0,4.0,2.0,61.0,84.0,71.3,66.7,7.5,29.8,0.0
2015-03-06,65.0,27.0,22.0,12.0,4.0,2.0,48.0,83.4,71.3,67.8,7.0,29.8,0.0
2015-03-16,51.0,24.0,28.0,12.0,3.0,2.0,57.0,82.8,73.6,75.9,6.1,29.8,0.0
2015-03-17,53.0,24.0,34.0,10.0,2.0,2.0,58.0,84.6,73.6,71.3,7.5,29.8,0.0
2015-03-18,56.0,26.0,30.0,14.0,3.0,3.0,59.0,84.7,73.5,70.7,7.4,29.8,0.0
2015-03-23,71.0,29.0,26.0,12.0,2.0,2.0,58.0,84.2,73.4,71.0,9.3,29.8,0.0
2015-03-24,63.0,25.0,20.0,10.0,3.0,2.0,50.0,83.7,72.4,69.5,9.6,29.8,0.0
2015-03-30,43.0,24.0,19.0,13.0,2.0,2.0,54.0,84.6,74.2,72.6,8.7,29.8,0.0
2015-04-01,55.0,21.0,13.0,18.0,3.0,4.0,49.0,82.7,74.7,78.7,3.6,29.8,0.0
2015-04-08,36.0,18.0,16.0,9.0,2.0,2.0,46.0,85.8,74.3,70.0,8.2,29.8,0.0
2015-04-11,43.0,20.0,21.0,16.0,2.0,3.0,52.0,83.5,74.2,74.5,4.2,29.8,0.0
2015-04-12,45.0,22.0,30.0,14.0,2.0,2.0,55.0,83.6,74.2,74.8,5.3,29.8,0.0
2015-04-13,56.0,24.0,24.0,12.0,2.0,2.0,48.0,86.0,73.5,67.9,7.3,29.8,0.0
2015-04-16,31.0,21.0,20.0,10.0,3.0,2.0,52.0,86.0,72.6,65.4,9.8,29.8,0.0
2015-04-17,51.0,24.0,31.0,18.0,4.0,2.0,59.0,87.0,73.1,64.7,9.2,29.8,0.0
2015-04-21,88.0,30.0,31.0,21.0,6.0,4.0,57.0,82.7,73.4,75.3,4.8,29.8,0.0
2015-04-22,64.0,27.0,15.0,16.0,7.0,5.0,57.0,85.2,74.2,71.5,3.9,29.8,0.0
2015-04-23,63.0,30.0,15.0,15.0,10.0,6.0,54.0,84.9,73.9,71.1,4.6,29.8,0.0
2015-04-24,61.0,25.0,14.0,15.0,11.0,5.0,49.0,83.4,73.8,75.0,4.0,29.8,0.0
2015-04-26,39.0,18.0,11.0,13.0,2.0,2.0,53.0,83.0,74.9,77.8,7.9,29.8,0.0
2015-04-27,51.0,28.0,10.0,15.0,3.0,4.0,55.0,81.8,73.7,77.5,4.4,29.8,0.0
2015-04-28,57.0,22.0,19.0,12.0,2.0,5.0,52.0,82.1,74.3,78.8,5.0,29.8,0.0
2015-04-29,55.0,22.0,17.0,15.0,2.0,3.0,54.0,84.0,74.9,75.2,4.4,29.8,0.0
2015-04-30,57.0,25.0,30.0,16.0,3.0,5.0,57.0,82.4,74.8,79.6,4.9,29.8,0.0
2015-05-01,62.0,24.0,11.0,15.0,5.0,5.0,53.0,82.9,74.3,77.2,3.0,29.8,0.0
2015-05-03,42.0,19.0,13.0,15.0,5.0,3.0,52.0,81.5,75.1,81.5,2.6,29.8,0.0
2015-05-07,45.0,20.0,8.0,10.0,5.0,3.0,51.0,83.7,76.3,79.2,5.6,29.8,0.0
2015-05-12,40.0,16.0,13.0,9.0,4.0,3.0,52.0,86.1,75.5,71.2,5.8,29.8,0.0
2015-05-14,35.0,23.0,5.0,19.0,3.0,7.0,58.0,84.4,74.5,74.2,5.3,29.8,0.0
2015-05-17,30.0,19.0,7.0,13.0,3.0,4.0,55.0,85.2,75.2,73.4,5.0,29.8,0.0
2015-05-18,53.0,20.0,11.0,8.0,6.0,4.0,54.0,83.3,75.9,79.2,4.0,29.8,0.0
2015-05-20,35.0,24.0,15.0,6.0,4.0,6.0,57.0,84.8,75.6,75.5,5.9,29.8,0.0
2015-05-21,57.0,21.0,11.0,9.0,4.0,2.0,54.0,85.7,76.0,74.0,5.5,29.8,0.0
2015-05-22,48.0,21.0,6.0,12.0,5.0,3.0,53.0,85.2,75.7,73.6,6.7,29.8,0.0
2015-05-23,54.0,23.0,17.0,9.0,12.0,4.0,49.0,79.9,74.3,84.4,4.4,29.8,0.0
2015-05-24,47.0,17.0,8.0,8.0,6.0,3.0,48.0,85.3,74.7,71.7,4.6,29.8,0.0
2015-05-25,40.0,16.0,13.0,9.0,4.0,3.0,52.0,84.2,75.5,76.0,4.6,29.8,0.0
2015-05-26,44.0,24.0,10.0,10.0,2.0,5.0,51.0,83.4,74.7,77.3,5.8,29.8,0.0
2015-05-27,48.0,19.0,14.0,10.0,4.0,5.0,46.0,84.8,75.2,73.7,5.5,29.8,0.0
2015-05-31,34.0,21.0,20.0,14.0,4.0,4.0,53.0,86.0,73.7,67.8,4.8,29.8,0.0
2015-06-02,41.0,19.0,20.0,17.0,5.0,4.0,52.0,86.0,72.7,66.2,6.4,29.8,0.0
2015-06-08,38.0,22.0,7.0,20.0,5.0,5.0,55.0,84.8,75.3,74.0,5.3,29.8,0.0
2015-06-14,35.0,15.0,7.0,16.0,5.0,2.0,46.0,79.8,73.3,81.9,6.5,29.8,0.0
2015-06-16,52.0,25.0,12.0,22.0,4.0,2.0,56.06187050359712,81.4,73.6,77.8,3.4,29.8,0.0
2015-06-19,42.0,17.0,12.0,12.0,2.0,2.0,56.06187050359712,86.3,73.8,67.2,8.8,29.8,0.0
2015-06-20,31.0,18.0,13.0,12.0,3.0,4.4577714691270405,56.06187050359712,87.6,73.1,62.7,9.4,29.8,0.0
2015-06-21,54.023093072078375,19.0,15.0,11.0,2.0,4.0,56.06187050359712,87.6,74.5,65.6,8.6,29.8,0.0
2015-06-22,54.023093072078375,23.0,18.0,13.0,2.0,3.0,56.06187050359712,88.4,74.0,62.8,8.9,29.8,0.0
2015-06-23,54.023093072078375,27.0,20.0,12.0,2.0,3.0,56.06187050359712,88.0,73.8,63.2,9.8,29.8,0.0
2015-06-24,54.023093072078375,29.0,21.0,12.0,2.0,4.0,60.0,88.0,73.4,62.6,9.2,29.8,0.0
2015-06-25,54.023093072078375,25.0,21.0,12.0,2.0,4.4577714691270405,57.0,87.4,73.1,63.3,8.5,29.8,0.0
2015-06-26,54.023093072078375,21.0,14.0,12.0,2.0,4.4577714691270405,46.0,87.2,72.5,62.2,7.9,29.8,0.0
2015-06-30,54.023093072078375,27.0,10.0,20.0,3.0,5.0,58.0,87.5,73.8,64.5,5.8,29.8,0.0
2015-07-03,54.023093072078375,29.0,15.0,14.0,7.0,2.0,56.0,86.5,73.6,66.2,9.3,29.8,0.0
2015-07-11,54.023093072078375,27.0,17.0,16.0,7.0,1.0,56.0,86.0,74.0,68.8,6.7,29.8,0.0
2015-07-18,44.0,21.0,17.0,11.0,2.0,7.0,52.0,86.5,74.4,68.0,9.3,29.8,0.0
2015-07-20,38.0,20.0,15.0,12.0,3.0,2.0,47.0,86.1,74.0,67.8,7.3,29.8,0.0
2015-07-21,40.0,19.0,14.0,15.0,3.0,2.0,46.0,85.8,73.3,67.0,6.4,29.8,0.0
2015-07-22,41.0,20.0,15.0,15.0,2.0,2.0,51.0,86.8,71.7,61.4,8.0,29.8,0.0
2015-07-23,40.0,19.0,11.0,14.0,2.0,3.0,49.0,85.7,72.7,65.4,6.6,29.8,0.0
2015-07-24,41.0,20.0,14.0,13.0,3.0,3.0,48.0,85.7,72.7,65.7,6.4,29.8,0.0
2015-07-25,46.0,22.0,19.0,12.0,4.0,3.0,55.0,86.8,72.2,63.6,7.0,29.8,0.0
2015-07-30,38.0,16.0,12.0,9.0,2.0,2.0,47.0,86.4,71.4,61.4,7.0,29.8,0.0
2015-07-31,52.0,20.0,11.0,16.0,3.0,4.0,57.0,81.5,72.8,76.0,4.6,29.8,0.0
2015-08-01,53.0,25.0,12.0,17.0,4.0,5.0,55.0,81.8,71.8,71.7,7.2,29.8,0.0
2015-08-02,40.0,20.0,13.0,12.0,5.0,3.0,47.0,86.2,72.0,64.0,7.5,29.8,0.0
2015-08-04,47.0,18.0,15.0,18.0,4.0,5.0,50.0,80.7,72.1,75.3,5.5,29.8,0.0
2015-08-05,54.0,20.0,17.0,17.0,6.0,5.0,55.0,84.4,73.5,70.9,4.8,29.8,0.0
2015-08-07,52.0,22.0,10.0,18.0,3.0,5.0,56.0,81.9,74.9,80.6,5.8,29.8,0.0
2015-08-08,56.0,22.0,16.0,17.0,3.0,5.0,56.0,82.7,74.3,77.3,5.2,29.8,0.0
2015-08-11,54.0,28.0,13.0,11.0,3.0,4.0,56.0,83.7,74.9,76.1,7.8,29.8,0.0
2015-08-12,55.0,25.0,5.0,16.0,4.0,5.0,56.0,80.4,74.6,83.9,3.6,29.8,0.0
2015-08-13,57.0,25.0,16.0,15.0,7.0,6.0,57.0,84.6,74.5,73.1,6.5,29.8,0.0
2015-08-14,53.0,21.0,14.0,13.0,4.0,4.0,55.0,86.2,74.1,68.7,6.0,29.8,0.0
2015-08-15,49.0,22.0,17.0,10.0,4.0,6.0,53.0,85.3,73.6,69.0,7.8,29.8,0.0
2015-08-16,47.0,24.0,16.0,8.0,3.0,8.0,52.0,85.4,73.0,67.2,7.7,29.8,0.0
2015-08-17,50.0,24.0,13.0,10.0,4.0,5.0,55.0,85.2,72.7,67.7,7.5,29.8,0.0
2015-08-30,60.0,35.0,15.0,7.0,2.0,1.0,57.0,86.7,72.1,62.2,9.3,29.8,0.0
2015-08-31,62.0,27.0,22.0,9.0,2.0,2.0,57.0,86.3,70.7,59.8,10.2,29.8,0.0
2015-10-29,42.0,20.0,18.0,16.0,4.0,5.0,53.0,85.2,71.8,65.8,7.1,29.8,0.0
2015-10-30,51.0,19.0,17.0,14.0,4.0,7.0,49.0,83.6,73.0,71.8,4.1,29.8,0.0
2015-10-31,49.0,25.0,36.0,17.0,3.0,6.0,60.0,82.7,74.0,76.3,4.9,29.8,0.0
2015-11-01,63.0,25.0,21.0,19.0,3.0,5.0,55.0,83.7,72.7,70.6,4.7,29.8,0.0
2015-11-02,52.0,21.0,12.0,21.0,3.0,5.0,57.0,82.8,74.0,76.5,4.8,29.8,0.0
2015-11-13,74.0,27.0,19.0,12.0,3.0,5.0,55.0,82.1,76.1,83.0,4.3,29.8,0.0
2015-11-17,47.0,27.0,27.0,14.0,11.0,5.0,51.0,82.0,74.8,80.3,4.1,29.8,0.0
2015-11-18,58.0,19.0,14.0,17.0,4.0,4.0,51.0,85.0,73.5,70.1,6.9,29.8,0.0
2015-11-24,74.0,32.0,24.0,22.0,4.0,5.0,61.0,80.3,76.1,88.2,3.4,29.8,0.0
2015-11-28,45.0,22.0,22.0,15.0,3.0,3.0,48.0,85.0,74.2,71.5,5.5,29.8,0.0
2015-11-29,52.0,18.0,17.0,18.0,11.0,3.0,49.0,84.9,74.6,72.8,6.1,29.8,0.0
2015-12-03,40.0,21.0,17.0,17.0,2.0,3.0,53.0,84.7,74.7,73.4,6.7,29.8,0.0
2015-12-07,30.0,18.0,12.0,14.0,2.0,4.0,49.0,85.0,74.2,71.5,10.3,29.8,0.0
2015-12-10,42.0,19.0,10.0,16.0,2.0,7.0,49.0,83.1,75.4,79.3,7.3,29.8,0.0
2015-12-14,35.0,20.0,11.0,15.0,2.0,5.0,54.0,82.9,73.2,74.1,6.7,29.8,0.0
2015-12-15,56.0,22.0,17.0,15.0,2.0,5.0,51.0,82.2,74.5,78.5,3.7,29.8,0.0
2015-12-16,52.0,26.0,20.0,14.0,2.0,6.0,55.0,83.1,73.2,73.5,4.1,29.8,0.0
2015-12-17,57.0,31.0,18.0,14.0,2.0,6.0,60.0,82.8,73.4,74.2,9.3,29.8,0.0
2015-12-18,70.0,34.0,25.0,13.0,3.0,6.0,59.0,82.3,72.8,73.7,8.8,29.8,0.0
2015-12-19,63.0,28.0,34.0,8.0,2.0,6.0,59.0,84.8,71.2,65.0,8.7,29.8,0.0
2015-12-20,64.0,24.0,30.0,12.0,2.0,5.0,54.0,84.9,70.6,64.2,5.9,29.8,0.0
2015-12-22,68.0,29.0,28.0,17.0,5.0,4.0,60.0,87.0,73.2,65.6,3.7,29.8,0.0
2015-12-23,68.0,23.0,9.0,18.0,3.0,5.0,49.0,83.3,74.3,76.1,6.0,29.8,0.0
2016-01-17,49.0,20.0,15.0,17.0,2.0,6.0,53.0,80.9,76.7,87.6,3.7,29.8,0.0
2016-01-18,54.0,21.0,9.0,12.0,3.0,2.0,52.0,84.5,75.8,76.4,4.5,29.8,0.0
2016-01-19,55.0,20.0,11.0,12.0,2.0,2.0,48.0,83.9,75.3,76.0,8.5,29.8,0.0
2016-01-21,41.0,19.0,7.0,12.0,1.0,2.0,48.0,83.6,73.5,72.4,7.4,29.8,0.0
2016-01-28,46.0,20.0,9.0,12.0,5.0,3.0,48.0,84.7,75.2,75.1,6.9,29.8,0.0
2016-02-02,36.0,19.0,15.0,7.0,4.546296296296297,2.0,47.0,82.3,73.7,76.8,8.2,29.8,0.0
2016-02-14,44.0,18.0,15.0,6.0,2.0,2.0,47.0,85.3,75.4,73.7,7.6,29.8,0.0
2016-03-07,48.0,21.0,9.0,14.0,2.0,4.0,51.0,84.8,75.2,74.0,10.8,29.8,0.0
2016-03-09,42.0,20.0,15.0,18.0,3.0,2.0,50.0,86.1,75.2,71.6,9.2,29.8,0.0
2016-03-10,57.0,21.0,18.0,10.0,1.0,3.0,48.0,84.8,76.0,75.9,5.3,29.8,0.0
2016-03-11,47.0,18.0,15.0,11.0,1.0,3.0,47.0,85.9,74.8,70.8,9.3,29.8,0.0
2016-03-12,46.0,20.0,14.0,12.0,4.546296296296297,3.0,47.0,85.7,73.0,66.9,10.4,29.8,0.0
2016-03-13,50.0,21.0,18.0,9.0,1.0,4.0,54.0,83.9,74.7,75.3,7.2,29.8,0.0
2016-03-14,55.0,22.0,17.0,6.0,1.0,3.0,54.0,85.8,75.8,73.2,7.2,29.8,0.0
2016-03-15,59.0,22.0,23.0,14.0,1.0,6.0,54.0,85.7,73.0,67.0,9.8,29.8,0.0
2016-03-16,54.0,22.0,26.0,12.0,1.0,2.0,57.0,85.2,71.1,64.0,6.4,29.8,0.0
2016-03-17,61.0,24.0,28.0,12.0,1.0,2.0,59.0,85.9,72.5,66.2,8.9,29.8,0.0
2016-03-18,65.0,28.0,33.0,12.0,2.0,2.0,60.0,85.4,72.5,66.0,7.8,29.8,0.0
2016-03-19,69.0,28.0,27.0,13.0,1.0,2.0,61.0,85.3,72.7,67.0,10.0,29.8,0.0
2016-03-20,75.0,30.0,28.0,19.0,1.0,2.0,61.0,85.7,75.3,72.0,7.1,29.8,0.0
2016-03-21,67.0,29.0,23.0,22.0,1.0,3.0,59.0,84.8,75.8,75.5,5.9,29.8,0.0
2016-03-22,69.0,29.0,30.0,19.0,2.0,3.0,62.0,84.8,75.8,75.4,4.3,29.8,0.0
2016-03-23,70.0,24.0,32.0,10.0,2.0,3.0,59.0,86.3,75.0,70.8,5.8,29.8,0.0
2016-04-01,78.0,29.0,23.0,9.0,1.0,5.0,60.0,86.6,71.8,63.2,10.5,29.8,0.0
2016-04-02,64.0,23.0,16.0,9.0,2.0,4.0,52.0,87.4,72.6,63.2,9.9,29.8,0.0
2016-04-04,57.0,21.0,17.0,10.0,1.0,5.0,53.0,86.5,75.4,70.9,8.1,29.8,0.0
2016-04-05,55.0,22.0,26.0,11.0,2.0,5.0,57.0,85.5,75.4,72.4,6.8,29.8,0.0
2016-04-06,58.0,26.0,33.0,12.0,2.0,7.0,60.0,87.0,72.5,63.3,7.8,29.8,0.0
2016-04-07,67.0,28.0,31.0,13.0,3.0,7.0,61.0,86.6,71.3,62.2,6.5,29.8,0.0
2016-04-10,74.0,25.0,23.0,15.0,3.0,3.0,60.0,87.0,75.7,70.7,7.4,29.8,0.0
2016-04-12,83.0,27.0,23.0,17.0,4.0,4.0,62.0,87.5,75.6,69.1,4.5,29.8,0.0
2016-04-14,76.0,24.0,13.0,22.0,12.0,4.0,51.0,87.4,75.5,68.4,5.5,29.8,0.0
2016-04-17,47.0,21.0,29.0,19.0,9.0,5.0,62.0,87.4,74.7,67.6,6.9,29.8,0.0
2016-04-19,65.0,28.0,9.0,18.0,2.0,7.0,62.0,88.1,74.3,65.0,9.8,29.8,0.0
2016-04-20,70.0,25.0,26.0,13.0,2.0,6.0,59.0,86.3,75.2,69.9,5.4,29.8,0.0
2016-04-21,67.0,24.0,16.0,17.0,2.0,5.0,56.0,87.9,73.5,63.3,9.2,29.8,0.0
2016-04-22,56.0,19.0,13.0,17.0,3.0,2.0,52.0,85.3,77.3,77.0,6.1,29.8,0.0
2016-04-25,45.0,19.0,24.0,21.0,4.0,5.0,53.0,83.7,75.5,77.5,5.3,29.8,0.0
2016-05-02,44.0,22.0,16.0,17.0,2.0,3.0,53.0,85.0,76.3,75.3,3.5,29.8,0.0
2016-05-14,57.0,21.0,20.0,17.0,10.0,5.0,54.0,82.5,76.6,83.7,4.3,29.8,0.0
2016-05-18,60.0,20.0,7.0,20.0,4.0,5.0,55.0,83.3,77.2,82.5,4.0,29.8,0.0
2016-05-23,43.0,16.0,15.0,15.0,5.0,2.0,46.0,86.4,75.2,71.3,5.5,29.8,0.0
2016-05-28,35.0,15.0,26.0,17.0,5.0,3.0,46.0,82.9,75.4,79.5,4.7,29.8,0.0
2016-05-30,43.0,17.0,26.0,21.0,9.0,2.0,50.0,84.6,74.9,73.6,5.1,29.8,0.0
2016-06-01,61.0,22.0,13.0,22.0,4.0,3.0,58.0,82.1,76.5,83.7,4.8,29.8,0.0
2016-06-04,67.0,24.0,29.0,19.0,6.0,4.0,59.0,81.0,74.7,82.7,2.5,29.8,0.0
2016-06-05,68.0,21.0,19.0,16.0,7.0,1.0,51.0,85.0,77.0,78.0,3.6,29.8,0.0
2016-06-06,46.0,17.0,16.0,17.0,3.0,1.0,53.0,86.8,76.0,70.8,4.4,29.8,0.0
2016-06-10,61.0,20.0,9.0,18.0,6.0,3.0,49.0,85.6,76.4,74.6,4.7,29.8,0.0
2016-06-13,36.0,18.0,14.0,16.0,5.0,3.0,55.0,85.7,75.3,72.3,4.0,29.8,0.0
2016-06-14,55.0,19.0,9.0,19.0,7.0,3.0,52.0,84.5,77.0,79.2,4.3,29.8,0.0
2016-06-15,49.0,18.0,5.0,16.0,8.0,4.0,46.0,82.4,76.5,83.1,4.9,29.8,0.0
2016-06-18,44.0,22.0,25.0,16.0,2.0,5.0,51.0,81.9,74.6,79.4,2.9,29.8,0.0
2016-06-19,54.0,18.0,24.0,15.0,4.0,5.0,53.0,83.1,73.6,73.9,2.6,29.8,0.0
2016-06-22,55.0,19.0,14.0,7.0,4.0,2.0,49.0,81.0,74.4,82.0,4.5,29.8,0.0
2016-06-24,42.0,16.0,15.0,13.0,4.0,3.0,47.0,79.9,73.6,82.3,3.7,29.8,0.0
2016-06-28,45.0,23.0,22.0,16.0,10.0,3.0,52.0,89.1,71.7,59.0,5.5,29.8,0.0
2016-06-29,53.0,25.0,22.0,18.0,8.0,3.0,55.0,89.4,73.4,60.8,4.7,29.8,0.0
2016-06-30,58.0,26.0,25.0,12.0,4.0,3.0,57.0,88.1,76.7,69.4,5.9,29.8,0.0
2016-07-01,58.0,27.0,22.0,11.0,3.0,4.0,57.0,86.9,76.6,72.5,6.3,29.8,0.0
2016-07-02,58.0,29.0,24.0,8.0,3.0,3.0,52.0,87.9,75.8,68.1,6.6,29.8,0.0
2016-07-03,52.0,24.0,21.0,10.0,3.0,4.0,48.0,88.2,75.4,66.7,6.6,29.8,0.0
2016-07-06,39.0,19.0,13.0,12.0,7.0,4.0,53.0,85.9,74.5,69.9,4.7,29.8,0.0
2016-07-08,38.0,17.0,15.0,12.0,6.0,2.0,47.0,84.1,74.0,72.8,5.3,29.8,0.0
2016-07-11,42.0,16.0,14.0,14.0,6.0,3.0,48.0,83.7,76.2,78.8,5.6,29.8,0.0
2016-07-15,45.0,18.0,24.0,19.0,8.0,5.0,54.0,81.0,75.7,85.4,4.5,29.8,0.0
2016-07-16,59.0,19.0,31.0,16.0,8.0,4.0,50.0,85.2,74.3,71.6,3.4,29.8,0.0
2016-07-20,47.0,20.0,14.0,19.0,10.0,3.0,50.0,80.6,75.0,84.0,4.6,29.8,0.0
2016-07-25,44.0,21.0,3.0,17.0,10.0,3.0,52.0,82.3,73.8,76.2,3.4,29.8,0.0
2016-07-26,51.0,22.0,13.0,16.0,5.0,5.0,56.0,79.9,74.5,85.1,4.2,29.8,0.0
2016-07-27,58.0,23.0,10.0,17.0,4.0,3.0,56.0,85.4,74.0,70.4,4.9,29.8,0.0
2016-07-28,60.0,20.0,15.0,17.0,6.0,3.0,50.0,82.2,75.0,80.3,3.9,29.8,0.0
2016-07-29,50.0,17.0,13.0,15.0,5.0,2.0,51.0,86.4,73.3,66.4,6.1,29.8,0.0
2016-07-30,46.0,18.0,11.0,16.0,4.0,2.0,48.0,85.5,75.0,72.2,4.6,29.8,0.0
2016-08-04,44.0,18.0,17.0,16.0,5.0,2.0,55.0,86.4,72.6,64.0,7.8,29.8,0.0
2016-08-05,54.0,20.0,14.0,19.0,4.0,4.0,56.0,87.2,73.8,65.0,6.5,29.8,0.0
2016-08-06,60.0,26.0,16.0,10.0,4.0,2.0,59.0,83.5,74.3,75.4,5.3,29.8,0.0
2016-08-07,67.0,29.0,22.0,14.0,6.0,3.0,61.0,87.0,75.4,69.0,5.3,29.8,0.0
2016-08-10,41.0,18.0,10.0,18.0,6.0,5.0,53.0,89.0,73.5,61.0,6.8,29.8,0.0
2016-08-11,52.0,19.0,10.0,16.0,6.0,4.0,52.0,84.7,75.1,73.7,5.9,29.8,0.0
2016-08-12,51.0,23.0,21.0,21.0,6.0,4.0,61.0,86.0,74.3,69.0,7.2,29.8,0.0
2016-08-13,72.0,26.0,19.0,16.0,10.0,4.0,58.0,87.0,75.0,68.7,4.8,29.8,0.0
2016-08-30,50.0,20.0,9.0,9.0,11.0,2.0,56.0,82.5,74.9,78.7,5.4,29.8,0.0
2016-08-31,55.0,20.0,4.0,14.0,5.0,5.0,55.0,85.4,75.4,73.1,5.7,29.8,0.0
2016-09-01,54.0,19.0,13.0,16.0,7.0,4.0,50.0,81.3,74.2,80.8,4.4,29.8,0.0
2016-09-02,49.0,21.0,13.0,17.0,8.0,6.0,61.0,86.2,72.8,66.0,5.0,29.8,0.0
2016-09-06,55.0,17.0,7.0,14.0,8.0,2.0,46.0,87.2,72.7,63.3,7.3,29.8,0.0
2016-09-07,44.0,18.0,11.0,13.0,5.0,3.0,52.0,81.8,73.6,76.9,8.1,29.8,0.0
2016-09-08,51.0,18.0,10.0,14.0,5.0,4.0,53.0,86.7,74.2,67.0,7.5,29.8,0.0
2016-09-09,54.0,25.0,9.0,16.0,4.0,5.0,55.0,81.8,74.6,80.4,5.7,29.8,0.0
2016-09-10,58.0,19.0,13.0,12.0,5.0,3.0,48.0,82.6,73.3,74.9,5.8,29.8,0.0
2016-09-11,43.0,18.0,8.0,18.0,7.0,2.0,52.0,85.3,73.8,69.7,7.8,29.8,0.0
2016-09-12,56.0,21.0,12.0,15.0,5.0,4.0,51.0,79.8,74.8,86.2,3.3,29.8,0.0
2016-09-14,37.0,18.0,12.0,14.0,6.0,2.0,54.0,80.3,74.2,82.8,5.7,29.8,0.0
2016-09-15,56.0,18.0,13.0,17.0,8.0,4.0,47.0,87.2,74.0,66.6,5.3,29.8,0.0
2016-09-16,46.0,18.0,19.0,12.0,8.0,7.0,48.0,83.7,71.8,68.8,6.9,29.8,0.0
2016-09-17,50.0,21.0,21.0,19.0,6.0,2.0,58.0,85.6,73.1,67.3,4.4,29.8,0.0
2016-09-21,42.0,23.0,27.0,17.0,3.0,6.0,61.0,82.3,73.0,75.0,6.3,29.8,0.0
2016-09-22,66.0,22.0,18.0,16.0,4.0,3.0,53.0,85.3,73.7,69.5,4.1,29.8,0.0
2016-10-01,61.0,21.0,22.0,12.0,5.0,5.0,56.0,83.9,73.1,70.2,5.8,29.8,0.0
2016-10-02,62.0,26.0,10.0,19.0,5.0,5.0,59.0,88.7,73.0,60.7,5.4,29.8,0.0
2016-10-03,67.0,27.0,21.0,15.0,6.0,5.0,61.0,82.6,73.7,76.0,6.1,29.8,0.0
2016-10-06,89.0,29.0,3.0,15.0,8.0,3.0,55.0,83.9,73.2,71.1,5.0,29.8,0.0
2016-10-08,48.0,20.0,15.0,17.0,8.0,3.0,53.0,85.3,71.1,64.0,4.6,29.8,0.0
2016-10-09,57.0,21.0,21.0,14.0,7.0,3.0,57.0,85.4,72.2,66.5,5.0,29.8,0.0
2016-10-10,57.0,20.0,23.0,9.0,2.0,2.0,48.0,87.0,72.5,63.7,5.3,29.8,0.0
2016-10-22,39.0,19.0,28.0,14.0,2.0,1.0,60.0,83.6,74.4,74.3,4.7,29.8,0.0
2016-10-23,68.0,31.0,8.0,22.0,4.0,3.0,62.0,84.6,74.5,72.7,2.9,29.8,0.0
2016-10-26,49.0,20.0,7.0,13.0,7.0,2.0,46.0,84.2,73.5,71.8,4.5,29.8,0.0
2016-10-28,70.0,31.0,9.0,18.0,7.0,4.0,61.0,81.8,74.5,80.8,4.3,29.8,0.0
2016-10-30,34.0,18.0,11.0,16.0,7.0,2.0,53.0,82.8,74.1,76.1,3.3,29.8,0.0
2016-10-31,56.0,19.0,12.0,16.0,10.0,2.0,48.0,86.1,73.9,68.4,4.2,29.8,0.0
2016-11-01,56.0,18.0,17.0,17.0,4.0,6.0,47.0,81.0,75.3,83.6,4.0,29.8,0.0
2016-11-06,25.0,20.0,7.0,17.0,4.0,4.0,54.0,85.0,74.2,71.4,4.6,29.8,0.0
2016-11-07,66.0,23.0,13.0,15.0,10.0,7.0,54.0,81.7,76.6,85.3,3.5,29.8,0.0
2016-11-08,55.0,25.0,24.0,18.0,12.0,6.0,57.0,86.6,72.7,66.4,4.0,29.8,0.0
2016-11-09,63.0,24.0,15.0,18.0,7.0,5.0,56.0,83.3,74.2,75.6,4.4,29.8,0.0
2016-11-16,47.0,19.0,13.0,20.0,7.0,3.0,50.0,80.7,73.4,80.0,5.1,29.8,0.0
2016-12-03,46.0,22.0,19.0,17.0,11.0,7.0,54.0,83.5,74.7,76.2,3.2,29.8,0.0
2016-12-04,53.0,16.0,15.0,10.0,5.0,7.0,46.0,85.9,74.2,70.5,5.7,29.8,0.0
2016-12-11,32.0,12.0,19.0,7.0,2.0,5.0,56.06187050359712,80.8,73.0,78.3,5.0,29.8,0.0
2016-12-12,26.0,17.0,29.0,14.0,2.0,6.0,56.06187050359712,85.3,72.1,65.3,6.5,29.8,0.0
2016-12-13,56.0,20.0,26.0,15.0,2.0,6.0,56.06187050359712,84.8,73.0,69.5,5.7,29.8,0.0
2016-12-14,50.0,22.0,26.0,10.0,2.0,6.0,56.06187050359712,84.9,72.5,67.5,5.0,29.8,0.0
2016-12-15,71.0,29.0,25.0,21.0,4.0,6.0,56.06187050359712,85.9,72.9,66.4,4.7,29.8,0.0
2016-12-16,79.0,29.0,11.0,18.0,5.0,4.4577714691270405,56.06187050359712,84.8,74.8,73.5,6.2,29.8,0.0
2016-12-17,62.0,18.0,15.0,11.0,2.0,6.0,56.06187050359712,81.1,74.8,82.7,6.0,29.8,0.0
2016-12-18,34.0,14.0,19.0,10.0,1.0,6.0,56.06187050359712,81.1,73.0,77.5,5.5,29.8,0.0
2016-12-19,39.0,13.0,18.0,7.0,1.0,5.0,56.06187050359712,84.7,73.5,71.2,6.1,29.8,0.0
2016-12-27,20.0,10.0,6.0,13.0,4.546296296296297,6.0,56.06187050359712,80.4,73.0,79.5,7.7,29.8,0.0
2016-12-28,33.0,12.0,6.0,15.0,1.0,6.0,56.06187050359712,78.9,72.5,81.1,9.7,29.8,0.0
2016-12-29,45.0,22.0,20.0,13.0,1.0,6.0,56.06187050359712,83.0,72.4,70.5,7.7,29.8,0.0
2016-12-30,33.0,11.0,12.0,11.0,1.0,6.0,56.06187050359712,82.2,72.6,73.7,7.3,29.8,0.0
2016-12-31,28.0,15.0,28.0,19.0,4.546296296296297,4.4577714691270405,56.06187050359712,81.6,73.6,78.0,4.9,29.8,0.0
2017-01-15,55.0,20.0,29.0,13.0,3.0,6.0,56.06187050359712,85.2,73.3,69.4,5.0,29.8,0.0
2017-01-16,41.0,24.0,28.0,19.0,4.0,7.0,56.06187050359712,83.6,72.6,70.1,4.6,29.8,0.0
2017-01-17,55.0,20.0,17.0,17.0,4.0,6.0,56.06187050359712,83.9,73.0,71.3,4.8,29.8,0.0
2017-01-18,40.0,16.0,19.0,17.0,2.0,7.0,56.06187050359712,80.5,73.0,79.7,6.4,29.8,0.0
2017-01-19,40.0,16.0,11.0,17.0,3.0,8.0,56.06187050359712,81.7,74.2,79.7,5.0,29.8,0.0
2017-01-20,42.0,18.0,10.0,17.0,7.0,6.0,56.06187050359712,81.4,73.9,79.6,5.5,29.8,0.0
2017-01-21,34.0,12.0,13.0,8.0,2.0,6.0,56.06187050359712,80.4,73.9,82.4,7.3,29.8,0.0
2017-01-22,27.0,13.0,5.0,12.0,2.0,7.0,56.06187050359712,80.7,74.1,81.1,10.7,29.8,0.0
2017-01-23,21.0,12.0,4.0,12.0,2.0,8.0,56.06187050359712,77.8,74.1,89.3,5.7,29.8,0.0
2017-01-25,22.0,15.0,12.0,8.0,4.546296296296297,5.0,56.06187050359712,80.3,72.3,76.7,6.6,29.8,0.0
2017-01-26,38.0,19.0,15.0,9.0,2.0,6.0,56.06187050359712,81.9,73.4,77.2,8.5,29.8,0.0
2017-01-28,38.0,15.0,16.0,7.0,2.0,5.0,56.06187050359712,80.1,72.9,79.3,6.8,29.8,0.0
2017-01-29,32.0,14.0,11.0,9.0,4.546296296296297,6.0,56.06187050359712,80.7,72.7,77.2,6.2,29.8,0.0
2017-01-30,28.0,14.0,11.0,11.0,2.0,5.0,56.06187050359712,79.5,73.4,82.9,5.9,29.8,0.0
2017-01-31,38.0,18.0,16.0,11.0,2.0,5.0,56.06187050359712,81.6,72.4,74.6,10.3,29.8,0.0
2017-02-01,45.0,25.0,23.0,14.0,3.0,5.0,56.06187050359712,82.5,72.1,71.4,7.7,29.8,0.0
2017-02-02,67.0,23.0,20.0,12.0,4.0,5.0,56.06187050359712,82.5,72.5,72.9,4.2,29.8,0.0
2017-02-03,38.0,13.0,18.0,12.0,2.0,4.0,56.06187050359712,83.3,74.0,75.6,6.4,29.8,0.0
2017-02-04,32.0,14.0,21.0,10.0,2.0,5.0,56.06187050359712,81.3,74.5,81.8,5.5,29.8,0.0
2017-02-06,29.0,14.0,17.0,15.0,2.0,6.0,56.06187050359712,83.7,73.6,73.4,6.2,29.8,0.0
2017-02-07,35.0,17.0,21.0,18.0,2.0,7.0,56.06187050359712,79.4,74.0,85.0,5.9,29.8,0.0
2017-02-08,53.0,24.0,28.0,19.0,3.0,8.0,56.06187050359712,81.4,73.4,78.2,5.3,29.8,0.0
2017-02-09,64.0,22.0,26.0,11.0,2.0,5.0,56.06187050359712,83.2,71.0,67.0,7.3,29.8,0.0
2017-02-10,54.0,23.0,24.0,11.0,2.0,5.0,56.06187050359712,83.0,71.6,69.2,11.4,29.8,0.0
2017-02-20,41.0,17.0,12.0,12.0,2.0,5.0,56.06187050359712,83.4,73.6,73.9,11.1,29.8,0.0
2017-02-21,42.0,20.0,18.0,9.0,1.0,5.0,56.06187050359712,82.3,73.7,76.6,6.6,29.8,0.0
2017-02-22,44.0,16.0,18.0,18.0,2.0,5.0,56.06187050359712,83.4,73.8,74.5,7.4,29.8,0.0
2017-02-23,42.0,22.0,5.0,21.0,3.0,6.0,56.06187050359712,81.4,73.3,78.1,6.2,29.8,0.0
2017-02-24,51.0,15.0,12.0,15.0,3.0,5.0,56.06187050359712,77.2,73.6,89.5,4.6,29.8,0.0
2017-02-25,39.0,18.0,16.0,10.0,1.0,5.0,56.06187050359712,82.1,74.1,78.3,7.5,29.8,0.0
2017-02-27,34.0,19.0,11.0,11.0,2.0,4.0,56.06187050359712,82.9,73.5,74.5,11.5,29.8,0.0
2017-02-28,46.0,17.0,10.0,9.0,2.0,4.0,56.06187050359712,81.2,74.4,81.3,10.9,29.8,0.0
2017-03-01,24.0,12.0,14.0,6.0,1.0,2.0,56.06187050359712,78.1,73.1,86.0,7.2,29.8,0.0
2017-03-07,59.0,23.0,26.0,12.0,4.0,5.0,56.06187050359712,82.7,73.4,75.0,5.6,29.8,0.0
2017-03-08,55.0,27.0,30.0,14.0,2.0,5.0,56.06187050359712,83.3,72.8,72.4,10.8,29.8,0.0
2017-03-11,57.0,22.0,30.0,19.0,2.0,5.0,56.06187050359712,83.5,73.1,72.6,7.4,29.8,0.0
2017-03-12,53.0,27.0,36.0,20.0,7.0,6.0,56.06187050359712,81.4,73.6,78.0,3.6,29.8,0.0
2017-03-13,78.0,33.0,31.0,21.0,8.0,5.0,56.06187050359712,84.7,75.0,74.3,5.5,29.8,0.0
2017-03-17,65.0,29.0,34.0,17.0,4.0,6.0,56.06187050359712,82.5,74.7,79.1,5.6,29.8,0.0
2017-03-18,69.0,25.0,33.0,16.0,3.0,6.0,56.06187050359712,84.7,74.3,72.4,6.3,29.8,0.0
2017-03-19,68.0,23.0,19.0,17.0,3.0,6.0,56.06187050359712,84.7,75.2,74.4,5.3,29.8,0.0
2017-03-20,42.0,18.0,32.0,20.0,2.0,6.0,56.06187050359712,79.6,74.6,85.8,3.7,29.8,0.0
2017-03-21,55.0,18.0,13.0,15.0,4.0,6.0,56.06187050359712,84.8,72.7,69.5,6.1,29.8,0.0
2017-03-22,36.0,22.0,22.0,14.0,2.0,6.0,56.06187050359712,82.3,74.4,78.6,6.0,29.8,0.0
2017-03-23,62.0,23.0,36.0,21.0,7.0,4.0,56.06187050359712,86.0,74.4,69.9,8.1,29.8,0.0
2017-03-25,62.0,24.0,29.0,13.0,3.0,7.0,56.06187050359712,82.8,75.4,79.5,6.9,29.8,0.0
2017-03-26,59.0,18.0,20.0,12.0,2.0,6.0,56.06187050359712,85.8,75.3,72.0,7.0,29.8,0.0
2017-03-27,38.0,19.0,8.0,17.0,3.0,8.0,56.06187050359712,85.3,75.2,73.0,7.3,29.8,0.0
2017-03-28,39.0,19.0,17.0,21.0,3.0,6.0,56.06187050359712,80.3,75.2,85.6,5.1,29.8,0.0
2017-03-29,47.0,22.0,7.0,21.0,4.0,7.0,56.06187050359712,82.9,74.6,77.3,3.9,29.8,0.0
2017-04-01,55.0,18.0,23.0,15.0,4.0,5.0,56.06187050359712,81.4,75.1,83.1,4.0,29.8,0.0
2017-04-02,43.0,16.0,20.0,14.0,5.0,3.0,56.06187050359712,84.7,74.8,73.4,5.0,29.8,0.0
2017-04-03,38.0,14.0,24.0,15.0,5.0,4.0,56.06187050359712,82.2,75.1,80.1,4.0,29.8,0.0
2017-04-04,37.0,14.0,23.0,12.0,5.0,4.0,56.06187050359712,84.1,74.0,73.7,5.2,29.8,0.0
2017-04-12,45.0,15.0,8.0,19.0,8.0,4.0,56.06187050359712,83.2,75.9,79.8,4.2,29.8,0.0
2017-04-13,41.0,20.0,15.0,19.0,6.0,6.0,56.06187050359712,81.5,75.2,81.8,4.6,29.8,0.0
2017-04-14,35.0,17.0,16.0,15.0,3.0,4.0,56.06187050359712,82.9,76.2,80.7,5.3,29.8,0.0
2017-04-15,35.0,23.0,39.0,15.0,2.0,5.0,56.06187050359712,84.3,74.3,73.3,7.4,29.8,0.0
2017-04-16,57.0,21.0,21.0,16.0,3.0,4.0,56.06187050359712,84.6,75.4,75.3,4.3,29.8,0.0
2017-04-17,45.0,26.0,19.0,21.0,4.0,5.0,56.06187050359712,85.3,75.5,74.0,4.3,29.8,0.0
2017-04-21,85.0,20.0,24.0,17.0,6.0,4.0,56.06187050359712,82.7,74.8,78.7,4.3,29.8,0.0
2017-04-30,74.0,19.0,20.0,15.0,8.0,4.0,56.06187050359712,85.7,75.6,73.3,5.4,29.8,0.0
2017-05-04,54.0,29.0,20.0,22.0,11.0,7.0,56.06187050359712,85.1,76.2,75.0,3.3,29.8,0.0
2017-05-05,74.0,23.0,23.0,20.0,8.0,5.0,56.06187050359712,84.7,76.5,77.4,4.6,29.8,0.0
2017-05-10,33.0,16.0,10.0,13.0,9.0,5.0,56.06187050359712,81.7,76.9,85.8,3.7,29.8,0.0
2017-05-11,43.0,16.0,10.0,18.0,9.0,5.0,56.06187050359712,85.0,74.5,71.7,5.8,29.8,0.0
2017-05-12,48.0,18.0,10.0,16.0,10.0,5.0,56.06187050359712,84.9,75.0,73.3,6.3,29.8,0.0
2017-05-18,32.0,13.0,12.0,13.0,6.0,3.0,56.06187050359712,85.7,76.7,74.6,6.5,29.8,0.0
2017-05-19,34.0,16.0,15.0,11.0,5.0,3.0,56.06187050359712,87.0,75.8,70.2,6.7,29.8,0.0
2017-05-24,39.0,16.0,10.0,15.0,4.0,6.0,56.06187050359712,79.3,75.4,88.8,4.9,29.8,0.0
2017-06-01,42.0,12.0,12.0,15.0,12.0,3.0,56.06187050359712,84.3,74.1,72.8,3.8,29.8,0.0
2017-06-02,25.0,12.0,17.0,11.0,9.0,3.0,56.06187050359712,87.1,73.9,65.5,6.0,29.8,0.0
2017-06-03,27.0,13.0,21.0,12.0,7.0,3.0,56.06187050359712,88.5,74.4,64.3,6.7,29.8,0.0
2017-06-04,34.0,15.0,11.0,12.0,6.0,3.0,56.06187050359712,88.8,75.3,65.0,8.8,29.8,0.0
2017-06-05,37.0,19.0,15.0,11.0,6.0,3.0,56.06187050359712,88.1,76.9,69.9,7.4,29.8,0.0
2017-06-06,53.0,21.0,22.0,14.0,8.0,3.0,56.06187050359712,88.0,75.0,66.3,5.9,29.8,0.0
2017-06-07,55.0,18.0,17.0,10.0,5.0,3.0,56.06187050359712,86.2,76.3,73.0,5.3,29.8,0.0
2017-06-10,41.0,16.0,16.0,12.0,10.0,3.0,56.06187050359712,84.7,75.4,75.0,5.7,29.8,0.0
2017-06-11,33.0,12.0,18.0,13.0,9.0,4.0,56.06187050359712,85.7,74.6,70.8,6.3,29.8,0.0
2017-06-12,29.0,12.0,17.0,13.0,7.0,4.4577714691270405,56.06187050359712,87.7,74.0,64.7,6.0,29.8,0.0
2017-06-13,31.0,16.0,16.0,19.0,7.0,4.0,56.06187050359712,86.6,75.2,70.0,6.8,29.8,0.0
2017-06-15,39.0,19.0,12.0,18.0,5.0,5.0,56.06187050359712,85.8,75.0,72.0,5.2,29.8,0.0
2017-06-16,51.0,19.0,19.0,13.0,6.0,4.0,56.06187050359712,83.5,76.2,79.8,4.5,29.8,0.0
2017-06-18,34.0,12.0,11.0,11.0,8.0,4.0,56.06187050359712,80.4,75.3,85.4,6.7,29.8,0.0
2017-06-19,25.0,13.0,19.0,14.0,7.0,4.0,56.06187050359712,84.4,73.9,72.0,6.4,29.8,0.0
2017-06-20,40.0,17.0,13.0,18.0,9.0,4.0,56.06187050359712,86.3,73.7,67.5,4.1,29.8,0.0
2017-06-21,51.0,23.0,14.0,15.0,6.0,6.0,56.06187050359712,83.8,75.0,76.0,5.1,29.8,0.0
2017-06-22,60.0,18.0,7.0,14.0,6.0,4.0,56.06187050359712,85.8,75.7,73.2,4.8,29.8,0.0
2017-06-23,41.0,14.0,15.0,14.0,12.0,5.0,56.06187050359712,80.5,74.1,81.3,5.7,29.8,0.0
2017-06-26,60.0,24.0,6.0,22.0,7.0,5.0,56.06187050359712,82.9,75.0,78.5,4.7,29.8,0.0
2017-06-27,47.0,21.0,21.0,18.0,5.0,8.0,56.06187050359712,79.5,73.2,81.5,3.4,29.8,0.0
2017-06-28,60.0,24.0,9.0,17.0,5.0,7.0,56.06187050359712,81.8,74.7,81.3,3.8,29.8,0.0
2017-06-29,48.0,14.0,15.0,13.0,7.0,4.0,56.06187050359712,82.1,75.4,81.0,3.1,29.8,0.0
2017-06-30,30.0,10.0,15.0,11.0,5.0,4.4577714691270405,56.06187050359712,86.0,74.0,68.8,5.5,29.8,0.0
2017-07-01,24.0,14.0,13.0,11.0,5.0,5.0,56.06187050359712,86.0,75.0,70.3,6.2,29.8,0.0
2017-07-02,37.0,15.0,10.0,13.0,7.0,5.0,56.06187050359712,85.4,76.0,74.6,6.3,29.8,0.0
2017-07-03,39.0,14.0,15.0,12.0,12.0,5.0,56.06187050359712,82.8,73.4,74.3,6.8,29.8,0.0
2017-07-04,34.0,13.0,8.0,14.0,10.0,5.0,56.06187050359712,86.2,73.6,67.5,5.4,29.8,0.0
2017-07-05,28.0,13.0,13.0,12.0,8.0,5.0,56.06187050359712,81.3,75.3,83.5,3.4,29.8,0.0
2017-07-06,40.0,14.0,16.0,13.0,5.0,4.0,56.06187050359712,83.3,74.6,76.1,6.1,29.8,0.0
2017-07-07,38.0,17.0,16.0,14.0,6.0,4.0,56.06187050359712,85.6,72.2,64.8,6.5,29.8,0.0
2017-07-08,51.0,16.0,15.0,10.0,6.0,3.0,56.06187050359712,83.7,73.8,73.8,6.5,29.8,0.0
2017-07-09,34.0,11.0,15.0,13.0,6.0,4.0,56.06187050359712,84.6,74.0,72.0,7.6,29.8,0.0
2017-07-10,30.0,14.0,12.0,17.0,12.0,4.0,56.06187050359712,87.0,73.2,65.0,4.6,29.8,0.0
2017-07-11,42.0,13.0,7.0,12.0,9.0,4.0,56.06187050359712,82.5,73.9,76.2,5.7,29.8,0.0
2017-07-12,29.0,15.0,13.0,15.0,3.0,4.0,56.06187050359712,80.1,74.0,82.4,6.3,29.8,0.0
2017-07-13,45.0,18.0,6.0,19.0,4.0,5.0,56.06187050359712,82.0,74.6,79.5,6.0,29.8,0.0
2017-07-14,57.0,22.0,15.0,15.0,6.0,6.0,56.06187050359712,79.0,74.7,88.0,4.9,29.8,0.0
2017-07-15,60.0,20.0,15.0,8.0,5.0,3.0,56.06187050359712,82.7,74.2,76.7,6.5,29.8,0.0
2017-07-16,37.0,13.0,24.0,9.0,2.0,4.0,56.06187050359712,85.6,72.8,66.7,11.4,29.8,0.0
2017-07-17,48.0,20.0,19.0,14.0,4.0,4.4577714691270405,56.06187050359712,86.2,71.6,62.8,9.6,29.8,0.0
2017-07-18,53.0,18.0,17.0,12.0,4.0,4.4577714691270405,56.06187050359712,85.5,73.9,69.5,9.1,29.8,0.0
2017-07-19,41.0,14.0,15.0,13.0,5.0,4.4577714691270405,56.06187050359712,86.0,73.0,66.2,6.6,29.8,0.0
2017-07-20,37.0,16.0,21.0,10.0,5.0,4.0,56.06187050359712,85.3,74.5,71.3,5.8,29.8,0.0
2017-07-21,41.0,18.0,18.0,8.0,5.0,4.0,56.06187050359712,86.6,74.1,66.9,7.4,29.8,0.0
2017-07-22,43.0,18.0,18.0,8.0,5.0,4.0,56.06187050359712,87.5,73.4,63.8,8.8,29.8,0.0
2017-07-23,44.0,16.0,17.0,8.0,4.0,4.0,56.06187050359712,87.0,73.6,65.0,8.0,29.8,0.0
2017-07-24,46.0,20.0,22.0,10.0,4.0,4.0,56.06187050359712,87.1,73.7,65.1,9.4,29.8,0.0
2017-07-27,66.0,23.0,25.0,11.0,4.0,4.0,56.06187050359712,86.5,73.5,65.7,9.7,29.8,0.0
2017-07-28,59.0,24.0,19.0,12.0,4.0,4.0,56.06187050359712,87.6,72.6,61.8,8.3,29.8,0.0
2017-07-29,49.0,15.0,15.0,10.0,5.0,4.0,56.06187050359712,87.0,74.8,67.6,9.0,29.8,0.0
2017-07-30,36.0,15.0,13.0,9.0,5.0,4.4577714691270405,56.06187050359712,86.9,75.2,69.0,9.6,29.8,0.0
2017-07-31,35.0,19.0,18.0,11.0,5.0,4.0,56.06187050359712,87.5,74.7,66.5,9.4,29.8,0.0
2017-08-01,52.0,24.0,27.0,10.0,4.0,3.0,56.06187050359712,87.0,75.5,69.3,8.8,29.8,0.0
2017-08-02,62.0,25.0,25.0,11.0,4.0,4.0,56.06187050359712,87.0,72.3,62.0,10.8,29.8,0.0
2017-08-03,55.0,20.0,22.0,12.0,4.0,4.0,56.06187050359712,86.8,70.4,59.0,11.5,29.8,0.0
2017-08-06,42.0,16.0,7.0,13.0,5.0,5.0,56.06187050359712,84.8,74.5,72.4,7.8,29.8,0.0
2017-08-07,40.0,16.0,9.0,12.0,6.0,4.0,56.06187050359712,84.4,75.7,75.5,6.9,29.8,0.0
2017-08-08,38.0,14.0,15.0,10.0,6.0,4.0,56.06187050359712,83.0,75.3,78.6,5.8,29.8,0.0
2017-08-09,25.0,16.0,12.0,15.0,7.0,6.0,56.06187050359712,83.6,72.7,70.7,6.6,29.8,0.0
2017-08-10,47.0,14.0,7.0,14.0,5.0,5.0,56.06187050359712,85.8,72.8,66.2,6.5,29.8,0.0
2017-08-11,35.0,17.0,6.0,17.0,7.0,6.0,56.06187050359712,81.1,74.7,81.7,4.9,29.8,0.0
2017-08-13,39.0,14.0,13.0,11.0,8.0,5.0,56.06187050359712,82.1,74.0,78.0,4.5,29.8,0.0
2017-08-14,39.0,14.0,10.0,12.0,4.0,5.0,56.06187050359712,84.3,73.7,71.5,6.8,29.8,0.0
2017-08-15,29.0,16.0,17.0,14.0,5.0,5.0,56.06187050359712,81.2,72.7,75.9,4.8,29.8,0.0
2017-08-18,52.0,20.0,13.0,13.0,3.0,4.0,56.06187050359712,83.0,74.8,78.0,4.8,29.8,0.0
2017-08-19,41.0,15.0,13.0,10.0,3.0,4.0,56.06187050359712,83.9,74.7,75.2,6.1,29.8,0.0
2017-08-22,33.0,18.0,23.0,12.0,5.0,4.0,56.06187050359712,82.5,73.4,74.8,7.1,29.8,0.0
2017-08-29,62.0,16.0,19.0,15.0,7.0,5.0,56.06187050359712,81.2,74.4,81.6,5.1,29.8,0.0
2017-08-30,35.0,18.0,17.0,14.0,5.0,6.0,56.06187050359712,83.0,73.6,75.2,3.7,29.8,0.0
2017-08-31,37.0,13.0,21.0,7.0,4.0,4.0,56.06187050359712,84.9,74.0,71.7,6.1,29.8,0.0
2017-09-01,41.0,23.0,28.0,9.0,3.0,5.0,56.06187050359712,85.5,74.0,69.3,7.0,29.8,0.0
2017-09-02,64.0,23.0,18.0,6.0,3.0,4.0,56.06187050359712,85.5,74.7,71.5,6.5,29.8,0.0
2017-09-03,48.0,18.0,15.0,9.0,4.0,4.0,56.06187050359712,85.1,73.8,69.7,8.4,29.8,0.0
2017-09-04,45.0,18.0,13.0,11.0,4.0,3.0,56.06187050359712,85.3,74.0,70.0,6.0,29.8,0.0
2017-09-05,40.0,17.0,5.0,15.0,4.0,3.0,56.06187050359712,85.2,74.3,71.0,6.6,29.8,0.0
2017-09-06,49.0,24.86731167933656,17.89288182446441,14.28754266211604,4.546296296296297,4.4577714691270405,56.06187050359712,80.2,74.8,84.6,4.6,29.8,0.0
2017-09-10,54.023093072078375,25.0,20.0,21.0,8.0,6.0,56.06187050359712,83.0,75.5,79.1,3.9,29.8,0.0
2017-09-12,71.0,29.0,27.0,12.0,4.0,3.0,56.06187050359712,84.8,74.8,73.6,4.6,29.8,0.0
2017-09-13,68.0,25.0,17.0,14.0,3.0,5.0,56.06187050359712,85.1,74.7,72.5,5.0,29.8,0.0
2017-09-14,57.0,23.0,9.0,20.0,6.0,5.0,56.06187050359712,84.4,74.4,72.8,4.5,29.8,0.0
2017-09-15,63.0,22.0,14.0,15.0,9.0,4.0,56.06187050359712,82.5,76.1,81.1,3.9,29.8,0.0
2017-09-16,49.0,15.0,16.0,8.0,9.0,3.0,56.06187050359712,82.0,72.8,75.0,4.6,29.8,0.0
2017-09-17,25.0,11.0,10.0,13.0,3.0,4.0,56.06187050359712,84.3,74.2,72.7,6.9,29.8,0.0
2017-09-19,51.0,21.0,11.0,19.0,9.0,8.0,56.06187050359712,80.3,74.8,84.8,4.0,29.8,0.0
2017-09-20,47.0,14.0,8.0,11.0,11.0,6.0,56.06187050359712,81.8,74.1,78.8,5.4,29.8,0.0
2017-09-21,26.0,14.0,22.0,11.0,9.0,7.0,56.06187050359712,81.2,71.4,74.2,5.2,29.8,0.0
2017-09-22,46.0,21.0,20.0,14.0,5.0,7.0,56.06187050359712,84.6,73.6,71.2,4.8,29.8,0.0
2017-09-23,59.0,21.0,21.0,13.0,5.0,7.0,56.06187050359712,84.8,74.1,71.3,5.7,29.8,0.0
2017-09-24,56.0,19.0,20.0,18.0,6.0,6.0,56.06187050359712,84.5,73.0,69.8,6.1,29.8,0.0
2017-09-26,39.0,31.0,16.0,22.0,6.0,4.0,56.06187050359712,82.5,74.9,79.6,3.5,29.8,0.0
2017-09-28,62.0,22.0,13.0,20.0,10.0,2.0,56.06187050359712,84.2,75.0,75.0,3.2,29.8,0.0
2017-09-29,46.0,16.0,15.0,16.0,10.0,3.0,56.06187050359712,81.1,74.5,81.6,4.4,29.8,0.0
2017-09-30,38.0,17.0,6.0,16.0,10.0,5.0,56.06187050359712,83.3,74.2,75.8,4.7,29.8,0.0
2017-10-01,52.0,21.0,15.0,14.0,7.0,5.0,56.06187050359712,80.9,75.9,86.0,3.9,29.8,0.0
2017-10-02,50.0,26.0,9.0,20.0,8.0,7.0,56.06187050359712,83.8,73.7,73.6,3.5,29.8,0.0
2017-10-03,73.0,21.0,8.0,18.0,7.0,4.0,56.06187050359712,82.6,75.7,81.0,3.1,29.8,0.0
2017-10-04,37.0,16.0,18.0,17.0,9.0,5.0,56.06187050359712,79.7,73.9,83.7,4.8,29.8,0.0
2017-10-05,43.0,18.0,11.0,17.0,6.0,5.0,56.06187050359712,82.7,73.6,75.4,2.8,29.8,0.0
2017-10-18,56.0,23.0,37.0,16.0,9.0,4.0,56.06187050359712,88.2,73.9,65.3,4.5,29.8,0.0
2017-10-21,78.0,38.0,24.0,18.0,11.0,5.0,56.06187050359712,86.3,75.0,70.2,5.2,29.8,0.0
2017-10-22,80.0,29.0,20.0,17.0,12.0,5.0,56.06187050359712,86.2,73.4,66.3,4.9,29.8,0.0
2017-10-27,82.0,26.0,32.0,17.0,7.0,6.0,56.06187050359712,82.3,74.5,78.4,3.4,29.8,0.0
2017-10-28,59.0,23.0,20.0,21.0,4.0,5.0,56.06187050359712,84.4,72.7,70.3,4.4,29.8,0.0
2017-10-29,49.0,18.0,16.0,18.0,3.0,6.0,56.06187050359712,80.6,74.0,81.8,3.9,29.8,0.0
2017-10-30,37.0,15.0,16.0,17.0,1.0,5.0,56.06187050359712,80.9,74.8,82.4,3.9,29.8,0.0
2017-10-31,45.0,26.0,27.0,19.0,3.0,3.0,56.06187050359712,79.2,74.2,85.5,3.5,29.8,0.0
2017-11-11,49.0,20.0,18.0,12.0,5.0,8.0,56.06187050359712,79.0,75.2,89.5,2.7,29.8,0.0
2017-11-14,38.0,15.0,19.0,20.0,5.0,6.0,56.06187050359712,78.6,74.0,87.2,3.6,29.8,0.0
2017-11-15,50.0,25.0,23.0,22.0,6.0,7.0,56.06187050359712,82.4,73.2,75.7,3.6,29.8,0.0
2017-12-07,35.0,14.0,18.0,10.0,2.0,5.0,56.06187050359712,81.7,74.5,80.4,4.6,29.8,0.0
2017-12-08,24.0,11.0,14.0,15.0,2.0,5.0,56.06187050359712,81.9,72.7,74.3,5.6,29.8,0.0
2017-12-09,39.0,27.0,31.0,14.0,2.0,6.0,56.06187050359712,80.1,72.7,79.7,6.7,29.8,0.0
2017-12-10,67.0,28.0,27.0,15.0,2.0,6.0,56.06187050359712,81.8,73.8,78.7,6.3,29.8,0.0
2017-12-11,57.0,23.0,20.0,21.0,2.0,6.0,56.06187050359712,81.3,74.1,80.8,6.6,29.8,0.0
2017-12-12,54.0,20.0,29.0,18.0,2.0,7.0,56.06187050359712,79.3,74.5,86.5,4.2,29.8,0.0
2017-12-13,53.0,20.0,35.0,19.0,3.0,6.0,56.06187050359712,79.5,73.6,84.1,3.7,29.8,0.0
2017-12-14,58.0,26.0,26.0,17.0,4.0,6.0,56.06187050359712,80.5,73.5,80.9,6.1,29.8,0.0
2017-12-15,57.0,22.0,18.0,16.0,3.0,7.0,56.06187050359712,80.4,74.1,82.9,5.7,29.8,0.0
2017-12-16,57.0,22.0,25.0,8.0,2.0,5.0,56.06187050359712,81.3,73.9,80.0,6.6,29.8,0.0
2017-12-17,42.0,25.0,26.0,14.0,2.0,5.0,56.06187050359712,82.1,72.4,73.4,9.5,29.8,0.0
2017-12-18,57.0,29.0,26.0,16.0,2.0,6.0,56.06187050359712,82.3,71.1,69.9,11.6,29.8,0.0
2017-12-19,47.0,23.0,28.0,16.0,4.546296296296297,6.0,56.06187050359712,79.8,71.8,76.7,10.2,29.8,0.0
2017-12-20,58.0,30.0,34.0,12.0,2.0,6.0,56.06187050359712,81.0,72.1,74.1,10.0,29.8,0.0
2017-12-21,63.0,29.0,30.0,16.0,2.0,6.0,56.06187050359712,82.5,70.6,67.7,8.4,29.8,0.0
2017-12-27,46.0,16.0,18.0,19.0,4.0,5.0,56.06187050359712,80.0,73.0,80.0,5.4,29.8,0.0
2017-12-28,33.0,18.0,13.0,13.0,3.0,5.0,56.06187050359712,81.4,73.8,79.0,7.5,29.8,0.0
2017-12-29,46.0,19.0,10.0,13.0,2.0,4.0,56.06187050359712,83.0,74.3,76.9,10.5,29.8,0.0
2017-12-30,46.0,16.0,8.0,13.0,2.0,5.0,56.06187050359712,81.1,75.0,82.8,9.9,29.8,0.0
2018-01-07,49.0,18.0,22.0,12.0,2.0,5.0,56.06187050359712,81.0,74.6,82.2,5.3,29.8,0.0
2018-01-08,43.0,20.0,16.0,17.0,2.0,4.0,56.06187050359712,79.1,72.8,82.7,4.2,29.8,0.0
2018-01-09,47.0,18.0,3.0,10.0,2.0,5.0,56.06187050359712,81.0,74.0,81.0,5.9,29.8,0.0
2018-01-10,33.0,14.0,6.0,8.0,2.0,5.0,56.06187050359712,77.1,73.0,87.7,3.6,29.8,0.0
2018-01-15,33.0,17.0,17.0,21.0,1.0,4.0,56.06187050359712,77.5,71.0,79.4,5.0,29.8,0.0
2018-01-16,41.0,23.0,15.0,19.0,4.546296296296297,4.0,56.06187050359712,79.7,71.8,76.5,5.8,29.8,0.0
2018-01-29,47.0,24.0,15.0,6.0,4.546296296296297,6.0,56.06187050359712,83.1,71.3,69.0,5.3,29.8,0.0
2018-01-30,57.0,28.0,10.0,8.0,4.546296296296297,5.0,56.06187050359712,81.3,73.2,78.9,7.5,29.8,0.0
2018-01-31,58.0,26.0,10.0,7.0,4.546296296296297,6.0,56.06187050359712,82.1,73.7,77.4,6.3,29.8,0.0
2018-02-01,44.0,28.0,5.0,13.0,4.546296296296297,6.0,56.06187050359712,83.8,72.9,71.5,10.0,29.8,0.0
2018-02-02,47.0,28.0,18.0,15.0,1.0,5.0,56.06187050359712,78.5,73.3,85.5,9.2,29.8,0.0
2018-02-03,59.0,41.0,25.0,9.0,1.0,5.0,56.06187050359712,81.3,72.6,76.1,11.7,29.8,0.0
2018-02-16,81.0,34.0,29.0,8.0,5.0,4.4577714691270405,56.06187050359712,81.9,72.5,75.2,6.5,29.8,0.0
2018-02-17,66.0,34.0,30.0,10.0,2.0,5.0,56.06187050359712,82.0,73.1,75.0,7.5,29.8,0.0
2018-02-18,84.0,36.0,14.0,14.0,2.0,3.0,56.06187050359712,82.6,71.8,71.2,8.6,29.8,0.0
2018-02-19,63.0,31.0,16.0,13.0,2.0,4.0,56.06187050359712,82.3,71.5,70.5,10.4,29.8,0.0
2018-02-20,57.0,37.0,16.0,13.0,2.0,4.0,56.06187050359712,82.9,70.7,68.0,10.3,29.8,0.0
2018-02-23,51.0,26.0,8.0,13.0,2.0,5.0,56.06187050359712,82.1,73.0,75.6,7.3,29.8,0.0
2018-02-24,39.0,21.0,13.0,11.0,2.0,3.0,56.06187050359712,79.3,72.6,80.3,6.9,29.8,0.0
2018-02-25,50.0,33.0,12.0,14.0,4.546296296296297,3.0,56.06187050359712,81.7,72.6,75.3,8.9,29.8,0.0
2018-02-26,59.0,38.0,9.0,10.0,1.0,3.0,56.06187050359712,81.8,72.1,73.1,11.3,29.8,0.0
2018-02-27,52.0,24.0,8.0,6.0,1.0,3.0,56.06187050359712,82.1,72.4,73.6,11.2,29.8,0.0
2018-02-28,41.0,21.0,8.0,7.0,1.0,2.0,56.06187050359712,83.3,72.7,72.2,8.7,29.8,0.0
2018-03-01,44.0,19.0,8.0,10.0,1.0,2.0,56.06187050359712,82.6,73.2,74.4,8.1,29.8,0.0
2018-03-06,50.0,20.0,6.0,14.0,1.0,3.0,56.06187050359712,84.5,72.6,69.9,6.3,29.8,0.0
2018-03-07,36.0,19.0,7.0,14.0,1.0,3.0,56.06187050359712,80.2,73.5,81.3,5.1,29.8,0.0
2018-03-08,40.0,22.0,9.0,7.0,1.0,2.0,56.06187050359712,80.5,73.5,80.5,6.2,29.8,0.0
2018-03-12,61.0,29.0,11.0,6.0,4.546296296296297,3.0,56.06187050359712,82.6,72.6,72.8,9.8,29.8,0.0
2018-03-13,53.0,25.0,12.0,10.0,1.0,2.0,56.06187050359712,83.5,72.7,71.2,9.2,29.8,0.0
2018-03-14,53.0,27.0,17.0,11.0,1.0,2.0,56.06187050359712,84.0,71.5,68.1,8.1,29.8,0.0
2018-03-15,54.0,23.0,15.0,9.0,2.0,3.0,56.06187050359712,84.3,72.0,69.0,5.9,29.8,0.0
2018-03-16,46.0,19.0,14.0,7.0,1.0,4.4577714691270405,56.06187050359712,84.1,74.1,73.4,7.9,29.8,0.0
2018-03-17,38.0,17.0,13.0,7.0,1.0,4.4577714691270405,56.06187050359712,84.3,72.9,69.9,8.0,29.8,0.0
2018-03-18,41.0,20.0,12.0,8.0,2.0,3.0,56.06187050359712,84.1,72.3,69.5,9.7,29.8,0.0
2018-03-19,45.0,19.0,12.0,18.0,2.0,3.0,56.06187050359712,84.5,72.4,68.2,8.2,29.8,0.0
2018-03-21,70.0,26.0,12.0,14.0,3.0,2.0,56.06187050359712,83.9,72.9,70.5,5.4,29.8,0.0
2018-03-24,47.0,28.0,16.0,9.0,1.0,3.0,56.06187050359712,83.5,71.9,68.2,9.8,29.8,0.0
2018-03-25,53.0,20.0,15.0,15.0,1.0,3.0,56.06187050359712,81.5,73.2,77.0,5.1,29.8,0.0
2018-03-29,53.0,24.86731167933656,17.89288182446441,14.28754266211604,4.546296296296297,4.4577714691270405,56.06187050359712,80.6,73.9,81.8,3.9,29.8,0.0
2018-03-31,54.023093072078375,43.0,26.0,14.28754266211604,2.0,6.0,56.06187050359712,83.0,73.5,74.9,4.9,29.8,0.0
2018-04-02,78.0,37.0,27.0,14.28754266211604,4.546296296296297,4.0,56.06187050359712,83.8,73.7,73.2,6.5,29.8,0.0
2018-04-03,63.0,35.0,30.0,14.28754266211604,3.0,4.4577714691270405,56.06187050359712,84.3,72.3,69.0,8.4,29.8,0.0
2018-04-04,65.0,32.0,24.0,14.28754266211604,3.0,4.0,56.06187050359712,84.1,71.8,67.4,8.3,29.8,0.0
2018-04-07,53.0,30.0,20.0,14.28754266211604,2.0,4.4577714691270405,56.06187050359712,82.4,73.5,75.6,8.4,29.8,0.0
2018-04-08,54.0,26.0,21.0,14.28754266211604,4.546296296296297,4.4577714691270405,56.06187050359712,83.6,73.1,71.8,10.5,29.8,0.0
2018-04-10,52.0,25.0,19.0,14.28754266211604,3.0,4.0,56.06187050359712,84.6,73.5,70.9,6.3,29.8,0.0
2018-04-16,48.0,37.0,12.0,14.28754266211604,5.0,6.0,56.06187050359712,80.3,74.8,84.5,3.9,29.8,0.0
2018-04-17,59.0,29.0,11.0,14.28754266211604,3.0,3.0,56.06187050359712,83.4,74.3,75.7,4.4,29.8,0.0
2018-04-18,37.0,30.0,8.0,14.28754266211604,2.0,3.0,56.06187050359712,84.3,73.8,72.3,8.4,29.8,0.0
2018-04-19,53.0,32.0,13.0,14.28754266211604,3.0,4.0,56.06187050359712,83.0,74.6,76.8,4.4,29.8,0.0
2018-04-21,51.0,32.0,16.0,14.28754266211604,4.0,4.0,56.06187050359712,80.4,74.2,82.6,3.7,29.8,0.0
2018-04-27,59.0,40.0,19.0,14.28754266211604,5.0,6.0,56.06187050359712,80.2,74.7,84.7,4.0,29.8,0.0
2018-04-28,72.0,37.0,16.0,14.28754266211604,4.0,6.0,56.06187050359712,81.9,73.5,77.3,3.9,29.8,0.0
2018-04-29,51.0,27.0,9.0,14.28754266211604,3.0,4.0,56.06187050359712,85.3,74.9,72.9,5.6,29.8,0.0
2018-04-30,46.0,32.0,9.0,14.28754266211604,4.546296296296297,4.0,56.06187050359712,85.0,75.2,72.8,6.0,29.8,0.0
2018-05-01,53.0,38.0,16.0,14.28754266211604,4.0,5.0,56.06187050359712,81.5,75.2,82.6,3.7,29.8,0.0
2018-05-02,65.0,45.0,20.0,14.28754266211604,4.0,6.0,56.06187050359712,83.2,74.2,76.8,3.2,29.8,0.0
2018-05-04,74.0,36.0,16.0,14.28754266211604,4.0,4.0,56.06187050359712,84.2,73.8,73.2,3.8,29.8,0.0
2018-05-05,61.0,37.0,15.0,14.28754266211604,4.0,5.0,56.06187050359712,83.6,74.8,76.2,3.8,29.8,0.0
2018-05-06,61.0,41.0,19.0,14.28754266211604,5.0,5.0,56.06187050359712,85.3,75.3,73.5,4.5,29.8,0.0
2018-05-07,66.0,34.0,11.0,14.28754266211604,5.0,4.0,56.06187050359712,86.2,74.3,68.8,5.2,29.8,0.0
2018-05-08,46.0,31.0,14.0,14.28754266211604,4.0,3.0,56.06187050359712,86.9,72.2,63.3,6.8,29.8,0.0
2018-05-09,42.0,27.0,9.0,14.28754266211604,4.0,3.0,56.06187050359712,87.4,73.7,64.3,7.9,29.8,0.0
2018-05-10,41.0,29.0,10.0,14.28754266211604,5.0,3.0,56.06187050359712,85.9,74.2,68.5,6.3,29.8,0.0
2018-05-11,42.0,26.0,13.0,14.28754266211604,5.0,4.0,56.06187050359712,86.3,74.1,67.4,6.4,29.8,0.0
2018-05-12,44.0,27.0,11.0,14.28754266211604,5.0,4.0,56.06187050359712,86.5,73.2,65.8,6.0,29.8,0.0
2018-05-13,37.0,26.0,11.0,14.28754266211604,5.0,4.0,56.06187050359712,83.2,75.4,78.1,3.6,29.8,0.0
2018-05-14,44.0,28.0,13.0,14.28754266211604,7.0,5.0,56.06187050359712,84.7,73.9,71.5,4.5,29.8,0.0
2018-05-27,52.0,31.0,8.0,14.28754266211604,9.0,5.0,56.06187050359712,82.8,75.5,79.9,3.4,29.8,0.0
2018-05-28,55.0,29.0,15.0,14.28754266211604,7.0,5.0,56.06187050359712,82.2,75.4,80.8,3.8,29.8,0.0
2018-05-29,44.0,34.0,13.0,14.28754266211604,12.0,5.0,56.06187050359712,84.0,74.5,74.3,3.1,29.8,0.0
2018-05-30,61.0,35.0,8.0,14.28754266211604,7.0,4.0,56.06187050359712,82.6,75.0,78.8,4.1,29.8,0.0
2018-05-31,63.0,40.0,11.0,14.28754266211604,7.0,5.0,56.06187050359712,82.4,74.4,77.9,4.2,29.8,0.0
2018-06-01,63.0,40.0,35.0,14.28754266211604,5.0,6.0,56.06187050359712,82.5,74.2,77.2,3.1,29.8,0.0
2018-06-07,70.0,42.0,14.0,14.28754266211604,4.0,4.0,56.06187050359712,87.7,75.3,67.5,6.8,29.8,0.0
2018-06-08,67.0,44.0,17.0,14.28754266211604,9.0,4.0,56.06187050359712,85.2,73.7,69.0,5.6,29.8,0.0
2018-06-09,85.0,45.0,14.0,14.28754266211604,5.0,4.0,56.06187050359712,85.9,74.3,69.3,4.4,29.8,0.0
2018-06-10,72.0,37.0,14.0,14.28754266211604,3.0,8.0,56.06187050359712,86.7,75.1,69.0,8.6,29.8,0.0
2018-06-11,60.0,38.0,11.0,14.28754266211604,2.0,3.0,56.06187050359712,87.5,74.1,65.1,8.6,29.8,0.0
2018-06-12,59.0,34.0,6.0,14.28754266211604,2.0,4.0,56.06187050359712,87.0,73.9,65.3,7.0,29.8,0.0
2018-06-13,42.0,33.0,7.0,14.28754266211604,4.0,5.0,56.06187050359712,84.6,74.7,73.2,5.4,29.8,0.0
2018-06-14,57.0,30.0,6.0,14.28754266211604,5.0,4.0,56.06187050359712,83.6,75.1,77.2,3.3,29.8,0.0
2018-06-15,45.0,30.0,14.0,14.28754266211604,5.0,5.0,56.06187050359712,80.6,73.8,80.4,3.6,29.8,0.0
2018-06-17,54.0,29.0,6.0,14.28754266211604,4.0,5.0,56.06187050359712,85.9,75.6,71.9,5.0,29.8,0.0
2018-06-19,46.0,32.0,3.0,14.28754266211604,5.0,3.0,56.06187050359712,82.3,73.1,74.2,7.1,29.8,0.0
2018-06-20,46.0,37.0,6.0,14.28754266211604,3.0,6.0,56.06187050359712,80.2,74.0,82.4,3.6,29.8,0.0
2018-06-22,74.0,31.0,5.0,14.28754266211604,2.0,4.0,56.06187050359712,84.0,74.2,73.7,4.3,29.8,0.0
2018-06-23,39.0,31.0,12.0,14.28754266211604,3.0,5.0,56.06187050359712,80.5,74.9,84.1,2.9,29.8,0.0
2018-06-24,49.0,26.0,7.0,14.28754266211604,5.0,3.0,56.06187050359712,81.3,72.9,77.1,4.2,29.8,0.0
2018-06-25,41.0,27.0,5.0,14.28754266211604,4.0,4.0,56.06187050359712,81.2,72.5,75.6,4.8,29.8,0.0
2018-06-26,47.0,28.0,3.0,14.28754266211604,4.0,4.0,56.06187050359712,80.4,72.5,78.2,2.7,29.8,0.0
2018-06-27,41.0,25.0,8.0,14.28754266211604,3.0,5.0,56.06187050359712,78.7,73.1,84.0,3.2,29.8,0.0
2018-06-28,36.0,23.0,3.0,14.28754266211604,2.0,4.0,56.06187050359712,83.0,72.9,72.8,4.2,29.8,0.0
2018-06-29,36.0,22.0,8.0,14.28754266211604,2.0,3.0,56.06187050359712,78.7,72.9,83.5,3.6,29.8,0.0
2018-06-30,32.0,23.0,5.0,14.28754266211604,1.0,3.0,56.06187050359712,82.8,72.8,72.6,4.7,29.8,0.0
2018-07-01,36.0,24.0,9.0,14.28754266211604,2.0,4.0,56.06187050359712,79.8,73.6,82.6,3.6,29.8,0.0
2018-07-02,40.0,25.0,6.0,14.28754266211604,3.0,7.0,56.06187050359712,82.1,74.1,78.0,3.2,29.8,0.0
2018-07-03,38.0,28.0,12.0,14.28754266211604,2.0,4.0,56.06187050359712,81.8,73.5,76.9,3.9,29.8,0.0
2018-07-04,48.0,29.0,26.0,14.28754266211604,3.0,3.0,56.06187050359712,84.0,72.4,70.1,4.3,29.8,0.0
2018-07-05,52.0,34.0,26.0,14.28754266211604,2.0,3.0,56.06187050359712,85.3,72.3,66.4,7.2,29.8,0.0
2018-07-06,64.0,35.0,30.0,14.28754266211604,4.0,3.0,56.06187050359712,84.7,71.3,64.5,8.0,29.8,0.0
2018-07-10,36.0,21.0,18.0,14.28754266211604,11.0,4.0,56.06187050359712,81.6,73.2,75.7,6.4,29.8,0.0
2018-07-11,47.0,26.0,23.0,14.28754266211604,9.0,4.0,56.06187050359712,84.3,72.7,69.6,5.2,29.8,0.0
2018-07-15,66.0,35.0,27.0,14.28754266211604,5.0,4.0,56.06187050359712,82.3,72.4,72.3,6.2,29.8,0.0
2018-07-21,59.0,27.0,20.0,14.28754266211604,9.0,4.0,56.06187050359712,84.8,72.8,68.2,4.4,29.8,0.0
2018-07-22,53.0,32.0,27.0,14.28754266211604,4.0,4.0,56.06187050359712,84.4,74.7,73.5,4.8,29.8,0.0
2018-07-23,67.0,36.0,23.0,14.28754266211604,4.0,4.4577714691270405,56.06187050359712,85.5,74.8,71.5,6.4,29.8,0.0
2018-07-24,66.0,32.0,14.0,14.28754266211604,5.0,4.4577714691270405,56.06187050359712,85.7,74.0,68.7,8.5,29.8,0.0
2018-07-25,55.0,26.0,21.0,14.28754266211604,8.0,4.0,56.06187050359712,81.8,73.0,75.0,4.7,29.8,0.0
2018-07-26,52.0,31.0,24.0,14.28754266211604,5.0,4.0,56.06187050359712,83.8,72.5,69.3,5.0,29.8,0.0
2018-07-27,60.0,38.0,31.0,14.28754266211604,5.0,4.0,56.06187050359712,86.2,71.8,63.4,7.2,29.8,0.0
2018-07-28,72.0,40.0,28.0,14.28754266211604,4.0,4.0,56.06187050359712,86.3,72.7,64.6,8.0,29.8,0.0
2018-07-30,54.0,31.0,19.0,14.28754266211604,7.0,5.0,56.06187050359712,81.3,73.7,78.2,5.4,29.8,0.0
2018-07-31,66.0,29.0,8.0,14.28754266211604,7.0,5.0,56.06187050359712,83.7,73.0,72.4,3.5,29.8,0.0
2018-08-01,52.0,23.0,16.0,14.28754266211604,7.0,4.0,56.06187050359712,80.5,73.6,80.8,4.3,29.8,0.0
2018-08-02,41.0,26.0,23.0,14.28754266211604,5.0,5.0,56.06187050359712,83.8,71.5,67.9,6.6,29.8,0.0
2018-08-04,61.0,34.0,22.0,14.28754266211604,4.0,4.4577714691270405,56.06187050359712,82.5,73.5,75.5,7.3,29.8,0.0
2018-08-05,57.0,34.0,24.0,14.28754266211604,5.0,4.0,56.06187050359712,83.2,73.3,73.3,6.9,29.8,0.0
2018-08-06,67.0,42.0,23.0,14.28754266211604,5.0,4.0,56.06187050359712,84.8,74.0,71.1,7.3,29.8,0.0
2018-08-08,57.0,33.0,21.0,14.28754266211604,4.0,3.0,56.06187050359712,80.2,71.8,76.0,6.7,29.8,0.0
2018-08-10,60.0,37.0,29.0,14.28754266211604,5.0,6.0,56.06187050359712,85.9,73.2,66.3,7.7,29.8,0.0
2018-08-11,75.0,36.0,30.0,14.28754266211604,6.0,4.0,56.06187050359712,85.3,73.7,69.4,6.6,29.8,0.0
2018-08-12,70.0,39.0,25.0,14.28754266211604,6.0,4.0,56.06187050359712,86.7,72.5,63.8,6.9,29.8,0.0
2018-08-13,68.0,37.0,22.0,14.28754266211604,5.0,6.0,56.06187050359712,87.0,73.3,65.5,8.5,29.8,0.0
2018-08-14,62.0,39.0,25.0,14.28754266211604,4.0,4.0,56.06187050359712,86.7,73.5,65.9,9.8,29.8,0.0
2018-08-20,66.0,37.0,22.0,14.28754266211604,6.0,4.0,56.06187050359712,85.0,72.3,67.1,7.3,29.8,0.0
2018-08-22,59.0,32.0,17.0,14.28754266211604,8.0,5.0,56.06187050359712,80.7,74.6,82.7,4.0,29.8,0.0
2018-08-23,55.0,27.0,10.0,14.28754266211604,8.0,5.0,56.06187050359712,84.9,72.7,69.5,4.3,29.8,0.0
2018-08-24,59.0,27.0,16.0,14.28754266211604,5.0,6.0,56.06187050359712,80.7,73.6,79.3,4.3,29.8,0.0
2018-08-25,49.0,20.0,21.0,14.28754266211604,5.0,5.0,56.06187050359712,83.3,71.9,70.2,5.0,29.8,0.0
2018-08-28,72.0,35.0,20.0,14.28754266211604,3.0,7.0,56.06187050359712,83.9,73.5,72.7,4.3,29.8,0.0
2018-08-29,58.0,28.0,18.0,14.28754266211604,5.0,5.0,56.06187050359712,83.5,73.5,72.8,5.7,29.8,0.0
2018-08-30,52.0,25.0,13.0,14.28754266211604,7.0,4.0,56.06187050359712,84.6,72.2,68.0,5.4,29.8,0.0
2018-08-31,43.0,28.0,25.0,14.28754266211604,8.0,6.0,56.06187050359712,82.2,73.3,75.4,5.1,29.8,0.0
2018-09-01,65.0,38.0,8.0,14.28754266211604,6.0,8.0,56.06187050359712,81.6,72.2,75.6,2.6,29.8,0.0
2018-09-02,65.0,30.0,15.0,14.28754266211604,6.0,5.0,56.06187050359712,80.9,73.6,79.5,2.7,29.8,0.0
2018-09-03,46.0,25.0,5.0,14.28754266211604,5.0,5.0,56.06187050359712,81.9,72.4,73.9,5.8,29.8,0.0
2018-09-04,58.0,34.0,13.0,14.28754266211604,8.0,6.0,56.06187050359712,77.5,73.2,87.1,3.4,29.8,0.0
2018-09-05,72.0,34.0,21.0,14.28754266211604,7.0,3.0,56.06187050359712,80.4,73.1,79.3,3.4,29.8,0.0
2018-09-06,68.0,42.0,7.0,14.28754266211604,4.0,5.0,56.06187050359712,82.6,72.9,74.1,4.1,29.8,0.0
2018-09-07,84.0,37.0,14.0,14.28754266211604,4.0,5.0,56.06187050359712,79.3,75.2,88.3,4.0,29.8,0.0
2018-09-08,61.0,29.0,13.0,14.28754266211604,7.0,4.0,56.06187050359712,79.8,74.4,84.9,4.5,29.8,0.0
2018-09-09,52.0,28.0,14.0,14.28754266211604,5.0,4.0,56.06187050359712,81.0,74.1,80.5,4.9,29.8,0.0
2018-09-10,65.0,39.0,8.0,14.28754266211604,5.0,7.0,56.06187050359712,80.2,73.4,81.1,4.4,29.8,0.0
2018-09-12,45.0,29.0,21.0,14.28754266211604,4.0,4.0,56.06187050359712,81.8,73.0,75.9,6.7,29.8,0.0
2018-09-13,57.0,37.0,26.0,14.28754266211604,4.0,4.0,56.06187050359712,83.9,71.8,69.8,4.6,29.8,0.0
2018-09-14,68.0,40.0,24.0,14.28754266211604,5.0,4.0,56.06187050359712,84.4,72.8,69.1,7.0,29.8,0.0
2018-09-15,71.0,41.0,27.0,14.28754266211604,6.0,4.0,56.06187050359712,83.8,71.9,68.0,6.4,29.8,0.0
2018-09-18,70.0,35.0,20.0,14.28754266211604,3.0,5.0,56.06187050359712,80.3,73.1,79.6,5.7,29.8,0.0
2018-09-19,62.0,32.0,22.0,14.28754266211604,3.0,7.0,56.06187050359712,78.3,73.5,86.9,5.2,29.8,0.0
2018-09-20,68.0,28.0,12.0,14.28754266211604,4.0,5.0,56.06187050359712,79.1,74.0,85.4,4.3,29.8,0.0
2018-09-21,45.0,24.0,21.0,14.28754266211604,3.0,5.0,56.06187050359712,78.3,73.3,85.3,2.7,29.8,0.0
2018-09-22,50.0,30.0,25.0,14.28754266211604,3.0,5.0,56.06187050359712,80.3,74.0,82.7,4.3,29.8,0.0
2018-09-23,57.0,33.0,28.0,14.28754266211604,3.0,4.0,56.06187050359712,83.0,72.9,73.9,4.9,29.8,0.0
2018-09-24,68.0,38.0,27.0,14.28754266211604,4.0,4.0,56.06187050359712,84.2,73.6,72.0,4.9,29.8,0.0
2018-09-26,67.0,35.0,18.0,14.28754266211604,4.0,5.0,56.06187050359712,83.4,73.6,73.9,5.3,29.8,0.0
2018-09-27,63.0,35.0,20.0,14.28754266211604,4.0,4.0,56.06187050359712,84.8,74.1,72.1,5.5,29.8,0.0
2018-09-28,66.0,39.0,31.0,14.28754266211604,4.0,4.0,56.06187050359712,85.6,73.1,67.3,5.8,29.8,0.0
2018-10-01,66.0,37.0,27.0,14.28754266211604,4.0,4.0,56.06187050359712,85.3,73.0,67.8,6.8,29.8,0.0
2018-10-02,63.0,43.0,19.0,14.28754266211604,4.0,6.0,56.06187050359712,85.1,73.0,68.4,5.5,29.8,0.0
2018-10-03,85.0,40.0,24.0,14.28754266211604,4.0,5.0,56.06187050359712,85.4,73.1,67.6,4.8,29.8,0.0
2018-10-04,63.0,39.0,26.0,14.28754266211604,5.0,5.0,56.06187050359712,86.4,73.0,64.9,8.0,29.8,0.0
2018-10-05,68.0,39.0,18.0,14.28754266211604,4.0,5.0,56.06187050359712,86.1,71.6,64.5,5.9,29.8,0.0
2018-10-06,68.0,30.0,11.0,14.28754266211604,6.0,6.0,56.06187050359712,82.1,74.5,79.3,8.0,29.8,0.0
2018-10-07,57.0,27.0,14.0,14.28754266211604,5.0,6.0,56.06187050359712,81.4,74.4,80.8,4.3,29.8,0.0
2018-10-08,57.0,30.0,8.0,14.28754266211604,11.0,7.0,56.06187050359712,80.9,74.6,83.0,2.9,29.8,0.0
2018-10-09,64.0,34.0,17.0,14.28754266211604,9.0,6.0,56.06187050359712,79.1,74.8,87.8,3.0,29.8,0.0
2018-10-10,58.0,25.0,17.0,14.28754266211604,3.0,6.0,56.06187050359712,78.6,74.7,89.2,4.2,29.8,0.0
2018-10-11,46.0,20.0,11.0,14.28754266211604,3.0,3.0,56.06187050359712,80.0,74.8,85.7,4.3,29.8,0.0
2018-10-12,30.0,19.0,9.0,14.28754266211604,4.0,4.0,56.06187050359712,79.9,74.0,83.7,4.7,29.8,0.0
2018-10-13,38.0,26.0,8.0,14.28754266211604,4.0,5.0,56.06187050359712,80.5,74.7,83.5,2.6,29.8,0.0
2018-10-15,61.0,38.0,17.0,14.28754266211604,6.0,5.0,56.06187050359712,82.7,73.7,76.6,4.0,29.8,0.0
2018-10-16,75.0,36.0,13.0,14.28754266211604,6.0,6.0,56.06187050359712,81.8,74.0,79.3,4.1,29.8,0.0
2018-10-17,70.0,30.0,15.0,14.28754266211604,4.0,4.0,56.06187050359712,80.1,74.7,85.0,3.2,29.8,0.0
2018-10-18,42.0,22.0,25.0,14.28754266211604,6.0,4.0,56.06187050359712,79.6,73.0,80.8,3.6,29.8,0.0
2018-10-19,41.0,26.0,26.0,14.28754266211604,4.0,4.0,56.06187050359712,81.9,73.3,76.8,4.0,29.8,0.0
2018-10-20,55.0,29.0,22.0,14.28754266211604,6.0,4.0,56.06187050359712,83.8,74.4,75.0,4.1,29.8,0.0
2018-10-21,75.0,39.0,23.0,14.28754266211604,3.0,6.0,56.06187050359712,84.2,74.9,75.0,4.6,29.8,0.0
2018-10-22,59.0,28.0,18.0,14.28754266211604,2.0,4.0,56.06187050359712,83.8,73.3,72.6,5.3,29.8,0.0
2018-10-23,52.0,30.0,18.0,14.28754266211604,2.0,4.0,56.06187050359712,80.2,74.1,83.3,4.0,29.8,0.0
2018-10-24,55.0,36.0,16.0,14.28754266211604,2.0,5.0,56.06187050359712,81.1,74.1,80.9,3.8,29.8,0.0
2018-10-27,68.0,28.0,24.0,14.28754266211604,2.0,5.0,56.06187050359712,81.8,75.2,81.2,3.0,29.8,0.0
2018-10-28,58.0,26.0,16.0,14.28754266211604,1.0,5.0,56.06187050359712,80.6,75.7,86.3,3.6,29.8,0.0
2018-10-31,41.0,24.0,17.0,14.28754266211604,1.0,4.0,56.06187050359712,81.1,74.3,81.4,5.7,29.8,0.0
2018-11-01,54.0,28.0,20.0,14.28754266211604,1.0,4.0,56.06187050359712,79.8,74.4,85.2,4.6,29.8,0.0
2018-11-02,51.0,27.0,9.0,14.28754266211604,4.0,5.0,56.06187050359712,79.9,73.6,82.7,4.3,29.8,0.0
2018-11-03,59.0,28.0,16.0,14.28754266211604,4.0,5.0,56.06187050359712,80.0,75.6,87.3,2.9,29.8,0.0
2018-11-04,43.0,26.0,16.0,14.28754266211604,3.0,5.0,56.06187050359712,81.7,76.0,84.3,3.9,29.8,0.0
2018-11-05,53.0,25.0,19.0,14.28754266211604,4.0,5.0,56.06187050359712,81.1,75.3,84.4,2.9,29.8,0.0
2018-11-07,35.0,18.0,26.0,14.28754266211604,3.0,4.0,56.06187050359712,82.0,74.6,80.2,4.0,29.8,0.0
2018-11-10,63.0,28.0,18.0,14.28754266211604,4.0,4.0,56.06187050359712,81.5,74.5,81.4,3.1,29.8,0.0
2018-11-11,44.0,21.0,36.0,14.28754266211604,3.0,5.0,56.06187050359712,79.5,74.7,86.2,3.1,29.8,0.0
2018-11-15,53.0,28.0,16.0,14.28754266211604,6.0,5.0,56.06187050359712,79.6,75.1,87.5,4.5,29.8,0.0
2018-11-16,66.0,28.0,15.0,14.28754266211604,5.0,4.0,56.06187050359712,82.0,75.3,81.5,3.3,29.8,0.0
2018-11-17,55.0,23.0,25.0,14.28754266211604,4.0,4.0,56.06187050359712,79.9,74.6,85.4,4.4,29.8,0.0
2018-11-18,54.0,21.0,20.0,14.28754266211604,6.0,4.0,56.06187050359712,79.6,74.7,86.0,3.1,29.8,0.0
2018-11-19,45.0,22.0,16.0,14.28754266211604,5.0,5.0,56.06187050359712,79.2,74.4,86.7,3.1,29.8,0.0
2018-11-20,53.0,19.0,22.0,14.28754266211604,5.0,4.0,56.06187050359712,80.6,74.4,83.4,3.2,29.8,0.0
2018-11-21,40.0,14.0,20.0,14.28754266211604,2.0,4.0,56.06187050359712,79.0,74.1,86.0,5.3,29.8,0.0
2018-11-22,35.0,17.0,15.0,14.28754266211604,1.0,4.0,56.06187050359712,79.7,74.7,85.8,4.5,29.8,0.0
2018-11-23,44.0,20.0,28.0,14.28754266211604,1.0,4.0,56.06187050359712,81.6,74.9,81.8,4.7,29.8,0.0
2018-11-24,39.0,25.0,24.0,14.28754266211604,3.0,4.0,56.06187050359712,83.0,74.1,76.5,3.4,29.8,0.0
2018-11-25,47.0,19.0,18.0,14.28754266211604,4.0,4.0,56.06187050359712,81.5,74.8,81.5,2.8,29.8,0.0
2018-11-26,53.0,26.0,13.0,14.28754266211604,7.0,3.0,56.06187050359712,81.9,75.3,81.7,3.9,29.8,0.0
2018-11-27,39.0,21.0,18.0,14.28754266211604,7.0,3.0,56.06187050359712,80.9,74.6,82.3,4.5,29.8,0.0
2018-11-28,49.0,23.0,11.0,14.28754266211604,3.0,4.0,56.06187050359712,81.5,75.5,83.0,4.6,29.8,0.0
2018-11-29,46.0,20.0,10.0,14.28754266211604,1.0,4.0,56.06187050359712,80.9,75.9,85.5,4.2,29.8,0.0
2018-11-30,41.0,19.0,15.0,14.28754266211604,1.0,3.0,56.06187050359712,81.7,75.8,83.3,4.7,29.8,0.0
2018-12-01,34.0,15.0,13.0,14.28754266211604,3.0,3.0,56.06187050359712,79.9,75.9,88.5,5.0,29.8,0.0
2018-12-03,34.0,20.0,20.0,14.28754266211604,2.0,4.0,56.06187050359712,80.0,75.9,88.3,2.7,29.8,0.0
2018-12-04,45.0,20.0,14.0,14.28754266211604,1.0,3.0,56.06187050359712,81.9,75.5,82.2,4.3,29.8,0.0
2018-12-08,41.0,23.0,19.0,14.28754266211604,4.0,6.0,56.06187050359712,80.5,75.1,85.0,3.8,29.8,0.0
2018-12-09,49.0,23.0,13.0,14.28754266211604,3.0,5.0,56.06187050359712,82.5,76.3,82.7,4.2,29.8,0.0
2018-12-10,42.0,21.0,11.0,14.28754266211604,2.0,6.0,56.06187050359712,81.8,76.0,83.9,4.1,29.8,0.0
2018-12-11,35.0,18.0,13.0,14.28754266211604,1.0,7.0,56.06187050359712,78.9,75.4,90.2,3.9,29.8,0.0
2018-12-12,48.0,19.0,10.0,14.28754266211604,1.0,7.0,56.06187050359712,80.5,75.2,85.4,3.4,29.8,0.0
2018-12-13,38.0,17.0,17.0,14.28754266211604,1.0,4.0,56.06187050359712,79.6,75.2,87.8,4.7,29.8,0.0
2018-12-14,37.0,22.0,21.0,14.28754266211604,1.0,3.0,56.06187050359712,80.4,73.9,81.9,5.4,29.8,0.0
2018-12-15,47.0,19.0,27.0,14.28754266211604,2.0,3.0,56.06187050359712,79.6,74.4,85.4,3.3,29.8,0.0
2018-12-16,36.0,18.0,25.0,14.28754266211604,3.0,4.0,56.06187050359712,79.2,74.5,87.2,4.2,29.8,0.0
2018-12-17,43.0,17.0,25.0,14.28754266211604,2.0,3.0,56.06187050359712,81.2,74.2,80.6,4.7,29.8,0.0
2018-12-18,41.0,22.0,25.0,14.28754266211604,1.0,3.0,56.06187050359712,82.7,74.8,78.6,5.2,29.8,0.0
2018-12-19,59.0,22.0,25.0,14.28754266211604,1.0,4.0,56.06187050359712,81.5,75.3,83.2,4.1,29.8,0.0
2018-12-20,40.0,17.0,15.0,14.28754266211604,1.0,5.0,56.06187050359712,80.4,74.4,83.8,4.9,29.8,0.0
2018-12-21,34.0,22.0,21.0,14.28754266211604,4.546296296296297,6.0,56.06187050359712,81.9,76.7,85.0,6.5,29.8,0.0
2018-12-24,69.0,29.0,34.0,14.28754266211604,3.0,6.0,56.06187050359712,82.4,75.0,79.7,4.0,29.8,0.0
2018-12-25,54.0,22.0,28.0,14.28754266211604,1.0,5.0,56.06187050359712,82.6,75.3,79.9,3.5,29.8,0.0
2018-12-26,41.0,18.0,28.0,14.28754266211604,1.0,3.0,56.06187050359712,82.6,73.8,76.5,4.3,29.8,0.0
2018-12-27,45.0,23.0,33.0,14.28754266211604,1.0,4.0,56.06187050359712,82.0,74.2,78.0,4.0,29.8,0.0
2018-12-28,58.0,25.0,31.0,14.28754266211604,1.0,4.0,56.06187050359712,84.8,73.2,69.6,5.0,29.8,0.0
2018-12-29,53.0,25.0,31.0,14.28754266211604,1.0,3.0,56.06187050359712,82.6,75.0,78.4,3.2,29.8,0.0
2018-12-30,42.0,24.86731167933656,17.89288182446441,14.28754266211604,4.546296296296297,4.4577714691270405,56.06187050359712,83.3,75.1,78.1,4.7,29.8,0.0
2018-12-31,54.023093072078375,16.0,29.0,14.28754266211604,1.0,4.0,56.06187050359712,80.8,75.6,86.1,5.7,29.8,0.0
