Year,Month,Day,Temperature (Max),Temperature (Avg),Temperature (Min),"Dew Point (Max)	",Dew Point (Avg),Dew Point (Min),Humidity (Max),Humidity (Avg),Humidity (Min),Wind Speed  (Max),Wind Speed  (Avg),Wind Speed  (Min),Pressure (Max),Pressure (Avg),Pressure (Min),Precipitation(Total)
2015,1,1,82,80.1,77,75,72.5,72,94,78,70,10,6.4,3,29.9,29.8,29.8,0
2015,1,2,86,81.6,77,73,71,68,89,70.8,55,18,11.8,5,29.9,29.8,29.8,0
2015,1,3,88,82.6,77,75,71.4,70,83,69.2,55,15,8.1,3,29.9,29.8,29.8,0
2015,1,4,90,83.6,77,72,71,70,83,65.6,52,12,7.7,3,29.8,29.8,29.7,0
2015,1,5,91,83.9,79,73,70.7,66,74,65,43,12,6.7,5,29.8,29.8,29.7,0
2015,1,6,88,80.5,77,77,74.9,72,100,84.9,58,16,5.8,0,29.8,29.7,29.7,0
2015,1,7,88,81.5,77,77,74.5,72,94,81.3,58,8,4.9,0,29.8,29.8,29.7,0
2015,1,8,86,79.6,75,77,74.5,73,100,85.9,66,12,5.2,1,29.9,29.8,29.8,0
2015,1,9,81,78,75,75,73,72,94,85.6,74,8,5.7,2,29.9,26.7,0,0
2015,1,10,90,80.4,75,77,73.2,72,94,80.3,55,13,6.9,2,29.9,29.8,29.7,0
2015,1,11,86,81.8,77,75,73.1,70,94,75.8,66,13,7.9,2,29.9,29.8,29.7,0
2015,1,12,88,82.8,79,73,72.6,72,83,72.1,58,15,11.2,8,29.9,29.8,29.7,0
2015,1,13,90,83.3,77,73,71.1,68,89,68,49,17,12.8,7,29.9,29.8,29.7,0
2015,1,14,88,82.5,77,73,72.5,70,89,72.8,55,16,12.1,6,29.9,29.8,29.8,0
2015,1,15,90,83.2,79,73,71.5,68,83,68.7,49,18,12.1,5,29.9,29.8,29.8,0
2015,1,16,90,82.6,77,72,69.8,66,83,66.3,49,16,10.3,5,29.9,29.8,29.8,0
2015,1,17,90,82.2,75,72,68.5,64,89,64.7,46,16,9.7,3,29.9,29.8,29.8,0
2015,1,18,86,81.3,75,72,69.9,68,83,68.7,55,18,12.4,5,29.9,29.8,29.8,0
2015,1,19,86,81.1,75,72,70.5,68,83,70.3,55,17,12.5,8,29.9,29.9,29.8,0
2015,1,20,86,81.3,75,72,70.5,68,83,70,55,17,12.4,8,29.9,29.9,29.9,0
2015,1,21,88,80.1,77,75,72.8,72,89,79.6,58,15,9.4,1,30,29.9,29.9,0
2015,1,22,86,81.4,77,72,71.3,68,83,71,58,20,13.3,7,30,29.9,29.9,0
2015,1,23,84,80.3,75,72,71.2,68,89,73.5,58,20,12.6,6,29.9,29.9,29.8,0
2015,1,24,86,80.9,77,73,71.6,70,83,73,58,17,10.6,6,29.9,29.9,29.8,0
2015,1,25,86,81.3,77,72,71.6,70,83,71.8,58,14,10.3,6,29.9,29.9,29.8,0
2015,1,26,88,81.3,77,72,71.3,68,83,71.3,55,16,12.3,6,29.9,29.8,29.8,0
2015,1,27,88,82.2,75,72,70.5,68,89,68.6,52,16,11.5,8,29.9,29.8,29.7,0
2015,1,28,90,82.7,75,73,71,68,83,68.4,49,12,7.8,1,29.9,29.8,29.7,0
2015,1,29,86,81,77,73,72.7,72,89,76.7,62,14,10.1,5,29.9,29.8,29.8,0
2015,1,30,86,81.7,77,75,73,72,89,76,62,17,10.5,5,29.9,29.8,29.8,0
2015,1,31,90,82.4,77,73,70,61,89,68.2,38,21,13.9,7,29.9,29.9,29.8,0
2015,2,1,88,81.4,75,70,67.5,64,83,64,46,21,12.1,3,29.9,29.9,29.8,0
2015,2,2,84,80.3,77,73,71.4,70,89,74,62,21,9.7,3,29.9,29.9,29.8,0
2015,2,3,86,80.4,77,72,71,68,83,72.5,58,13,8.2,2,29.9,29.9,29.9,0
2015,2,4,82,78.7,75,75,73.2,70,94,84.7,74,15,9.6,3,29.9,29.9,29.8,0
2015,2,5,86,81.4,77,73,71.5,68,89,73,55,22,15.2,6,29.9,29.9,29.8,0
2015,2,6,84,78.6,75,75,72.6,72,94,82.2,66,20,11.7,5,29.9,29.9,29.8,0
2015,2,7,86,81,77,72,70.2,66,83,69.7,55,21,13.4,8,29.9,29.9,29.8,0
2015,2,8,86,80.9,75,72,70.7,68,89,71.4,55,21,13.2,7,29.9,29.9,29.8,0
2015,2,9,88,81.2,77,72,70.1,68,83,69.4,52,21,16.6,9,29.9,29.9,29.8,0
2015,2,10,86,81,77,70,67,64,78,63.4,48,18,12.9,7,29.9,29.9,29.8,0
2015,2,11,88,81.2,75,70,67.8,66,83,64.9,49,17,11.7,6,29.9,29.8,29.8,0
2015,2,12,88,81.2,73,70,69,68,83,67.1,52,18,11.5,6,29.9,29.8,29.7,0
2015,2,13,88,80.6,75,72,69.6,66,83,69.6,49,17,12.9,6,29.9,29.8,29.8,0
2015,2,14,88,81.3,75,72,70.4,70,83,69.7,55,15,11,5,29.9,29.8,29.7,0
2015,2,15,90,82.3,75,72,71.6,70,89,70.4,52,14,10.1,6,29.9,29.8,29.7,0
2015,2,16,91,83,77,73,71.4,70,89,69,49,16,12.1,6,29.9,29.8,29.7,0
2015,2,17,90,83,77,73,71.3,68,89,69.4,49,16,12.8,8,29.9,29.8,29.7,0
2015,2,18,90,83.7,77,73,71.8,68,89,69,49,17,12.1,6,29.9,29.8,29.7,0
2015,2,19,90,80.5,75,73,71,66,89,74.2,46,15,8.9,3,29.9,29.8,29.8,0
2015,2,20,90,82.6,77,73,71.2,68,89,69.8,49,15,11.7,7,29.9,29.8,29.8,0
2015,2,21,90,82.6,77,73,71.3,68,89,70.3,49,14,10.3,6,29.9,29.8,29.8,0
2015,2,22,90,82.6,77,73,71.7,70,83,69.9,52,16,11.5,9,29.9,29.8,29.8,0
2015,2,23,95,82.7,77,73,71.9,70,89,71.2,44,14,8.5,3,29.9,29.8,29.7,0
2015,2,24,88,82.3,77,73,72,70,89,72.2,55,15,9.6,6,29.9,29.8,29.8,0
2015,2,25,91,82.7,77,73,72.5,72,89,72.4,52,16,10.2,0,29.9,29.8,29.7,0
2015,2,26,88,82.6,77,73,72.5,72,89,72.3,58,13,8.8,1,29.9,29.8,29.7,0
2015,2,27,91,83.9,77,73,71.7,70,89,68.2,49,16,10.9,5,29.8,29.8,29.7,0
2015,2,28,93,84.5,77,73,71.2,66,89,66.2,43,16,11.6,7,29.9,29.8,29.7,0
2015,3,1,91,84.5,79,75,72.6,70,89,69,49,20,11.1,2,29.9,29.8,29.7,0
2015,3,2,91,84.1,79,73,71.7,68,83,67.8,49,18,8.8,2,29.9,29.8,29.7,0
2015,3,3,91,84.7,79,75,72.5,70,89,68.2,49,16,8.5,1,29.9,29.8,29.7,0
2015,3,4,93,82.2,75,75,72.2,68,89,73.7,44,14,8,1,29.9,29.8,29.7,0
2015,3,5,91,84,77,73,71.3,68,89,66.7,49,16,7.5,0,29.9,29.8,29.7,0
2015,3,6,91,83.4,77,75,71.3,68,84,67.8,46,12,7,3,29.9,29.8,29.7,0
2015,3,7,91,84.4,77,73,70.2,64,89,65.2,41,16,10.5,5,29.9,29.8,29.7,0
2015,3,8,93,84.3,79,75,72.8,70,89,69.8,49,15,6.8,1,29.9,29.8,29.8,0
2015,3,9,90,83.6,79,75,73.1,72,89,72.1,55,17,9,1,29.9,29.8,29.8,0
2015,3,10,90,84.4,79,73,72,70,83,67.2,52,20,9.8,2,29.9,29.8,29.8,0
2015,3,11,81,78.6,77,75,73.4,72,89,85.3,78,10,6.6,3,29.9,29.9,29.8,0
2015,3,12,88,82.7,79,73,71,68,83,68.7,52,16,8.7,1,29.9,29.9,29.8,0
2015,3,13,90,83.1,77,72,69.7,66,83,65.2,46,16,10.3,7,29.9,29.9,29.8,0
2015,3,14,91,83.9,77,73,71.6,68,83,66.7,46,16,9.9,6,29.9,29.9,29.8,0
2015,3,15,88,83,79,75,72.2,70,84,69.5,58,14,9.2,6,29.9,29.9,29.8,0
2015,3,16,93,82.8,79,75,73.6,70,89,75.9,46,15,6.1,2,29.9,29.8,29.8,0
2015,3,17,91,84.6,79,75,73.6,72,89,71.3,52,12,7.5,0,29.9,29.8,29.7,0
2015,3,18,93,84.7,79,75,73.5,70,89,70.7,46,10,7.4,3,29.8,29.8,29.7,0
2015,3,19,93,83.5,79,79,75.3,70,94,78.1,49,17,7.4,3,29.9,29.8,29.7,0
2015,3,20,95,84.1,79,75,74.2,72,89,74,47,10,5,0,29.9,29.8,29.7,0
2015,3,21,93,83.7,79,75,74.2,72,89,74.9,49,10,6,2,29.9,29.8,29.8,0
2015,3,22,91,81,73,75,73.2,70,94,78.8,49,20,5.9,0,29.9,29.8,29.7,0
2015,3,23,91,84.2,79,75,73.4,70,89,71,49,16,9.3,1,29.9,29.8,29.7,0
2015,3,24,88,83.7,79,73,72.4,70,83,69.5,55,14,9.6,6,29.9,29.8,29.7,0
2015,3,25,90,85,81,75,72.4,70,84,66.8,52,20,12.5,7,29.9,29.8,29.8,0
2015,3,26,91,85,79,75,73.2,70,89,69.2,49,20,12.7,6,29.9,29.8,29.8,0
2015,3,27,91,85.2,79,75,73.4,70,89,69.2,49,18,12,0,29.9,29.8,29.8,0
2015,3,28,88,83.9,81,77,74.7,73,84,74.7,62,18,10.7,5,29.9,29.8,29.7,0
2015,3,29,84,80.7,77,77,75.1,73,94,84.2,74,14,6.1,0,29.9,29.8,29.7,0
2015,3,30,90,84.6,79,77,74.2,72,89,72.6,55,15,8.7,1,29.9,29.8,29.7,0
2015,3,31,91,83,79,77,75.9,72,89,79.7,52,13,5.6,0,29.9,29.8,29.7,0
2015,4,1,91,82.7,79,77,74.7,73,89,78.7,55,12,3.6,0,29.9,29.8,29.7,0
2015,4,2,91,81.7,77,77,74,70,94,79.7,49,16,5.3,0,29.8,29.7,29.7,0
2015,4,3,91,83.3,79,75,74.3,70,89,75.2,59,8,4.2,0,29.8,29.7,29.6,0
2015,4,4,93,84.7,79,77,75.6,73,89,75.4,52,12,5.5,0,29.8,29.7,29.6,0
2015,4,5,88,81.3,75,79,75.5,70,94,83.5,66,13,3.3,0,29.8,29.7,29.7,0
2015,4,6,91,84.7,81,77,74.5,72,89,72.4,52,12,6.2,0,29.8,29.7,29.7,0
2015,4,7,90,85.5,81,75,74.6,73,84,71,59,13,8.1,1,29.8,29.7,29.7,0
2015,4,8,93,85.8,79,77,74.3,72,89,70,49,15,8.2,1,29.8,29.8,29.7,0
2015,4,9,91,85.1,81,75,74.3,72,84,71.2,52,17,9.9,1,29.8,29.8,29.7,0
2015,4,10,91,85.6,81,77,73.8,70,89,69.3,49,14,9.2,1,29.9,29.8,29.7,0
2015,4,11,91,83.5,81,75,74.2,72,84,74.5,52,8,4.2,0,29.9,29.8,29.8,0
2015,4,12,91,83.6,79,75,74.2,72,89,74.8,52,12,5.3,0,29.9,29.8,29.8,0
2015,4,13,93,86,79,75,73.5,72,89,67.9,49,14,7.3,0,29.9,29.8,29.7,0
2015,4,14,91,85.7,79,75,72.5,70,89,65.5,49,15,8,0,29.8,29.8,29.7,0
2015,4,15,91,85.6,79,75,73.4,72,84,68.4,55,12,7.7,0,29.9,29.8,29.8,0
2015,4,16,93,86,81,75,72.6,70,84,65.4,46,15,9.8,3,29.9,29.8,29.7,0
2015,4,17,93,87,81,75,73.1,70,84,64.7,49,15,9.2,2,29.9,29.8,29.7,0
2015,4,18,95,86.5,81,77,74.2,70,84,68.2,44,10,5,0,29.9,29.8,29.7,0
2015,4,19,95,83.5,77,77,73.9,72,89,74.5,49,14,5.6,0,29.8,29.8,29.7,0
2015,4,20,97,85.2,79,77,74.2,70,89,72,44,17,4.4,0,29.8,29.8,29.7,0
2015,4,21,93,82.7,75,75,73.4,72,89,75.3,52,15,4.8,0,29.8,29.8,29.7,0
2015,4,22,95,85.2,77,77,74.2,70,89,71.5,47,8,3.9,0,29.8,29.8,29.7,0
2015,4,23,91,84.9,79,77,73.9,70,89,71.1,49,9,4.6,1,29.9,29.8,29.7,0
2015,4,24,91,83.4,79,75,73.8,72,89,75,52,12,4,0,29.9,29.8,29.7,0
2015,4,25,91,83.5,77,75,73.3,70,89,72.1,49,12,6.3,0,29.8,29.8,29.7,0
2015,4,26,90,83,77,77,74.9,73,94,77.8,59,15,7.9,2,29.9,29.8,29.7,0
2015,4,27,91,81.8,75,77,73.7,72,89,77.5,52,14,4.4,0,29.9,29.8,29.7,0
2015,4,28,91,82.1,75,77,74.3,73,94,78.8,55,12,5,0,29.8,29.8,29.7,0
2015,4,29,91,84,77,77,74.9,70,94,75.2,49,12,4.4,0,29.9,29.8,29.7,0
2015,4,30,90,82.4,77,77,74.8,73,89,79.6,59,12,4.9,0,29.9,29.8,29.7,0
2015,5,1,90,82.9,79,75,74.3,72,89,77.2,59,12,3,0,29.9,29.8,29.7,0
2015,5,2,88,83.2,79,77,74.7,73,94,76.7,66,7,3.2,0,29.9,29.8,29.7,0
2015,5,3,86,81.5,75,77,75.1,73,94,81.5,70,7,2.6,0,29.9,29.8,29.8,0
2015,5,4,90,82.1,79,77,74,72,94,77.3,62,8,3.1,0,29.9,29.8,29.7,0
2015,5,5,95,84.5,77,77,74.2,72,94,73.5,47,13,4.5,0,29.8,29.7,29.7,0
2015,5,6,95,85.5,79,79,74.6,72,94,70.9,49,10,4.4,0,29.8,29.7,29.7,0
2015,5,7,91,83.7,79,79,76.3,73,89,79.2,55,13,5.6,0,29.8,29.8,29.7,0
2015,5,8,90,83.9,77,79,76,72,94,77.9,55,13,5.4,0,29.8,29.7,29.7,0
2015,5,9,91,86.6,79,77,73.4,70,89,65.9,49,10,5.9,0,29.8,29.7,29.7,0
2015,5,10,93,86.3,82,77,75.7,73,84,71.5,52,10,6.5,3,29.8,29.7,29.7,0
2015,5,11,91,87,82,77,75.2,72,84,68.5,52,12,7,3,29.8,29.8,29.7,0
2015,5,12,91,86.1,82,79,75.5,73,84,71.2,55,13,5.8,0,29.8,29.8,29.7,0
2015,5,13,91,84.9,81,77,75.5,72,89,74,52,9,4.6,0,29.8,29.8,29.7,0
2015,5,14,93,84.4,77,79,74.5,70,89,74.2,46,10,5.3,1,29.9,29.8,29.7,0
2015,5,15,88,81,77,77,75.1,73,89,83.2,70,14,4,0,29.9,29.8,29.8,0
2015,5,16,86,83.2,79,79,75.5,72,94,77.7,66,13,4.8,0,29.9,29.8,29.7,0
2015,5,17,91,85.2,79,77,75.2,73,89,73.4,55,10,5,0,29.8,29.8,29.7,0
2015,5,18,90,83.3,79,77,75.9,73,94,79.2,62,13,4,0,29.9,29.8,29.7,0
2015,5,19,95,86.6,79,79,75.5,72,94,70.9,47,10,5.9,0,29.9,29.8,29.7,0
2015,5,20,91,84.8,79,77,75.6,73,89,75.5,59,14,5.9,0,29.9,29.8,29.8,0
2015,5,21,93,85.7,79,79,76,73,94,74,52,12,5.5,0,29.9,29.8,29.7,0
2015,5,22,90,85.2,81,79,75.7,73,89,73.6,62,13,6.7,0,29.9,29.8,29.8,0
2015,5,23,84,79.9,77,77,74.3,73,94,84.4,70,9,4.4,1,29.9,29.8,29.8,0
2015,5,24,91,85.3,79,77,74.7,73,84,71.7,59,9,4.6,0,29.9,29.8,29.7,0
2015,5,25,90,84.2,81,79,75.5,73,89,76,59,12,4.6,0,29.9,29.8,29.8,0
2015,5,26,93,83.4,79,79,74.7,72,94,77.3,49,15,5.8,0,29.9,29.8,29.8,0
2015,5,27,90,84.8,79,77,75.2,73,89,73.7,59,14,5.5,0,29.9,29.8,29.7,0
2015,5,28,91,86.3,81,77,74.3,72,84,68.6,55,9,6.1,1,29.8,29.8,29.7,0
2015,5,29,91,87.4,82,77,73.4,68,79,64,46,10,7.3,2,29.9,29.8,29.7,0
2015,5,30,93,87,82,77,73.2,64,79,64.2,38,12,7.7,0,29.8,29.8,29.7,0
2015,5,31,93,86,81,77,73.7,70,89,67.8,46,10,4.8,0,29.8,29.8,29.7,0
2015,6,1,97,87.1,81,77,73.8,66,84,66.2,37,8,4.5,0,29.8,29.7,29.7,0
2015,6,2,95,86,81,77,72.7,66,84,66.2,39,14,6.4,3,29.9,29.8,29.7,0
2015,6,3,95,86.7,79,75,73.3,70,83,65.7,44,9,5.3,0,29.8,29.8,29.7,0
2015,6,4,91,86.2,82,75,73.7,72,79,67,52,10,6.4,2,29.8,29.7,29.7,0
2015,6,5,95,86.3,79,77,73.4,66,89,67.2,39,10,4.6,0,29.8,29.7,29.7,0
2015,6,6,91,82.4,75,77,75.2,72,94,80.2,52,14,4.5,0,29.8,29.7,29.7,0
2015,6,7,90,83,79,79,75.7,73,94,79.8,59,6,2.6,0,29.8,29.8,29.7,0
2015,6,8,90,84.8,81,77,75.3,73,89,74,62,13,5.3,0,29.8,29.8,29.7,0
2015,6,9,88,84.6,81,75,73.6,72,84,70.7,58,8,4.8,0,29.8,29.8,29.7,0
2015,6,10,95,86.4,79,77,73.2,68,89,66.6,44,10,5.4,0,29.8,29.8,29.7,0
2015,6,11,93,84.2,81,77,74.3,72,89,74,49,10,3.8,0,29.8,29.8,29.7,0
2015,6,12,86,80.7,77,77,75.2,73,94,84.6,74,9,3.5,0,29.9,29.8,29.7,0
2015,6,13,91,84.7,79,75,73.3,68,89,70.3,46,9,4.2,0,29.8,29.7,29.7,0
2015,6,14,84,79.8,75,75,73.3,72,94,81.9,70,12,6.5,2,29.8,29.8,29.7,0
2015,6,15,90,84,77,75,74.8,73,94,74.7,59,12,5.3,0,29.8,29.7,29.7,0
2015,6,16,86,81.4,75,77,73.6,72,89,77.8,66,9,3.4,0,29.8,29.8,29.7,0
2015,6,17,86,82.4,79,77,74.5,73,89,78,66,10,4.2,0,29.8,29.7,29.7,0
2015,6,18,91,86.6,79,75,73.4,72,89,66,52,12,6,0,29.8,29.7,29.7,0
2015,6,19,91,86.3,82,75,73.8,72,79,67.2,52,14,8.8,1,29.8,29.8,29.7,0
2015,6,20,91,87.6,82,75,73.1,70,79,62.7,49,14,9.4,5,29.8,29.8,29.7,0
2015,6,21,93,87.6,82,77,74.5,72,79,65.6,49,14,8.6,0,29.8,29.8,29.7,0
2015,6,22,93,88.4,84,77,74,72,79,62.8,49,13,8.9,5,29.8,29.8,29.7,0
2015,6,23,93,88,82,77,73.8,70,79,63.2,46,14,9.8,7,29.9,29.8,29.7,0
2015,6,24,95,88,82,75,73.4,72,79,62.6,49,13,9.2,6,29.9,29.8,29.8,0
2015,6,25,93,87.4,82,75,73.1,70,79,63.3,49,13,8.5,5,29.9,29.8,29.8,0
2015,6,26,93,87.2,82,75,72.5,70,74,62.2,46,10,7.9,3,29.9,29.8,29.7,0
2015,6,27,93,87.5,82,77,72.7,70,79,62.2,46,13,9.4,3,29.9,29.8,29.8,0
2015,6,28,93,87.1,82,75,73.7,72,79,65.1,49,13,8.2,3,29.9,29.9,29.8,0
2015,6,29,95,88.2,81,77,72.6,68,89,61.7,41,12,7.2,0,29.9,29.9,29.8,0
2015,6,30,93,87.5,82,77,73.8,70,79,64.5,46,10,5.8,0,29.9,29.8,29.8,0
2015,7,1,90,84,77,77,73.2,70,83,70.3,58,8,5.1,2,29.9,29.9,29.8,0
2015,7,2,91,86.6,81,77,74.7,73,89,69.3,55,15,7,1,29.9,29.8,29.8,0
2015,7,3,90,86.5,82,75,73.6,72,79,66.2,55,15,9.3,2,29.9,29.8,29.7,0
2015,7,4,86,80.8,73,73,72.1,70,94,74.9,62,16,7.3,0,29.9,29.8,29.8,0
2015,7,5,93,86.6,79,75,72.5,70,83,63.6,49,13,8.1,0,29.8,29.8,29.7,0
2015,7,6,91,86.8,82,75,72.6,70,79,63.5,52,18,9.5,6,29.8,29.7,29.7,0
2015,7,7,91,86.2,82,75,73.7,72,79,67.2,55,15,9.3,5,29.8,29.7,29.7,0
2015,7,8,91,84.2,77,75,73.5,70,89,71.3,52,15,6.1,0,29.8,29.8,29.7,0
2015,7,9,93,87.5,79,79,73.6,70,94,64.8,46,9,5,0,29.8,29.7,29.7,0
2015,7,10,90,85,79,77,74,72,84,70.6,55,12,6.6,0,29.8,29.8,29.7,0
2015,7,11,93,86,81,77,74,70,89,68.8,46,10,6.7,0,29.8,29.8,29.7,0
2015,7,12,93,86.3,82,77,74.4,72,84,68.3,49,13,8,5,29.8,29.7,29.6,0
2015,7,13,90,86.4,82,77,74.9,72,79,69.2,55,15,10,3,29.8,29.7,29.6,0
2015,7,14,91,85.7,77,75,73.4,72,94,68.1,52,13,8.4,0,29.8,29.7,29.7,0
2015,7,15,95,86.7,81,77,74.5,73,84,68,49,10,6.4,1,29.8,29.7,29.7,0
2015,7,16,91,86,82,77,75.2,73,84,70.7,59,12,7.3,3,29.8,29.7,29.7,0
2015,7,17,90,85.2,81,79,75.6,72,84,74.1,59,12,6.6,1,29.8,29.7,29.7,0
2015,7,18,91,86.5,82,77,74.4,70,84,68,49,13,9.3,1,29.8,29.8,29.7,0
2015,7,19,91,85.8,82,77,74.7,72,79,69.9,52,14,8.9,6,29.8,29.8,29.7,0
2015,7,20,91,86.1,81,75,74,72,84,67.8,52,12,7.3,0,29.8,29.8,29.7,0
2015,7,21,91,85.8,82,75,73.3,68,79,67,46,12,6.4,0,29.9,29.8,29.8,0
2015,7,22,91,86.8,82,75,71.7,66,79,61.4,43,10,8,2,29.9,29.8,29.8,0
2015,7,23,91,85.7,82,75,72.7,70,79,65.4,52,10,6.6,3,29.9,29.8,29.8,0
2015,7,24,91,85.7,81,75,72.7,68,79,65.7,46,14,6.4,2,29.9,29.8,29.8,0
2015,7,25,93,86.8,79,75,72.2,68,89,63.6,44,12,7,0,29.9,29.8,29.8,0
2015,7,26,90,83.3,77,75,70.8,66,84,66.6,52,16,6.3,0,29.9,29.8,29.8,0
2015,7,27,91,85.7,81,75,71.2,66,84,62.8,46,17,7.1,0,29.9,29.9,29.8,0
2015,7,28,90,83.8,79,73,72.3,70,83,68.3,55,13,6.8,2,29.9,29.8,29.8,0
2015,7,29,91,85.6,81,73,71.2,68,79,62.8,46,12,8.2,5,29.9,29.8,29.8,0
2015,7,30,91,86.4,82,73,71.4,68,74,61.4,49,13,7,0,29.9,29.8,29.8,0
2015,7,31,91,81.5,77,77,72.8,70,89,76,52,15,4.6,0,29.9,29.8,29.8,0
2015,8,1,88,81.8,75,73,71.8,70,89,71.7,55,15,7.2,1,29.9,29.8,29.8,0
2015,8,2,93,86.2,79,75,72,66,84,64,41,13,7.5,0,29.9,29.8,29.7,0
2015,8,3,82,78.7,73,73,71.9,70,89,80.1,66,10,4.9,0,29.9,29.8,29.8,0
2015,8,4,90,80.7,75,73,72.1,70,94,75.3,52,9,5.5,2,29.9,29.8,29.8,0
2015,8,5,90,84.4,79,75,73.5,72,84,70.9,55,10,4.8,0,29.8,29.8,29.7,0
2015,8,6,86,80.8,77,75,73.8,72,94,80.6,62,10,4.2,1,29.8,29.7,29.7,0
2015,8,7,88,81.9,79,77,74.9,73,89,80.6,62,10,5.8,0,29.8,29.8,29.7,0
2015,8,8,88,82.7,77,77,74.3,72,89,77.3,58,10,5.2,0,29.8,29.8,29.7,0
2015,8,9,88,82.2,75,75,73.3,72,89,74.9,62,9,4.7,0,29.8,29.7,29.6,0
2015,8,10,90,85.6,81,75,73.3,70,84,67.5,55,15,8.6,0,29.8,29.7,29.7,0
2015,8,11,90,83.7,79,77,74.9,73,89,76.1,59,17,7.8,2,29.8,29.8,29.7,0
2015,8,12,82,80.4,77,77,74.6,73,89,83.9,79,7,3.6,0,29.9,29.8,29.8,0
2015,8,13,91,84.6,79,77,74.5,72,89,73.1,55,14,6.5,0,29.9,29.8,29.7,0
2015,8,14,90,86.2,81,77,74.1,70,89,68.7,52,9,6,0,29.9,29.8,29.7,0
2015,8,15,91,85.3,81,75,73.6,70,84,69,49,14,7.8,2,29.9,29.8,29.7,0
2015,8,16,90,85.4,81,75,73,70,84,67.2,55,15,7.7,1,29.9,29.8,29.8,0
2015,8,17,90,85.2,81,77,72.7,68,89,67.7,52,15,7.5,0,29.9,29.8,29.8,0
2015,8,18,93,86.4,81,73,69.2,59,79,58.5,34,14,8.7,3,29.9,29.8,29.7,0
2015,8,19,93,86.9,81,73,71.1,66,74,60,46,13,7.7,0,29.9,29.8,29.8,0
2015,8,20,93,87.3,81,75,72.7,70,84,62.7,46,12,7,0,29.9,29.8,29.7,0
2015,8,21,91,84.3,79,75,73.5,72,89,71,52,10,5.4,0,29.9,29.8,29.7,0
2015,8,22,93,86.1,81,75,73.8,72,84,67.9,49,14,6.7,1,29.8,29.8,29.7,0
2015,8,23,90,85.3,82,73,72.3,70,74,65.4,52,14,8.9,3,29.9,29.8,29.7,0
2015,8,24,91,85.7,82,73,71,68,74,61.7,46,14,9,6,29.9,29.8,29.7,0
2015,8,25,88,81.3,77,77,74,70,94,79.3,58,16,6.9,1,29.9,29.8,29.7,0
2015,8,26,90,84.7,81,75,72.5,64,84,67.8,46,9,5.1,0,29.9,29.8,29.7,0
2015,8,27,90,85,79,75,72.3,68,84,66.7,52,10,6.7,0,29.9,29.8,29.7,0
2015,8,28,91,85.5,81,75,73.3,70,84,68,49,12,7.5,0,29.9,29.8,29.7,0
2015,8,29,93,86.5,82,75,72.7,70,79,64.1,46,13,9.4,5,29.9,29.8,29.7,0
2015,8,30,93,86.7,81,75,72.1,68,79,62.2,44,15,9.3,2,29.9,29.8,29.8,0
2015,8,31,91,86.3,82,73,70.7,66,74,59.8,46,14,10.2,5,29.9,29.8,29.8,0
2015,9,1,91,86.7,81,73,72,70,79,61.9,49,12,8,1,29.9,29.8,29.7,0
2015,9,2,91,86.3,81,73,71,68,79,61.1,46,10,8.2,1,29.9,29.8,29.7,0
2015,9,3,90,86.1,82,75,72.3,70,74,64,52,13,9.2,6,29.9,29.8,29.8,0
2015,9,4,90,85.5,82,75,73.4,70,79,67.5,55,13,7,3,29.9,29.8,29.8,0
2015,9,5,91,86.2,82,75,73.6,70,79,67,49,9,6.8,3,29.9,29.9,29.8,0
2015,9,6,95,87,81,75,70.8,63,84,60.4,36,9,6.3,3,29.9,29.9,29.8,0
2015,9,7,93,86.5,81,75,70.6,66,84,60.2,41,12,6.8,0,29.9,29.8,29.8,0
2015,9,8,93,86.7,82,73,71.4,68,74,60.8,44,13,8.9,1,29.9,29.8,29.7,0
2015,9,9,88,80.2,75,73,72.2,70,89,76.9,55,15,4.9,0,29.9,29.8,29.8,0
2015,9,10,90,83.7,77,75,72.6,72,89,70,55,10,4.4,0,29.9,29.9,29.8,0
2015,9,11,91,85.6,81,73,69.6,63,79,59.8,38,13,7.8,0,29.9,29.8,29.7,0
2015,9,12,91,85.6,81,73,71.4,66,79,63.2,46,14,7.9,0,29.9,29.8,29.7,0
2015,9,13,91,85.9,82,75,72.3,70,74,64.3,49,10,7,3,29.9,29.8,29.7,0
2015,9,14,91,86,81,75,73,72,79,66,55,12,7.6,2,29.9,29.8,29.7,0
2015,9,15,84,80.4,79,75,72.6,70,89,78,66,14,4.4,0,29.8,29.8,29.7,0
2015,9,16,86,81.5,79,75,74.4,73,89,80.2,66,16,5.3,0,29.8,29.7,29.7,0
2015,9,17,90,85.8,81,75,71,66,84,62.7,46,10,5.8,0,29.9,29.8,29.7,0
2015,9,18,88,85.2,82,75,73.6,73,79,68.9,62,12,7.9,6,29.9,29.8,29.8,0
2015,9,19,91,86.1,81,77,74.3,72,89,69,52,14,8.4,3,29.9,29.8,29.7,0
2015,9,20,91,85.8,81,77,73.9,70,84,69,49,10,4,0,29.9,29.8,29.7,0
2015,9,21,90,83.6,79,75,74,70,89,74.3,55,13,4.7,0,29.9,29.8,29.7,0
2015,9,22,91,84.4,79,77,73.4,68,89,70.7,52,10,5.6,1,29.8,29.8,29.7,0
2015,9,23,91,85.3,81,75,72.3,66,84,66.7,46,12,5.2,0,29.9,29.8,29.7,0
2015,9,24,91,85.6,79,75,72.9,70,89,66.9,49,9,4.9,0,29.9,29.8,29.7,0
2015,9,25,91,86,81,75,70.4,66,84,60.7,46,13,7.2,0,29.9,29.8,29.7,0
2015,9,26,90,85.7,81,73,70.8,66,79,62,46,13,6.2,0,29.8,29.8,29.7,0
2015,9,27,91,84.4,81,77,74,70,89,72.1,49,12,5.1,0,29.8,29.8,29.7,0
2015,9,28,90,82.1,73,77,73.3,70,94,76.5,52,14,3.5,0,29.8,29.8,29.7,0
2015,9,29,90,84.3,77,75,73.7,72,89,71.6,55,10,5.1,0,29.8,29.8,29.7,0
2015,9,30,90,82.9,77,77,73.4,72,89,74,55,13,4.6,0,29.9,29.8,29.8,0
2015,10,1,91,84.8,79,77,74,72,89,71.2,52,12,4.9,0,29.9,29.9,29.8,0
2015,10,2,91,82.6,75,75,72.5,70,89,72.4,52,12,5,1,29.9,29.9,29.8,0
2015,10,3,88,84.3,79,75,73.7,73,89,71.9,62,10,5,0,29.9,29.8,29.8,0
2015,10,4,90,86,81,75,71.6,68,79,63.4,49,10,6.8,0,29.9,29.8,29.8,0
2015,10,5,86,83.5,81,77,74.7,70,89,75,62,12,3.8,0,29.9,29.8,29.8,0
2015,10,6,90,83.1,79,77,73.5,70,89,74,52,10,5,1,29.9,29.8,29.8,0
2015,10,7,90,83.4,77,75,73,70,89,71.6,58,13,3.7,0,29.9,29.8,29.8,0
2015,10,8,91,83.9,79,75,72.3,68,84,69.1,46,8,3.5,0,29.9,29.8,29.8,0
2015,10,9,91,85.9,79,77,70.6,64,89,62.8,41,9,5.2,0,29.9,29.8,29.7,0
2015,10,10,91,86.5,79,75,72.4,68,89,63.9,46,10,5.8,0,29.9,29.8,29.8,0
2015,10,11,91,86,81,75,70.9,64,79,62.5,41,10,6,2,29.9,29.9,29.8,0
2015,10,12,93,85.7,81,75,71.9,61,84,65.3,36,12,5.3,0,29.9,29.9,29.8,0
2015,10,13,91,84.6,81,77,73.3,70,84,70,49,13,5.6,0,29.9,29.8,29.8,0
2015,10,14,90,85.2,81,75,72.8,68,84,67,52,12,5.8,0,29.9,29.8,29.8,0
2015,10,15,93,86,81,77,72.4,66,84,65.8,41,10,4.9,0,29.9,29.8,29.7,0
2015,10,16,91,85.5,81,77,71.7,61,89,65.5,36,10,5,0,29.9,29.8,29.7,0
2015,10,17,93,87,81,75,70.9,64,79,60.3,38,10,6,0,29.9,29.8,29.7,0
2015,10,18,91,86.6,81,75,72.4,70,84,63.1,49,12,7,0,29.9,29.8,29.8,0
2015,10,19,93,86.5,81,75,71.8,68,79,62.2,44,10,5.8,0,29.9,29.8,29.7,0
2015,10,20,95,87,81,73,69.9,63,79,57.5,34,14,7.3,0,29.9,29.8,29.7,0
2015,10,21,91,86.5,81,73,70.7,66,79,60,46,12,7.1,1,29.8,29.8,29.7,0
2015,10,22,91,86.9,82,77,72.8,68,79,63.3,46,9,6.2,3,29.9,29.8,29.7,0
2015,10,23,93,87.3,82,79,75.7,70,84,69.4,46,9,7.1,3,29.8,29.8,29.7,0
2015,10,24,90,84.9,79,82,78.5,77,100,81.5,66,12,5.8,0,29.8,29.8,29.7,0
2015,10,25,90,84.5,81,82,78.4,75,100,82.5,66,10,4.4,0,29.9,29.8,29.7,0
2015,10,26,93,85.7,81,81,76.2,70,100,75,46,10,6.7,2,29.9,29.8,29.7,0
2015,10,27,93,86.4,81,79,75.4,70,94,71,52,12,4.8,0,29.9,29.8,29.7,0
2015,10,28,86,79.4,73,75,72.9,70,100,81.3,62,18,7.1,3,29.9,29.8,29.8,0
2015,10,29,91,85.2,79,75,71.8,68,83,65.8,46,14,7.1,0,29.9,29.8,29.7,0
2015,10,30,91,83.6,79,75,73,70,84,71.8,49,8,4.1,0,29.9,29.8,29.8,0
2015,10,31,88,82.7,79,75,74,72,89,76.3,58,9,4.9,0,29.9,29.8,29.7,0
2015,11,1,91,83.7,79,75,72.7,70,84,70.6,49,14,4.7,0,29.9,29.8,29.8,0
2015,11,2,91,82.8,79,77,74,70,89,76.5,52,12,4.8,0,29.9,29.8,29.7,0
2015,11,3,93,84.5,79,75,73.5,70,89,71,46,10,4,0,29.8,29.8,29.7,0
2015,11,4,91,82.7,79,77,74.4,68,89,77.8,49,17,4.3,0,29.8,29.8,29.7,0
2015,11,5,93,86.2,79,77,73.4,66,94,67.7,43,9,3.8,0,29.8,29.8,29.7,0
2015,11,6,91,84,79,77,75.3,72,89,76.5,52,10,3.8,0,29.9,29.8,29.7,0
2015,11,7,90,82.6,77,77,74,70,100,77.5,52,13,4.6,0,29.9,29.8,29.7,0
2015,11,8,86,82.6,77,77,74.6,72,94,77.6,66,7,2.2,0,29.9,29.8,29.7,0
2015,11,9,90,83.9,77,77,73.9,72,94,73.3,55,12,4.4,0,29.9,29.8,29.7,0
2015,11,10,91,84.7,81,77,74,70,89,71.6,52,13,4.3,0,29.8,29.8,29.7,0
2015,11,11,91,81.7,77,77,74.2,70,94,80.2,49,14,4.7,0,29.8,29.8,29.7,0
2015,11,12,91,83.4,79,77,74.9,72,89,77,55,8,4,0,29.9,29.8,29.7,0
2015,11,13,86,82.1,77,79,76.1,73,100,83,66,14,4.3,0,29.9,29.8,29.7,0
2015,11,14,91,85.5,79,77,74.2,70,94,70.6,49,12,6.6,0,29.8,29.8,29.7,0
2015,11,15,88,82.5,79,77,75.1,72,89,79.4,58,13,4.5,0,29.8,29.8,29.7,0
2015,11,16,86,79.6,77,77,75.3,73,100,88.1,66,13,4.7,0,29.8,29.8,29.7,0
2015,11,17,88,82,75,77,74.8,70,100,80.3,55,7,4.1,0,29.8,29.8,29.7,0
2015,11,18,91,85,79,75,73.5,70,89,70.1,52,13,6.9,0,29.8,29.8,29.7,0
2015,11,19,90,85.3,81,75,73.9,72,84,69.8,58,18,4.2,0,29.8,29.8,29.7,0
2015,11,20,88,82.7,79,77,74.1,72,89,76.4,62,16,5,0,29.8,29.7,29.7,0
2015,11,21,90,81.7,77,77,75.5,72,100,83.4,55,16,4.5,0,29.8,29.7,29.7,0
2015,11,22,91,84.7,77,77,74.7,72,100,73.8,52,9,3.3,0,29.8,29.7,29.6,0
2015,11,23,93,85.6,79,77,73.5,68,94,68.9,46,12,3.9,0,29.8,29.7,29.6,0
2015,11,24,86,80.3,77,77,76.1,73,100,88.2,70,13,3.4,0,29.8,29.8,29.7,0
2015,11,25,90,82,77,77,74.5,72,94,80.1,55,12,4.6,0,29.8,29.7,29.7,0
2015,11,26,88,81.3,77,77,74.4,73,94,81.1,62,10,4.8,1,29.8,29.8,29.7,0
2015,11,27,88,82.7,77,77,73.9,70,94,75.9,55,9,5.1,0,29.8,29.7,29.7,0
2015,11,28,93,85,79,77,74.2,70,89,71.5,46,13,5.5,0,29.9,29.8,29.7,0
2015,11,29,93,84.9,77,77,74.6,72,94,72.8,49,13,6.1,1,29.9,29.8,29.8,0
2015,11,30,91,82.1,77,77,75.6,72,100,82.6,52,13,4.7,0,29.9,29.8,29.7,0
2015,12,1,90,80.8,75,77,74.8,72,100,83.7,55,13,5,0,29.8,29.8,29.7,0
2015,12,2,90,82.2,77,77,75.5,72,100,81.3,59,14,3.9,0,29.9,29.8,29.8,0
2015,12,3,91,84.7,79,77,74.7,72,94,73.4,52,14,6.7,0,29.9,29.8,29.7,0
2015,12,4,91,84.3,79,77,74.9,72,94,74.2,52,15,5.7,0,29.9,29.8,29.7,0
2015,12,5,91,82.4,75,79,76.4,73,100,83.7,55,12,5.5,0,29.9,29.8,29.7,0
2015,12,6,90,81.8,79,79,76.7,75,94,85.5,62,14,4.6,0,29.9,29.8,29.7,0
2015,12,7,91,85,79,77,74.2,70,94,71.5,52,17,10.3,2,29.9,29.8,29.7,0
2015,12,8,90,83.9,79,79,76.3,73,94,78.8,59,14,4.4,0,29.9,29.8,29.7,0
2015,12,9,90,84,77,77,75.1,73,94,76.4,59,9,4.8,0,29.9,29.8,29.8,0
2015,12,10,93,83.1,77,77,75.4,72,100,79.3,52,21,7.3,0,29.9,29.8,29.7,0
2015,12,11,88,81.7,77,79,76.6,75,94,84.9,70,15,3.5,0,29.9,29.8,29.7,0
2015,12,12,88,82,77,79,76.6,75,100,84.6,66,21,6.5,1,29.8,29.8,29.7,0
2015,12,13,84,79.5,77,77,76.1,75,100,90.3,79,9,4.6,1,29.9,29.8,29.7,0
2015,12,14,90,82.9,77,75,73.2,68,94,74.1,52,15,6.7,1,29.8,29.8,29.7,0
2015,12,15,86,82.2,77,77,74.5,72,94,78.5,66,10,3.7,0,29.9,29.8,29.7,0
2015,12,16,88,83.1,81,75,73.2,66,84,73.5,55,8,4.1,0,29.9,29.8,29.8,0
2015,12,17,86,82.8,79,75,73.4,72,84,74.2,62,16,9.3,0,29.9,29.8,29.8,0
2015,12,18,88,82.3,81,75,72.8,70,84,73.7,58,21,8.8,2,29.9,29.8,29.8,0
2015,12,19,91,84.8,79,73,71.2,68,83,65,46,15,8.7,2,29.9,29.8,29.8,0
2015,12,20,91,84.9,79,73,70.6,66,83,64.2,43,14,5.9,2,29.9,29.8,29.7,0
2015,12,21,93,85,81,75,71.6,66,84,66.4,41,9,5,0,29.9,29.8,29.7,0
2015,12,22,95,87,81,77,73.2,66,89,65.6,39,8,3.7,0,29.9,29.8,29.7,0
2015,12,23,93,83.3,75,77,74.3,70,94,76.1,52,13,6,2,29.9,29.8,29.8,0
2015,12,24,84,79.9,75,77,75.8,73,100,88,74,8,4.4,1,29.9,29.8,29.8,0
2015,12,25,90,83.7,77,77,74.9,73,94,76.3,59,18,9.6,0,29.9,29.8,29.7,0
2015,12,26,90,84.4,79,75,73,70,89,70,52,18,10.7,2,29.9,29.8,29.8,0
2015,12,27,90,84.3,79,77,74,72,94,72.6,58,15,8.4,0,29.9,29.9,29.8,0
2015,12,28,90,84.4,81,77,74.6,72,89,73.9,58,20,7.8,2,29.9,29.9,29.8,0
2015,12,29,84,79.5,77,77,75.9,75,100,89.7,74,17,8.7,2,29.9,29.9,29.8,0
2015,12,30,90,83.7,79,75,72.7,68,89,71.4,52,20,11.8,3,29.9,29.8,29.8,0
2015,12,31,88,80.8,77,77,75,73,94,84.1,62,18,9.4,2,29.9,29.8,29.8,0
2016,1,1,86,82.5,79,79,75.7,72,94,80.3,66,20,10.1,2,29.9,29.9,29.8,0
2016,1,2,82,78.3,75,77,74.7,73,100,89.8,79,16,6.7,0,29.9,29.9,29.8,0
2016,1,3,81,79.2,77,77,75.3,73,100,89.3,83,9,4,0,29.9,29.9,29.8,0
2016,1,4,88,83.1,79,77,75.3,73,94,78.4,62,13,8,2,29.9,29.9,29.8,0
2016,1,5,90,84.8,79,77,74.4,72,94,72.6,55,13,9.8,5,29.9,29.8,29.8,0
2016,1,6,90,84.3,81,77,75.5,73,89,75.8,62,15,9.9,5,29.9,29.9,29.8,0
2016,1,7,91,85,79,77,73.7,72,89,70.4,52,16,11.8,7,29.9,29.9,29.8,0
2016,1,8,90,84.8,79,75,73.5,70,89,70.5,52,15,10.8,3,29.9,29.8,29.8,0
2016,1,9,91,84.9,81,77,73.4,68,89,69.7,46,18,11.7,2,29.9,29.8,29.8,0
2016,1,10,91,85.4,81,75,73.5,72,84,68.4,52,14,9.2,3,29.9,29.8,29.8,0
2016,1,11,90,84.7,81,75,74,70,84,71.5,52,10,6.5,2,29.9,29.8,29.8,0
2016,1,12,91,85.4,81,75,73.5,72,84,68.7,52,16,10.2,6,29.9,29.8,29.7,0
2016,1,13,91,85.6,81,75,73.8,72,84,69.2,52,15,9.8,3,29.9,29.8,29.7,0
2016,1,14,91,85.7,79,77,74.6,70,89,70.8,49,14,9.5,2,29.9,29.8,29.7,0
2016,1,15,90,82.8,79,77,75.5,72,94,79.9,55,9,4.3,0,29.8,29.8,29.7,0
2016,1,16,90,83.3,79,79,75.7,70,94,79,52,10,2.6,0,29.8,29.8,29.7,0
2016,1,17,88,80.9,75,79,76.7,73,94,87.6,66,12,3.7,0,29.8,29.8,29.7,0
2016,1,18,93,84.5,77,77,75.8,70,100,76.4,46,10,4.5,0,29.8,29.8,29.7,0
2016,1,19,88,83.9,81,77,75.3,73,89,76,62,16,8.5,1,29.9,29.8,29.7,0
2016,1,20,88,84.1,81,77,74.9,72,89,75.3,58,13,5.3,0,29.9,29.8,29.8,0
2016,1,21,88,83.6,81,75,73.5,70,84,72.4,58,13,7.4,0,29.9,29.8,29.8,0
2016,1,22,90,83.9,81,77,75.9,75,84,77.5,62,14,7.2,0,29.9,29.8,29.8,0
2016,1,23,91,84.5,81,77,74.6,72,84,73.2,52,15,8.9,3,29.9,29.8,29.8,0
2016,1,24,91,85.2,81,77,74.6,72,89,71.7,52,23,14.1,5,29.9,29.9,29.8,0
2016,1,25,88,82.5,79,77,74.4,73,89,77.9,62,26,12.9,5,29.9,29.8,29.8,0
2016,1,26,86,82.7,79,77,74.6,73,94,76.9,66,18,10.3,5,29.9,29.8,29.8,0
2016,1,27,91,85,79,77,74.9,73,94,73.5,55,15,9.5,0,29.9,29.8,29.7,0
2016,1,28,91,84.7,79,77,75.2,73,94,75.1,55,13,6.9,2,29.9,29.8,29.7,0
2016,1,29,90,84,79,77,75.4,73,94,76.4,59,17,8.8,0,29.9,29.8,29.8,0
2016,1,30,91,85.5,81,77,73.8,70,89,69.6,49,16,9.7,3,29.9,29.8,29.7,0
2016,1,31,91,85.4,81,75,73.7,72,84,69,52,16,9.1,3,29.9,29.8,29.7,0
2016,2,1,91,85.5,79,75,71.8,68,89,65.1,46,18,11.3,2,29.9,29.8,29.7,0
2016,2,2,90,82.3,77,77,73.7,70,100,76.8,55,16,8.2,2,29.9,29.8,29.7,0
2016,2,3,90,84.9,79,75,73,70,89,68.8,52,15,8.5,1,29.9,29.8,29.7,0
2016,2,4,88,83.6,81,77,74.7,73,84,75.7,62,12,6.7,3,29.8,29.8,29.7,0
2016,2,5,88,83.2,79,79,76.9,75,94,81.7,66,14,4.7,0,29.8,29.7,29.7,0
2016,2,6,90,84.6,81,79,76,73,94,76.7,59,20,12.7,3,29.8,29.8,29.7,0
2016,2,7,84,80.4,77,77,75.1,73,100,84.7,70,23,15.7,10,29.9,29.8,29.7,0
2016,2,8,86,81.8,79,73,72.4,72,83,73.2,66,21,13.6,7,29.9,29.8,29.8,0
2016,2,9,84,81.4,79,73,72.4,72,79,74.3,66,9,5.6,2,29.9,29.8,29.8,0
2016,2,10,82,80.6,79,75,73.7,72,89,80.4,70,14,7.9,2,29.9,29.8,29.8,0
2016,2,11,86,82.5,79,77,75.1,73,94,79.4,66,12,8.7,2,29.9,29.8,29.7,0
2016,2,12,91,81.2,72,77,74.6,70,100,81.8,59,16,8.1,0,29.9,29.8,29.7,0
2016,2,13,90,84.3,79,79,75.8,73,100,77,59,15,9.7,2,29.9,29.8,29.7,0
2016,2,14,91,85.3,79,79,75.4,73,94,73.7,59,15,7.6,2,29.9,29.8,29.8,0
2016,2,15,90,85.3,81,77,75.6,73,89,74.2,59,16,10.1,0,29.9,29.8,29.8,0
2016,2,16,90,84.7,81,77,73,66,89,69.6,49,23,16.1,9,29.9,29.9,29.8,0
2016,2,17,90,84,79,72,70,63,78,63.2,40,20,13.4,7,29.9,29.9,29.8,0
2016,2,18,90,83.4,79,75,73.3,72,84,72.4,58,16,9.7,1,29.9,29.8,29.8,0
2016,2,19,82,76.8,75,75,75,75,100,94.9,79,10,4,0,29.9,29.9,29.8,0
2016,2,20,86,81,77,77,74.7,73,94,82,70,15,7.8,0,29.9,29.9,29.8,0
2016,2,21,90,82.7,77,75,72.6,72,83,72.3,55,18,10.2,0,29.9,29.9,29.8,0
2016,2,22,90,83.8,79,73,71.7,68,83,68,49,15,10.8,3,30,29.9,29.8,0
2016,2,23,90,83.6,79,75,73.5,73,89,72.9,59,18,11.1,5,29.9,29.9,29.8,0
2016,2,24,84,79.1,75,77,74.6,73,100,87.3,74,15,7.4,3,29.9,29.9,29.8,0
2016,2,25,88,83.7,79,73,71.3,68,83,67.2,52,24,15.4,5,29.9,29.9,29.8,0
2016,2,26,90,83.9,79,73,71.4,68,83,67,49,20,13.6,7,29.9,29.9,29.8,0
2016,2,27,91,84.7,79,75,72.6,70,89,68.2,52,18,11.7,1,29.9,29.9,29.8,0
2016,2,28,90,84.5,79,75,73.5,72,89,70.6,55,21,14.3,6,29.9,29.9,29.8,0
2016,2,29,90,84.8,81,75,73.1,70,84,69.4,52,22,15.6,8,29.9,29.9,29.8,0
2016,3,1,90,84.3,79,73,72.2,70,83,68.1,52,20,12.4,5,29.9,29.8,29.8,0
2016,3,2,90,84.3,79,75,72.5,70,83,68.7,52,21,13.7,8,29.9,29.9,29.8,0
2016,3,3,90,84.7,79,75,72.6,70,84,68.3,52,22,14.2,9,29.9,29.9,29.8,0
2016,3,4,90,84,81,75,73.7,70,84,72.4,58,20,12.1,3,29.9,29.8,29.8,0
2016,3,5,91,85,79,75,73.8,72,89,70.4,52,16,11.4,6,29.9,29.8,29.7,0
2016,3,6,91,85.5,81,77,74.3,70,89,70.5,49,16,11.8,7,29.9,29.8,29.7,0
2016,3,7,90,84.8,81,77,75.2,72,89,74,58,15,10.8,5,29.9,29.8,29.7,0
2016,3,8,88,82.7,79,79,76,75,89,80.5,66,13,5.3,0,29.8,29.8,29.7,0
2016,3,9,93,86.1,81,79,75.2,72,94,71.6,52,13,9.2,5,29.9,29.8,29.7,0
2016,3,10,93,84.8,81,77,76,72,89,75.9,49,10,5.3,0,29.9,29.8,29.7,0
2016,3,11,91,85.9,81,77,74.8,72,89,70.8,52,16,9.3,3,29.9,29.8,29.7,0
2016,3,12,91,85.7,81,75,73,70,84,66.9,52,15,10.4,3,29.9,29.8,29.8,0
2016,3,13,93,83.9,77,79,74.7,70,94,75.3,52,16,7.2,0,29.9,29.8,29.8,0
2016,3,14,91,85.8,81,79,75.8,73,89,73.2,55,12,7.2,3,29.9,29.8,29.7,0
2016,3,15,93,85.7,79,77,73,68,94,67,46,16,9.8,6,29.9,29.8,29.7,0
2016,3,16,93,85.2,79,73,71.1,66,83,64,41,10,6.4,1,29.9,29.8,29.8,0
2016,3,17,95,85.9,79,75,72.5,68,84,66.2,41,16,8.9,2,29.9,29.8,29.7,0
2016,3,18,93,85.4,79,75,72.5,70,84,66,46,13,7.8,1,29.9,29.8,29.7,0
2016,3,19,91,85.3,79,73,72.7,72,83,67,52,14,10,5,29.8,29.8,29.7,0
2016,3,20,90,85.7,81,77,75.3,73,84,72,62,10,7.1,2,29.9,29.8,29.7,0
2016,3,21,93,84.8,81,79,75.8,72,89,75.5,49,12,5.9,1,29.8,29.8,29.7,0
2016,3,22,91,84.8,81,77,75.8,72,89,75.4,58,9,4.3,0,29.8,29.8,29.7,0
2016,3,23,93,86.3,81,79,75,70,89,70.8,46,13,5.8,0,29.9,29.8,29.7,0
2016,3,24,91,86.2,81,77,74.4,72,89,69,55,14,8.8,3,29.9,29.8,29.8,0
2016,3,25,93,84.5,77,75,72.8,68,84,69.4,46,16,6.5,0,29.9,29.9,29.8,0
2016,3,26,91,85.8,81,75,71.6,66,79,63.8,43,17,11.1,1,29.9,29.9,29.8,0
2016,3,27,91,86.2,81,75,72.8,70,84,65,49,22,13.6,6,29.9,29.9,29.8,0
2016,3,28,93,86.7,81,75,71.5,64,84,62.1,38,18,13.3,7,29.9,29.9,29.8,0
2016,3,29,91,85.7,81,75,71.8,68,84,64.5,46,20,12.5,6,29.9,29.9,29.8,0
2016,3,30,91,86,81,75,71.3,66,84,62.7,43,17,11.8,6,29.9,29.9,29.8,0
2016,3,31,91,85.9,81,73,72,68,79,64.4,46,15,11.3,6,29.9,29.8,29.8,0
2016,4,1,93,86.6,81,75,71.8,68,84,63.2,44,17,10.5,5,29.9,29.8,29.7,0
2016,4,2,95,87.4,79,75,72.6,68,84,63.2,44,16,9.9,5,29.9,29.8,29.7,0
2016,4,3,93,84.7,79,77,75.2,72,94,74.4,49,14,7.2,1,29.9,29.8,29.8,0
2016,4,4,93,86.5,81,79,75.4,73,94,70.9,52,15,8.1,0,29.9,29.8,29.7,0
2016,4,5,91,85.5,82,77,75.4,73,84,72.4,55,15,6.8,1,29.9,29.8,29.7,0
2016,4,6,95,87,81,77,72.5,68,84,63.3,41,14,7.8,0,29.9,29.8,29.7,0
2016,4,7,95,86.6,79,75,71.3,66,84,62.2,39,12,6.5,2,29.9,29.8,29.7,0
2016,4,8,95,87,81,75,72.8,68,84,64.6,41,13,7.4,2,29.9,29.8,29.7,0
2016,4,9,91,84,79,79,75.6,73,100,77.4,55,15,5.4,0,29.9,29.8,29.7,0
2016,4,10,95,87,79,79,75.7,72,94,70.7,47,14,7.4,2,29.9,29.8,29.7,0
2016,4,11,95,87.5,82,79,76.3,73,84,70.1,52,10,5,0,29.8,29.8,29.7,0
2016,4,12,95,87.5,82,81,75.6,70,94,69.1,44,9,4.5,0,29.8,29.8,29.7,0
2016,4,13,97,88.2,82,79,74.4,72,84,65.2,47,12,5.9,0,29.8,29.7,29.6,0
2016,4,14,93,87.4,82,79,75.5,72,89,68.4,52,16,5.5,0,29.8,29.8,29.7,0
2016,4,15,90,84.6,79,77,75.4,72,89,75.4,55,9,4.1,0,29.9,29.8,29.7,0
2016,4,16,95,86.6,82,79,75.1,72,89,69.7,47,12,5,0,29.8,29.7,29.7,0
2016,4,17,95,87.4,81,79,74.7,72,89,67.6,49,12,6.9,3,29.8,29.8,29.7,0
2016,4,18,97,88.6,81,79,74.1,64,89,64.3,38,12,5.5,0,29.8,29.8,29.7,0
2016,4,19,95,88.1,82,77,74.3,70,84,65,44,14,9.8,5,29.9,29.8,29.7,0
2016,4,20,91,86.3,82,77,75.2,72,84,69.9,52,13,5.4,1,29.9,29.8,29.7,0
2016,4,21,95,87.9,82,77,73.5,70,84,63.3,44,14,9.2,5,29.8,29.8,29.7,0
2016,4,22,91,85.3,81,79,77.3,73,94,77,55,18,6.1,1,29.8,29.8,29.7,0
2016,4,23,91,85.3,82,79,77.3,73,89,77.3,55,10,5,0,29.8,29.8,29.7,0
2016,4,24,91,85.4,81,81,76.8,73,89,76.3,55,9,4.9,0,29.8,29.7,29.6,0
2016,4,25,91,83.7,77,79,75.5,72,94,77.5,62,15,5.3,0,29.8,29.8,29.7,0
2016,4,26,93,85.7,81,79,76.9,75,89,75.9,56,7,3.6,0,29.8,29.8,29.7,0
2016,4,27,93,84.9,81,79,76.2,73,94,76.3,52,14,4.2,0,29.8,29.7,29.7,0
2016,4,28,93,85,81,79,76.5,73,94,76.4,56,13,4,0,29.8,29.7,29.7,0
2016,4,29,95,84.3,79,79,76.5,72,94,78.6,53,8,3.3,0,29.8,29.8,29.7,0
2016,4,30,95,84.2,79,77,75.5,72,89,77.3,47,16,5,0,29.8,29.8,29.7,0
2016,5,1,93,83.3,0,77,71.4,0,89,64,0,10,5.8,0,29.8,28.2,0,0
2016,5,2,93,85,82,79,76.3,73,84,75.3,56,13,3.5,0,29.8,29.8,29.7,0
2016,5,3,95,87.9,81,79,76,72,94,69.3,47,12,6.1,0,29.8,29.8,29.7,0
2016,5,4,95,88.7,82,79,76,72,89,67,47,12,7.5,1,29.8,29.7,29.6,0
2016,5,5,93,86.2,82,79,76.3,73,89,72.9,52,16,4.9,0,29.8,29.7,29.7,0
2016,5,6,95,86.7,82,79,76.2,72,89,71.5,47,12,4,0,29.8,29.7,29.7,0
2016,5,7,95,86.9,81,79,76.6,75,94,72.5,53,10,4.1,0,29.8,29.7,29.7,0
2016,5,8,95,87.1,81,79,75.5,72,89,69.5,47,9,5.1,0,29.8,29.8,29.7,0
2016,5,9,95,86.7,81,77,75.7,73,84,70.6,49,15,5.6,0,29.8,29.8,29.7,0
2016,5,10,95,88.3,82,79,76,73,89,68.1,52,12,6.8,0,29.8,29.7,29.6,0
2016,5,11,95,85,79,79,77,72,94,78.5,47,14,4.7,0,29.8,29.7,29.6,0
2016,5,12,93,86.1,81,79,77.4,75,94,76,56,14,5.5,0,29.8,29.7,29.6,0
2016,5,13,88,83.5,77,79,76.4,75,94,79.9,66,22,4.9,0,29.8,29.7,29.7,0
2016,5,14,90,82.5,79,79,76.6,75,94,83.7,62,13,4.3,0,29.8,29.8,29.7,0
2016,5,15,93,84,79,81,77.4,73,94,81.8,52,10,3.9,0,29.8,29.7,29.7,0
2016,5,16,93,83.7,77,79,76.4,73,94,80.6,52,18,4.5,0,29.8,29.7,29.6,0
2016,5,17,91,85.3,81,79,78,75,94,78.9,63,12,3.4,0,29.8,29.7,29.7,0
2016,5,18,91,83.3,79,81,77.2,73,89,82.5,63,8,4,0,29.8,29.8,29.7,0
2016,5,19,93,85,79,79,77.4,75,94,78.4,59,14,5.2,0,29.8,29.7,29.7,0
2016,5,20,95,88.6,82,81,76.7,73,89,69,49,7,4,0,29.8,29.7,29.6,0
2016,5,21,90,85.4,79,79,76.2,73,89,74.5,66,9,5.8,3,29.9,29.8,29.7,0
2016,5,22,93,84.8,77,79,76.3,73,94,77.2,59,18,5.2,1,29.9,29.8,29.7,0
2016,5,23,95,86.4,79,77,75.2,73,89,71.3,49,13,5.5,0,29.8,29.8,29.7,0
2016,5,24,91,86,79,79,76.7,75,100,74.7,59,13,5.9,0,29.9,29.8,29.7,0
2016,5,25,91,87.3,82,79,78,75,89,74.2,59,12,5.5,0,29.8,29.7,29.7,0
2016,5,26,91,86.4,81,77,74.3,72,84,68,55,14,7,3,29.9,29.8,29.7,0
2016,5,27,93,88.4,82,79,76.6,73,89,68.7,52,14,7.5,0,29.9,29.8,29.7,0
2016,5,28,90,82.9,75,77,75.4,73,94,79.5,62,10,4.7,0,29.9,29.8,29.7,0
2016,5,29,95,88.2,81,79,76.2,72,94,68.9,49,7,3.4,0,29.8,29.8,29.7,0
2016,5,30,91,84.6,81,77,74.9,73,84,73.6,59,12,5.1,0,29.8,29.8,29.7,0
2016,5,31,93,86.3,81,77,73.3,70,79,66.2,52,8,5.1,1,29.9,29.8,29.7,0
2016,6,1,86,82.1,77,79,76.5,73,94,83.7,74,13,4.8,0,29.9,29.8,29.7,0
2016,6,2,91,82.6,75,77,76.3,73,94,82.4,62,13,3,0,29.8,29.8,29.7,0
2016,6,3,91,83,79,79,75.8,73,94,80.3,59,8,2.8,0,29.9,29.8,29.7,0
2016,6,4,82,81,79,77,74.7,73,89,82.7,74,7,2.5,0,29.9,29.8,29.8,0
2016,6,5,91,85,79,79,77,75,94,78,59,8,3.6,0,29.9,29.8,29.7,0
2016,6,6,93,86.8,82,79,76,73,89,70.8,52,10,4.4,0,29.9,29.8,29.8,0
2016,6,7,91,86.7,82,79,75.8,72,89,70.7,52,12,5.4,0,29.9,29.8,29.7,0
2016,6,8,88,81,73,79,75.2,72,94,83.2,70,15,4.8,0,29.9,29.8,29.8,0
2016,6,9,91,84.3,79,79,76.8,73,94,78.9,55,9,4.4,0,29.9,29.8,29.8,0
2016,6,10,90,85.6,81,79,76.4,73,89,74.6,59,12,4.7,0,29.9,29.8,29.8,0
2016,6,11,91,83.2,81,79,76.7,75,89,81.6,59,10,4.9,0,29.9,29.8,29.8,0
2016,6,12,93,85.3,79,77,75.2,73,89,72.8,52,10,4,0,29.9,29.8,29.7,0
2016,6,13,91,85.7,79,77,75.3,73,89,72.3,55,8,4,0,29.9,29.8,29.7,0
2016,6,14,91,84.5,79,79,77,75,94,79.2,63,10,4.3,0,29.8,29.8,29.7,0
2016,6,15,90,82.4,77,79,76.5,75,94,83.1,62,12,4.9,0,29.8,29.8,29.7,0
2016,6,16,88,83.8,79,77,76.2,75,94,78.5,70,10,4.3,0,29.8,29.7,29.7,0
2016,6,17,86,79.9,77,79,75.6,73,94,87.7,70,12,5.8,0,29.8,29.8,29.7,0
2016,6,18,86,81.9,77,77,74.6,73,89,79.4,70,6,2.9,0,29.8,29.8,29.7,0
2016,6,19,86,83.1,79,75,73.6,72,89,73.9,62,7,2.6,0,29.9,29.8,29.7,0
2016,6,20,91,85.9,79,75,73.4,70,89,67.7,52,9,4.7,0,29.8,29.7,29.7,0
2016,6,21,91,84.8,81,77,74.8,73,89,73,55,7,2.9,0,29.8,29.7,29.7,0
2016,6,22,88,81,77,79,74.4,72,94,82,62,10,4.5,0,29.8,29.8,29.7,0
2016,6,23,91,86.3,79,79,75.6,73,94,71.8,55,12,5.8,0,29.8,29.7,29.7,0
2016,6,24,86,79.9,73,77,73.6,72,100,82.3,62,8,3.7,0,29.8,29.8,29.7,0
2016,6,25,95,86.7,81,77,74.9,72,89,69.3,47,12,7,0,29.8,29.8,29.7,0
2016,6,26,90,84.8,81,79,76.5,75,94,77,62,12,5.1,0,29.8,29.8,29.7,0
2016,6,27,90,85.7,82,77,73.6,72,79,67.5,55,10,5,0,29.8,29.8,29.7,0
2016,6,28,95,89.1,81,77,71.7,66,89,59,39,9,5.5,0,29.8,29.8,29.7,0
2016,6,29,95,89.4,82,79,73.4,66,89,60.8,39,9,4.7,0,29.8,29.8,29.7,0
2016,6,30,93,88.1,82,79,76.7,72,84,69.4,49,9,5.9,1,29.8,29.8,29.7,0
2016,7,1,91,86.9,81,79,76.6,73,94,72.5,55,9,6.3,2,29.8,29.8,29.7,0
2016,7,2,93,87.9,82,79,75.8,73,84,68.1,52,9,6.6,3,29.9,29.8,29.7,0
2016,7,3,95,88.2,84,77,75.4,72,79,66.7,47,9,6.6,2,29.9,29.8,29.7,0
2016,7,4,95,88.5,82,77,74.6,72,84,64.3,47,9,6.2,1,29.8,29.8,29.7,0
2016,7,5,95,88.7,82,77,73.9,68,84,62.7,44,12,7.5,1,29.8,29.7,29.7,0
2016,7,6,93,85.9,81,79,74.5,72,84,69.9,49,10,4.7,0,29.8,29.8,29.7,0
2016,7,7,93,87.3,81,77,74.7,73,89,67.4,52,15,7.8,0,29.8,29.7,29.7,0
2016,7,8,90,84.1,77,77,74,70,89,72.8,52,9,5.3,0,29.9,29.8,29.7,0
2016,7,9,95,87.9,81,77,73.3,68,89,63.7,44,13,7.7,0,29.8,29.8,29.7,0
2016,7,10,95,86.7,81,77,74.8,70,89,69.2,44,13,5.9,0,29.8,29.7,29.7,0
2016,7,11,90,83.7,77,79,76.2,75,94,78.8,62,12,5.6,0,29.8,29.8,29.7,0
2016,7,12,93,87.9,81,79,75.3,73,89,67.6,52,10,5.5,0,29.8,29.7,29.7,0
2016,7,13,88,82,77,79,75.6,73,94,81.4,70,12,4.1,0,29.8,29.7,29.7,0
2016,7,14,86,81.5,77,79,76.6,73,89,85.6,74,7,3.4,0,29.8,29.7,29.7,0
2016,7,15,90,81,75,79,75.7,75,100,85.4,62,14,4.5,0,29.8,29.8,29.7,0
2016,7,16,93,85.2,77,77,74.3,72,94,71.6,52,10,3.4,0,29.8,29.8,29.7,0
2016,7,17,93,83.3,79,77,74.6,72,89,76.7,55,12,3.4,0,29.9,29.8,29.7,0
2016,7,18,93,82.5,79,79,76.1,75,94,82.5,56,12,4.2,0,29.8,29.8,29.7,0
2016,7,19,91,84.5,75,77,74.3,73,94,72.8,59,9,5.6,0,29.8,29.7,29.7,0
2016,7,20,88,80.6,73,77,75,72,100,84,70,13,4.6,0,29.8,29.8,29.7,0
2016,7,21,88,82.5,77,77,74.8,73,94,79,62,12,4.4,0,29.8,29.8,29.7,0
2016,7,22,82,79.9,77,77,74.3,73,94,84.9,74,9,3.2,0,29.8,29.8,29.7,0
2016,7,23,90,81.8,77,77,75.1,72,94,82,58,13,4.7,0,29.8,29.8,29.7,0
2016,7,24,86,82.1,79,77,75.7,73,94,81.9,70,9,3.5,0,29.8,29.8,29.7,0
2016,7,25,86,82.3,77,77,73.8,72,89,76.2,66,9,3.4,0,29.8,29.8,29.7,0
2016,7,26,86,79.9,72,77,74.5,72,100,85.1,70,14,4.2,0,29.9,29.8,29.7,0
2016,7,27,91,85.4,77,77,74,72,94,70.4,55,9,4.9,0,29.8,29.8,29.7,0
2016,7,28,88,82.2,77,77,75,72,94,80.3,62,13,3.9,0,29.9,29.8,29.7,0
2016,7,29,93,86.4,79,77,73.3,68,89,66.4,44,12,6.1,0,29.8,29.8,29.7,0
2016,7,30,90,85.5,81,77,75,72,89,72.2,55,9,4.6,0,29.8,29.8,29.7,0
2016,7,31,91,82.3,77,77,74.8,72,94,79.9,52,14,5.7,0,29.8,29.7,29.7,0
2016,8,1,90,83.9,79,77,73.6,72,89,72.6,55,9,5.2,0,29.8,29.7,29.7,0
2016,8,2,93,87.2,81,75,72.2,68,84,62.3,44,12,7.2,1,29.8,29.7,29.6,0
2016,8,3,90,81.9,73,77,71.9,68,88,72,55,17,7.9,0,29.8,29.7,29.7,0
2016,8,4,91,86.4,82,75,72.6,70,79,64,49,12,7.8,0,29.8,29.8,29.7,0
2016,8,5,93,87.2,81,77,73.8,72,84,65,49,10,6.5,0,29.8,29.8,29.7,0
2016,8,6,91,83.5,77,77,74.3,72,94,75.4,52,12,5.3,1,29.8,29.8,29.7,0
2016,8,7,93,87,82,79,75.4,72,84,69,52,12,5.3,0,29.8,29.8,29.7,0
2016,8,8,93,87.2,82,77,73.5,68,84,64.4,49,8,4,1,29.8,29.8,29.7,0
2016,8,9,93,87.4,81,79,74.1,70,94,66.2,46,9,5.3,1,29.9,29.8,29.7,0
2016,8,10,95,89,82,77,73.5,72,84,61,47,12,6.8,1,29.9,29.8,29.7,0
2016,8,11,90,84.7,79,79,75.1,72,94,73.7,55,14,5.9,1,29.9,29.8,29.7,0
2016,8,12,91,86,79,79,74.3,72,94,69,55,18,7.2,1,29.8,29.8,29.7,0
2016,8,13,93,87,81,79,75,72,89,68.7,52,9,4.8,0,29.8,29.8,29.7,0
2016,8,14,93,86.1,81,73,72,70,74,63,46,13,7.2,2,29.8,29.7,29.7,0
2016,8,15,95,87.7,82,77,73.5,70,79,63.5,44,12,7.3,0,29.8,29.7,29.7,0
2016,8,16,93,87.5,81,77,73.7,72,79,64.2,52,14,7.6,1,29.8,29.7,29.7,0
2016,8,17,93,84.2,79,79,75.3,72,89,75.6,49,14,6.5,0,29.8,29.7,29.7,0
2016,8,18,93,88.1,82,79,74.8,72,84,65.4,49,16,9.2,0,29.8,29.7,29.6,0
2016,8,19,91,81.9,73,77,73.5,70,94,77,55,13,7,0,29.8,29.7,29.7,0
2016,8,20,93,87.3,79,79,74.5,72,94,67,49,12,7.3,2,29.8,29.7,29.6,0
2016,8,21,90,82.7,75,79,74.7,72,94,77.3,62,15,6.9,3,29.8,29.7,29.7,0
2016,8,22,91,86.1,82,77,74.5,72,84,69.2,55,10,4,0,29.8,29.7,29.7,0
2016,8,23,91,86.7,81,77,75,72,89,69.2,55,14,4.4,0,29.7,29.7,29.6,0
2016,8,24,90,83.7,77,75,74.3,73,94,75,59,12,6.8,0,29.8,29.7,29.6,0
2016,8,25,93,87.5,81,77,72,70,79,61,46,10,7.5,1,29.8,29.7,29.7,0
2016,8,26,93,87.3,82,73,71.3,66,74,59.6,41,12,6.3,3,29.8,29.8,29.7,0
2016,8,27,93,87.5,82,75,72,66,79,61.2,43,9,4.8,0,29.9,29.8,29.7,0
2016,8,28,91,85.1,81,77,74.8,68,89,72.6,46,9,4,0,29.9,29.8,29.7,0
2016,8,29,91,87.1,81,77,75.2,72,89,69,55,12,7.3,0,29.8,29.7,29.6,0
2016,8,30,88,82.5,79,77,74.9,73,89,78.7,62,12,5.4,0,29.9,29.8,29.7,0
2016,8,31,93,85.4,79,77,75.4,72,94,73.1,49,16,5.7,0,29.9,29.8,29.7,0
2016,9,1,90,81.3,77,77,74.2,72,94,80.8,59,16,4.4,0,29.9,29.8,29.8,0
2016,9,2,93,86.2,77,75,72.8,70,94,66,46,9,5,1,29.9,29.8,29.7,0
2016,9,3,95,87.5,81,75,72.6,68,84,63,41,10,4.4,0,29.8,29.8,29.7,0
2016,9,4,93,85,81,77,74.4,72,89,72,52,24,5.4,1,29.9,29.8,29.7,0
2016,9,5,93,85.3,79,77,73.8,73,89,70,56,9,5,1,29.9,29.8,29.7,0
2016,9,6,95,87.2,79,75,72.7,68,84,63.3,46,10,7.3,1,29.9,29.8,29.7,0
2016,9,7,86,81.8,75,77,73.6,72,94,76.9,62,16,8.1,0,29.9,29.8,29.8,0
2016,9,8,91,86.7,82,75,74.2,70,79,67,49,14,7.5,1,29.9,29.8,29.8,0
2016,9,9,91,81.8,77,79,74.6,73,94,80.4,55,14,5.7,0,29.9,29.8,29.8,0
2016,9,10,90,82.6,75,77,73.3,70,89,74.9,59,20,5.8,1,29.9,29.8,29.7,0
2016,9,11,91,85.3,77,77,73.8,68,89,69.7,55,15,7.8,1,29.8,29.8,29.7,0
2016,9,12,82,79.8,77,77,74.8,73,94,86.2,79,10,3.3,0,29.8,29.8,29.7,0
2016,9,13,91,85.9,77,77,74.2,72,94,69.4,52,10,6.2,0,29.8,29.8,29.7,0
2016,9,14,86,80.3,75,77,74.2,72,94,82.8,70,13,5.7,0,29.9,29.8,29.7,0
2016,9,15,93,87.2,79,77,74,72,94,66.6,49,9,5.3,0,29.8,29.8,29.7,0
2016,9,16,93,83.7,73,73,71.8,68,94,68.8,49,12,6.9,2,29.8,29.8,29.7,0
2016,9,17,91,85.6,79,77,73.1,70,89,67.3,52,7,4.4,1,29.8,29.8,29.7,0
2016,9,18,93,84.1,73,75,73.2,72,94,71.5,49,14,5.4,2,29.8,29.7,29.7,0
2016,9,19,90,84.3,79,77,75.4,73,94,76,59,8,5.3,2,29.8,29.7,29.7,0
2016,9,20,90,83.9,77,75,73,70,89,70.9,52,10,6.8,3,29.8,29.7,29.6,0
2016,9,21,93,82.3,77,77,73,70,89,75,49,13,6.3,0,29.8,29.8,29.7,0
2016,9,22,91,85.3,79,75,73.7,72,89,69.5,52,9,4.1,0,29.8,29.8,29.7,0
2016,9,23,95,86.8,81,73,71.8,68,79,62.4,44,14,5.4,0,29.8,29.7,29.6,0
2016,9,24,93,87,79,77,73.2,72,83,64.6,49,7,4.8,0,29.8,29.7,29.6,0
2016,9,25,90,84,77,77,74,72,84,72.4,55,9,5.3,1,29.8,29.7,29.7,0
2016,9,26,95,85.9,79,75,72.8,70,83,66.6,47,15,6.2,0,29.8,29.7,29.7,0
2016,9,27,90,85.3,79,75,73.9,72,83,69.5,62,9,3.8,0,29.8,29.8,29.7,0
2016,9,28,95,87.8,81,77,72.6,68,89,62,41,9,6,1,29.8,29.7,29.6,0
2016,9,29,95,87.4,81,75,68.6,63,84,56.2,34,10,5.4,0,29.8,29.7,29.7,0
2016,9,30,97,83.9,77,77,73.2,68,89,72.5,39,18,6.3,0,29.8,29.7,29.6,0
2016,10,1,90,83.9,79,77,73.1,72,84,70.2,55,17,5.8,2,29.9,29.8,29.7,0
2016,10,2,95,88.7,82,79,73,68,84,60.7,44,9,5.4,0,29.8,29.8,29.7,0
2016,10,3,90,82.6,77,75,73.7,73,94,76,59,14,6.1,2,29.8,29.8,29.7,0
2016,10,4,95,85.9,81,77,73.6,70,89,68.7,46,14,5.7,2,29.8,29.7,29.7,0
2016,10,5,91,85.9,79,75,74.1,72,89,69.2,55,9,4.3,0,29.8,29.7,29.6,0
2016,10,6,90,83.9,79,75,73.2,70,84,71.1,55,9,5,1,29.8,29.8,29.7,0
2016,10,7,81,77.9,75,77,74.4,73,94,90.4,84,9,4.6,1,29.9,29.8,29.7,0
2016,10,8,93,85.3,77,75,71.1,68,89,64,46,8,4.6,1,29.9,29.8,29.7,0
2016,10,9,93,85.4,79,73,72.2,68,83,66.5,44,10,5,0,29.9,29.8,29.7,0
2016,10,10,93,87,81,75,72.5,68,84,63.7,44,10,5.3,1,29.8,29.8,29.7,0
2016,10,11,95,88.8,82,75,72.5,70,79,59,44,9,5.6,1,29.8,29.7,29.6,0
2016,10,12,93,87.4,81,77,73.9,70,79,65.1,49,10,6.1,3,29.8,29.7,29.6,0
2016,10,13,90,85.9,82,77,75.1,72,84,70.7,55,10,5.6,2,29.8,29.7,29.6,0
2016,10,14,91,84,75,75,73.6,72,94,72.5,55,16,7.1,3,29.8,29.7,29.6,0
2016,10,15,93,87.7,79,77,72.3,68,89,61.8,44,12,6,1,29.8,29.7,29.6,0
2016,10,16,90,85,79,77,74.6,72,89,72.3,55,12,5.7,2,29.8,29.7,29.7,0
2016,10,17,91,86.2,81,75,72.3,70,79,64.1,49,9,5.9,2,29.8,29.7,29.7,0
2016,10,18,93,86.4,75,77,74.5,72,94,69.4,49,12,6.2,2,29.8,29.7,29.6,0
2016,10,19,88,81.3,73,77,72.7,72,94,75.5,58,17,5.4,1,29.8,29.7,29.6,0
2016,10,20,95,87.1,79,77,74.2,70,89,66.8,47,9,6,2,29.8,29.7,29.6,0
2016,10,21,93,85.7,81,77,74,73,84,69.2,52,12,5,0,29.8,29.7,29.6,0
2016,10,22,88,83.6,79,77,74.4,72,89,74.3,62,10,4.7,2,29.8,29.8,29.7,0
2016,10,23,90,84.6,81,77,74.5,72,84,72.7,55,6,2.9,1,29.8,29.8,29.7,0
2016,10,24,88,82,79,77,75.1,73,94,81,66,9,4.3,0,29.8,29.8,29.7,0
2016,10,25,90,80.7,73,75,73.8,72,100,81.4,59,21,6.4,0,29.8,29.7,29.6,0
2016,10,26,91,84.2,77,75,73.5,72,94,71.8,52,10,4.5,0,29.9,29.8,29.7,0
2016,10,27,88,79.7,75,77,74,73,94,84.3,66,8,3.4,1,29.9,29.8,29.7,0
2016,10,28,90,81.8,77,77,74.5,70,94,80.8,52,14,4.3,0,29.9,29.8,29.7,0
2016,10,29,88,82,77,77,74.5,73,94,79.5,62,12,3.8,0,29.8,29.8,29.7,0
2016,10,30,88,82.8,77,77,74.1,72,94,76.1,58,10,3.3,0,29.8,29.8,29.7,0
2016,10,31,91,86.1,79,77,73.9,72,89,68.4,55,8,4.2,2,29.8,29.8,29.7,0
2016,11,1,86,81,75,77,75.3,73,94,83.6,70,7,4,0,29.8,29.8,29.7,0
2016,11,2,88,81.4,73,77,73.3,72,94,77.2,58,15,6.5,1,29.8,29.8,29.7,0
2016,11,3,90,81.8,77,77,74.2,72,94,80,59,15,5.9,2,29.8,29.8,29.7,0
2016,11,4,91,84.5,79,75,74.5,73,89,73,59,9,4.5,1,29.8,29.8,29.7,0
2016,11,5,84,81.4,79,77,75.6,73,94,83.2,74,9,5,1,29.9,29.8,29.7,0
2016,11,6,91,85,79,77,74.2,72,94,71.4,52,8,4.6,1,29.9,29.8,29.7,0
2016,11,7,86,81.7,79,77,76.6,75,94,85.3,70,12,3.5,0,29.9,29.8,29.8,0
2016,11,8,95,86.6,77,77,72.7,66,94,66.4,39,7,4,0,29.9,29.8,29.7,0
2016,11,9,90,83.3,77,77,74.2,72,94,75.6,55,9,4.4,1,29.9,29.8,29.7,0
2016,11,10,91,83.1,77,75,73.7,72,89,75.3,52,13,4.7,0,29.9,29.8,29.7,0
2016,11,11,88,80.8,77,75,74.5,73,94,82.9,62,15,3.8,0,29.9,29.8,29.7,0
2016,11,12,90,83.1,79,77,75.2,72,94,79.1,55,13,5.6,0,29.9,29.8,29.7,0
2016,11,13,88,83.6,79,77,75,73,89,76.6,62,9,4.4,0,29.9,29.8,29.7,0
2016,11,14,81,77.6,75,77,74,73,94,89.8,79,10,4.7,1,29.9,29.8,29.7,0
2016,11,15,90,83,75,77,74.1,73,94,76,59,12,6.3,2,29.8,29.7,29.7,0
2016,11,16,88,80.7,75,77,73.4,72,89,80,62,13,5.1,0,29.8,29.8,29.7,0
2016,11,17,91,82.5,79,77,74.8,72,89,79.5,52,13,4.8,0,29.8,29.7,29.7,0
2016,11,18,91,83,79,77,74.9,73,94,78.6,55,10,4.5,0,29.8,29.7,29.6,0
2016,11,19,90,82.5,77,79,76.6,73,94,83,62,13,4.4,0,29.7,29.7,29.6,0
2016,11,20,90,83.6,79,79,77,75,94,80.9,66,12,3.6,0,29.8,29.7,29.6,0
2016,11,21,91,84.9,79,79,76,75,89,75.5,62,8,5.2,1,29.8,29.7,29.6,0
2016,11,22,86,83.2,79,77,75.1,73,89,77.5,70,9,4.4,0,29.8,29.7,29.7,0
2016,11,23,90,84,77,75,73.9,72,94,73.2,55,17,5.5,1,29.8,29.7,29.6,0
2016,11,24,91,83.6,79,77,74.1,72,89,74.3,52,12,5.7,0,29.8,29.7,29.7,0
2016,11,25,91,83.6,77,77,74.9,73,94,77.3,55,13,5.4,0,29.8,29.7,29.6,0
2016,11,26,90,81.6,79,79,76.8,75,94,86.3,62,8,4.1,0,29.8,29.7,29.6,0
2016,11,27,86,82.4,77,77,74.8,73,89,79,70,9,6.3,2,29.8,29.7,29.7,0
2016,11,28,86,83.2,81,75,74,72,84,74.4,62,13,6.4,3,29.8,29.8,29.7,0
2016,11,29,82,80.5,77,75,73,72,84,78.7,74,8,5.1,2,29.9,29.8,29.8,0
2016,11,30,91,84.5,77,73,72.3,70,89,67,52,9,5.8,1,29.8,29.8,29.7,0
2016,12,1,81,78.7,77,77,75.3,73,94,90.5,89,7,4,2,29.9,29.8,29.7,0
2016,12,2,91,83.6,75,75,73.3,72,94,73,52,9,4.7,1,29.8,29.8,29.7,0
2016,12,3,88,83.5,77,77,74.7,73,89,76.2,62,6,3.2,1,29.8,29.8,29.7,0
2016,12,4,95,85.9,79,77,74.2,66,94,70.5,39,12,5.7,0,29.8,29.8,29.7,0
2016,12,5,97,86.5,81,79,75,68,94,70.3,39,9,5.2,1,29.8,29.7,29.6,0
2016,12,6,93,84.8,79,77,75.2,72,94,74.8,49,21,5.9,0,29.8,29.7,29.6,0
2016,12,7,93,84.3,81,77,76.2,72,89,78,52,10,5.5,3,29.8,29.7,29.6,0
2016,12,8,91,85.4,79,77,74.1,72,89,70,55,10,5.2,2,29.8,29.7,29.6,0
2016,12,9,88,81.7,77,77,74.1,72,89,79.1,58,10,4.7,0,29.8,29.7,29.7,0
2016,12,10,88,83,77,75,73.5,72,89,74.5,58,7,4.6,1,29.8,29.7,29.7,0
2016,12,11,86,80.8,77,75,73,72,89,78.3,62,8,5,2,29.8,29.8,29.7,0
2016,12,12,91,85.3,79,73,72.1,70,79,65.3,49,10,6.5,1,29.8,29.8,29.7,0
2016,12,13,93,84.8,79,75,73,70,84,69.5,49,13,5.7,2,29.8,29.8,29.7,0
2016,12,14,93,84.9,79,75,72.5,70,89,67.5,46,12,5,0,29.8,29.8,29.7,0
2016,12,15,91,85.9,79,75,72.9,70,89,66.4,52,9,4.7,0,29.8,29.8,29.7,0
2016,12,16,91,84.8,79,77,74.8,72,89,73.5,52,12,6.2,1,29.8,29.8,29.7,0
2016,12,17,88,81.1,77,75,74.8,73,94,82.7,62,14,6,0,29.8,29.8,29.7,0
2016,12,18,90,81.1,75,75,73,72,94,77.5,59,15,5.5,1,29.9,29.8,29.7,0
2016,12,19,91,84.7,79,75,73.5,72,89,71.2,52,10,6.1,2,29.8,29.8,29.7,0
2016,12,20,91,85,79,73,72.2,70,83,66,49,12,6.9,3,29.8,29.7,29.7,0
2016,12,21,93,83.8,79,79,73.3,70,89,71.9,46,10,5,1,29.8,29.7,29.7,0
2016,12,22,91,80.8,75,77,74.4,73,100,83,55,18,5.1,0,29.8,29.7,29.7,0
2016,12,23,88,81.2,75,77,74.7,72,94,82,62,12,4.7,0,29.8,29.7,29.7,0
2016,12,24,90,80.9,77,77,74.7,73,94,83.5,59,20,6.2,2,29.8,29.7,29.6,0
2016,12,25,91,81.9,77,75,74.6,72,94,80.5,52,15,6.1,2,29.8,29.8,29.7,0
2016,12,26,88,81.4,77,75,73.3,72,89,77.2,62,10,5.6,2,29.8,29.7,29.7,0
2016,12,27,86,80.4,77,75,73,72,89,79.5,62,18,7.7,2,29.8,29.8,29.7,0
2016,12,28,82,78.9,75,73,72.5,72,94,81.1,74,16,9.7,5,29.9,29.8,29.7,0
2016,12,29,88,83,79,73,72.4,72,83,70.5,58,13,7.7,1,29.9,29.8,29.7,0
2016,12,30,90,82.2,79,75,72.6,70,84,73.7,55,17,7.3,3,29.8,29.8,29.7,0
2016,12,31,86,81.6,77,75,73.6,73,89,78,66,12,4.9,0,29.8,29.8,29.7,0
2017,1,1,86,78.5,0,77,71.7,0,89,75.9,0,17,8.9,2,29.8,29.7,29.7,0
2017,1,2,88,80.2,77,77,75.3,73,94,86.4,62,10,3.5,0,29.8,29.7,29.7,0
2017,1,3,86,80.6,77,77,75,73,94,84.1,66,13,5.2,1,29.8,29.7,29.7,0
2017,1,4,88,82.2,77,77,73,70,89,74.8,58,8,5.5,1,29.8,29.7,29.7,0
2017,1,5,90,84,77,77,71.3,64,89,67.2,43,7,4,1,29.8,29.7,29.6,0
2017,1,6,93,85.6,79,77,74.2,70,94,70.4,46,9,4.9,2,29.7,29.7,29.6,0
2017,1,7,95,87.2,79,77,72,63,94,64.5,36,8,5,0,29.7,29.7,29.6,0
2017,1,8,95,87.7,81,77,72.2,61,89,63.6,34,10,5.6,0,29.8,29.7,29.6,0
2017,1,9,93,85.3,81,77,75.3,70,89,73.3,46,12,7.6,3,29.7,29.7,29.6,0
2017,1,10,91,83.8,79,79,75.3,73,94,77.6,55,14,8.1,5,29.8,29.7,29.6,0
2017,1,11,90,80.6,73,75,73.3,68,94,79.9,59,13,7.4,2,29.8,29.7,29.7,0
2017,1,12,91,84.3,77,77,72.4,66,94,69.5,49,9,4,0,29.8,29.7,29.6,0
2017,1,13,93,83.8,79,77,73.8,70,89,74,46,12,6.3,1,29.8,29.7,29.6,0
2017,1,14,90,84.7,79,77,73.8,72,89,71.4,55,7,4.4,1,29.8,29.7,29.7,0
2017,1,15,95,85.2,79,75,73.3,70,89,69.4,47,8,5,1,29.8,29.8,29.7,0
2017,1,16,91,83.6,79,75,72.6,72,84,70.1,52,12,4.6,0,29.8,29.8,29.7,0
2017,1,17,91,83.9,79,77,73,68,89,71.3,46,12,4.8,0,29.8,29.8,29.7,0
2017,1,18,91,80.5,75,75,73,72,94,79.7,52,16,6.4,1,29.9,29.8,29.7,0
2017,1,19,91,81.7,77,75,74.2,70,94,79.7,49,14,5,0,29.9,29.8,29.7,0
2017,1,20,88,81.4,77,75,73.9,73,94,79.6,62,12,5.5,0,29.9,29.8,29.7,0
2017,1,21,88,80.4,77,75,73.9,72,94,82.4,62,15,7.3,1,29.9,29.8,29.8,0
2017,1,22,86,80.7,77,75,74.1,72,94,81.1,70,18,10.7,2,29.9,29.8,29.8,0
2017,1,23,82,77.8,75,77,74.1,73,94,89.3,74,12,5.7,1,29.9,29.8,29.8,0
2017,1,24,77,75.7,75,73,72.8,72,94,91.3,83,6,3,0,29.9,29.8,29.8,0
2017,1,25,84,80.3,75,75,72.3,70,84,76.7,66,15,6.6,0,29.9,29.8,29.8,0
2017,1,26,88,81.9,75,75,73.4,70,94,77.2,55,17,8.5,0,29.9,29.8,29.8,0
2017,1,27,90,83,79,75,73.5,72,89,74.7,59,21,12.1,3,29.9,29.8,29.7,0
2017,1,28,86,80.1,77,75,72.9,70,94,79.3,66,14,6.8,2,29.9,29.8,29.8,0
2017,1,29,84,80.7,77,75,72.7,72,89,77.2,66,12,6.2,2,29.9,29.8,29.8,0
2017,1,30,84,79.5,77,77,73.4,72,89,82.9,70,15,5.9,1,29.9,29.8,29.7,0
2017,1,31,86,81.6,77,73,72.4,70,89,74.6,58,14,10.3,7,29.8,29.8,29.7,0
2017,2,1,88,82.5,77,73,72.1,70,89,71.4,55,13,7.7,1,29.9,29.8,29.8,0
2017,2,2,88,82.5,79,75,72.5,70,89,72.9,55,8,4.2,1,29.9,29.8,29.8,0
2017,2,3,91,83.3,79,77,74,72,94,75.6,52,12,6.4,3,29.9,29.8,29.7,0
2017,2,4,91,81.3,77,77,74.5,73,94,81.8,55,15,5.5,0,29.8,29.8,29.7,0
2017,2,5,93,82.6,77,77,74.3,72,94,77.8,49,15,5.9,1,29.8,29.7,29.7,0
2017,2,6,91,83.7,77,75,73.6,70,89,73.4,49,17,6.2,2,29.8,29.8,29.7,0
2017,2,7,90,79.4,75,77,74,73,94,85,62,12,5.9,1,29.9,29.8,29.7,0
2017,2,8,90,81.4,77,75,73.4,72,89,78.2,58,9,5.3,1,29.9,29.8,29.7,0
2017,2,9,88,83.2,79,73,71,68,83,67,55,13,7.3,1,29.8,29.8,29.7,0
2017,2,10,90,83,77,73,71.6,70,89,69.2,52,18,11.4,6,29.8,29.8,29.7,0
2017,2,11,88,82.3,79,73,71.4,70,83,69.9,55,23,14.8,8,29.9,29.8,29.8,0
2017,2,12,86,80.6,77,75,72.5,72,89,76.7,62,21,13.9,9,29.9,29.9,29.8,0
2017,2,13,84,81.2,77,73,72.8,72,89,76.7,66,22,14.1,5,29.9,29.9,29.8,0
2017,2,14,86,80.9,75,73,72.5,72,94,76.2,66,23,16.8,9,29.9,29.9,29.9,0
2017,2,15,84,78.7,73,75,72.4,70,94,81.1,66,20,10.7,3,29.9,29.9,29.8,0
2017,2,16,86,81.3,77,72,71.6,70,83,71.9,58,20,13.6,6,29.9,29.9,29.8,0
2017,2,17,88,82.3,77,73,72,70,89,71.1,55,17,12.1,7,29.9,29.8,29.8,0
2017,2,18,88,82,77,75,73.3,72,89,76.6,62,17,12.4,8,29.9,29.8,29.8,0
2017,2,19,88,83.4,79,75,73.4,72,89,73.4,58,17,12.6,6,29.9,29.8,29.7,0
2017,2,20,90,83.4,77,75,73.6,72,94,73.9,55,15,11.1,6,29.8,29.8,29.7,0
2017,2,21,90,82.3,77,75,73.7,72,89,76.6,58,15,6.6,1,29.9,29.8,29.7,0
2017,2,22,90,83.4,77,75,73.8,72,94,74.5,59,15,7.4,2,29.9,29.8,29.7,0
2017,2,23,91,81.4,75,75,73.3,70,94,78.1,49,15,6.2,2,29.9,29.8,29.8,0
2017,2,24,82,77.2,75,75,73.6,72,94,89.5,79,12,4.6,0,29.9,29.8,29.8,0
2017,2,25,90,82.1,75,77,74.1,72,94,78.3,55,18,7.5,0,29.9,29.8,29.7,0
2017,2,26,88,83.2,79,75,73.5,72,89,73.8,58,15,9.2,3,29.8,29.7,29.6,0
2017,2,27,88,82.9,77,75,73.5,72,94,74.5,58,18,11.5,0,29.8,29.8,29.7,0
2017,2,28,88,81.2,77,75,74.4,73,89,81.3,62,21,10.9,3,29.8,29.8,29.7,0
2017,3,1,82,78.1,75,75,73.1,72,94,86,74,13,7.2,1,29.9,29.8,29.7,0
2017,3,2,88,81.5,77,75,73.9,72,94,78.8,58,21,12.3,5,29.8,29.8,29.7,0
2017,3,3,84,79.9,75,77,74.2,72,94,84,70,15,7.9,2,29.8,29.7,29.7,0
2017,3,4,82,78.7,75,77,74.8,73,94,88.8,79,9,4.5,1,29.8,29.7,29.7,0
2017,3,5,88,82.4,77,75,73.4,73,94,75.8,62,14,9.4,2,29.8,29.7,29.7,0
2017,3,6,90,82.5,77,77,73.6,72,89,75.7,55,12,6.9,3,29.8,29.7,29.7,0
2017,3,7,90,82.7,77,77,73.4,72,89,75,55,12,5.6,2,29.9,29.8,29.7,0
2017,3,8,90,83.3,77,73,72.8,72,89,72.4,55,15,10.8,5,29.8,29.8,29.7,0
2017,3,9,90,82.7,77,72,71.9,70,83,69.7,55,16,11.7,6,29.8,29.7,29.7,0
2017,3,10,88,82.5,77,73,72.8,72,89,74,58,14,9.7,2,29.8,29.7,29.7,0
2017,3,11,91,83.5,77,75,73.1,72,89,72.6,55,10,7.4,5,29.9,29.8,29.7,0
2017,3,12,88,81.4,77,77,73.6,72,94,78,58,7,3.6,0,29.9,29.8,29.7,0
2017,3,13,93,84.7,79,77,75,72,89,74.3,52,10,5.5,0,29.9,29.8,29.7,0
2017,3,14,88,82.8,79,77,73.6,72,89,74.5,58,12,5.7,1,29.9,29.8,29.7,0
2017,3,15,93,86.8,79,75,72.3,66,89,63.9,41,10,5,0,29.9,29.8,29.7,0
2017,3,16,93,84.8,79,77,74.5,70,94,73.3,49,14,7.8,3,29.8,29.7,29.7,0
2017,3,17,91,82.5,77,77,74.7,72,94,79.1,52,16,5.6,0,29.8,29.8,29.7,0
2017,3,18,91,84.7,79,77,74.3,73,89,72.4,55,12,6.3,0,29.9,29.8,29.7,0
2017,3,19,93,84.7,79,77,75.2,72,94,74.4,49,13,5.3,0,29.9,29.8,29.7,0
2017,3,20,86,79.6,77,77,74.6,72,100,85.8,62,8,3.7,1,29.9,29.8,29.8,0
2017,3,21,95,84.8,79,77,72.7,68,89,69.5,41,16,6.1,0,29.9,29.8,29.7,0
2017,3,22,90,82.3,77,77,74.4,72,89,78.6,59,15,6,1,29.8,29.8,29.7,0
2017,3,23,93,86,79,77,74.4,73,89,69.9,52,14,8.1,3,29.8,29.8,29.7,0
2017,3,24,90,85.4,81,77,74.2,72,89,70.5,55,10,5.7,3,29.9,29.8,29.7,0
2017,3,25,91,82.8,77,81,75.4,72,89,79.5,59,15,6.9,0,29.9,29.8,29.7,0
2017,3,26,91,85.8,79,77,75.3,73,94,72,55,14,7,0,29.9,29.8,29.7,0
2017,3,27,90,85.3,81,77,75.2,72,89,73,55,13,7.3,0,29.9,29.8,29.7,0
2017,3,28,82,80.3,77,77,75.2,73,89,85.6,79,9,5.1,0,29.9,29.8,29.8,0
2017,3,29,88,82.9,79,77,74.6,73,89,77.3,62,9,3.9,0,29.9,29.8,29.8,0
2017,3,30,88,79.2,75,77,74.6,73,94,87.3,66,12,4.3,0,29.9,29.9,29.8,0
2017,3,31,91,83.2,77,77,74.5,72,94,76.6,55,14,4,0,29.9,29.8,29.8,0
2017,4,1,90,81.4,77,77,75.1,73,94,83.1,59,10,4,0,29.9,29.8,29.7,0
2017,4,2,93,84.7,79,77,74.8,72,89,73.4,52,9,5,2,29.9,29.8,29.7,0
2017,4,3,88,82.2,77,77,75.1,73,94,80.1,62,8,4,0,29.9,29.8,29.8,0
2017,4,4,93,84.1,75,77,74,70,94,73.7,46,10,5.2,0,29.9,29.8,29.7,0
2017,4,5,91,85.7,79,75,73.7,70,89,68.8,49,10,5.7,2,29.8,29.7,29.7,0
2017,4,6,91,84.7,79,77,75,70,94,74.2,52,13,5.2,0,29.8,29.7,29.6,0
2017,4,7,95,84.7,75,75,74,70,100,73,44,10,4.8,0,29.8,29.7,29.7,0
2017,4,8,84,81.3,77,77,76.2,75,94,85,74,9,3.6,0,29.8,29.8,29.7,0
2017,4,9,91,83.9,79,77,74.8,70,94,75.5,52,12,4.6,0,29.8,29.7,29.7,0
2017,4,10,91,84.3,79,77,76,75,89,76.8,62,12,5,0,29.8,29.7,29.6,0
2017,4,11,93,84.9,79,79,75.8,72,94,76,52,13,5.4,0,29.8,29.7,29.6,0
2017,4,12,88,83.2,75,79,75.9,73,94,79.8,62,7,4.2,2,29.8,29.8,29.7,0
2017,4,13,88,81.5,77,77,75.2,73,89,81.8,70,9,4.6,1,29.9,29.8,29.7,0
2017,4,14,88,82.9,79,77,76.2,75,89,80.7,70,15,5.3,0,29.9,29.8,29.7,0
2017,4,15,91,84.3,79,75,74.3,73,89,73.3,55,15,7.4,1,29.8,29.8,29.7,0
2017,4,16,93,84.6,77,79,75.4,73,94,75.3,52,12,4.3,0,29.8,29.8,29.7,0
2017,4,17,91,85.3,79,79,75.5,73,94,74,55,10,4.3,0,29.8,29.8,29.7,0
2017,4,18,91,81.7,75,77,75.4,73,100,82.9,59,15,4.9,0,29.9,29.8,29.8,0
2017,4,19,93,83.5,75,77,74.9,70,94,77.7,46,10,4,0,29.9,29.8,29.7,0
2017,4,20,91,82.3,77,77,75.8,75,94,81.8,59,18,5.4,0,29.9,29.8,29.7,0
2017,4,21,91,82.7,75,77,74.8,72,94,78.7,52,12,4.3,0,29.9,29.8,29.7,0
2017,4,22,91,83.6,79,77,75.7,73,94,78.3,59,7,4.1,1,29.9,29.8,29.7,0
2017,4,23,90,85.1,79,77,76.1,75,94,75.3,62,9,4,0,29.9,29.8,29.7,0
2017,4,24,91,82.3,75,79,76.9,73,94,85,59,9,3.6,0,29.9,29.8,29.7,0
2017,4,25,90,81.6,77,79,76.5,75,100,85.7,62,12,4.1,0,29.8,29.8,29.7,0
2017,4,26,88,83,77,77,75.6,75,94,79.3,66,10,4.6,0,29.9,29.8,29.7,0
2017,4,27,93,83.5,79,77,75.3,73,89,78,52,13,5,0,29.9,29.8,29.7,0
2017,4,28,93,84.8,77,77,74.4,73,94,72.6,52,7,3.7,0,29.9,29.8,29.7,0
2017,4,29,88,83.7,81,79,76.5,75,89,79.7,66,9,3.8,0,29.9,29.8,29.8,0
2017,4,30,93,85.7,79,77,75.6,72,94,73.3,49,13,5.4,0,29.9,29.8,29.7,0
2017,5,1,91,85.7,81,79,76,72,89,73.9,52,12,4.1,0,29.9,29.8,29.7,0
2017,5,2,88,83.6,79,77,75.3,73,89,77.4,66,12,4,0,29.9,29.8,29.7,0
2017,5,3,93,86.5,79,77,75.5,73,89,71,52,10,5.3,0,29.9,29.8,29.7,0
2017,5,4,90,85.1,82,77,76.2,73,84,75,62,8,3.3,0,29.8,29.8,29.7,0
2017,5,5,90,84.7,79,79,76.5,73,94,77.4,59,9,4.6,0,29.9,29.8,29.7,0
2017,5,6,90,84.4,79,77,75.2,72,94,75.7,55,12,4.4,0,29.9,29.8,29.7,0
2017,5,7,90,84,79,77,75.8,73,94,77.6,62,10,4.4,0,29.9,29.8,29.7,0
2017,5,8,93,86,79,77,74,72,84,68.8,52,8,4.6,1,29.9,29.8,29.7,0
2017,5,9,91,85.9,79,79,75.5,73,89,72.1,55,12,6.4,0,29.8,29.7,29.6,0
2017,5,10,86,81.7,79,79,76.9,75,89,85.8,74,8,3.7,0,29.8,29.8,29.7,0
2017,5,11,90,85,79,77,74.5,72,89,71.7,55,8,5.8,1,29.8,29.8,29.7,0
2017,5,12,91,84.9,81,77,75,73,84,73.3,59,14,6.3,0,29.8,29.8,29.7,0
2017,5,13,90,84.8,81,79,76.7,73,89,77.7,59,12,5.1,0,29.8,29.7,29.7,0
2017,5,14,91,85.7,81,79,76.5,75,89,74.2,59,15,6.3,0,29.8,29.7,29.6,0
2017,5,15,90,83.6,79,79,77.2,75,94,81.4,62,12,4.9,0,29.8,29.7,29.7,0
2017,5,16,91,86.3,81,77,75.9,72,89,72,52,13,6,0,29.8,29.7,29.6,0
2017,5,17,95,88.8,82,79,76,72,89,66.8,47,13,8.1,2,29.8,29.7,29.6,0
2017,5,18,91,85.7,81,79,76.7,75,84,74.6,62,12,6.5,1,29.8,29.8,29.7,0
2017,5,19,91,87,82,79,75.8,73,89,70.2,59,12,6.7,0,29.8,29.8,29.7,0
2017,5,20,91,87.2,84,79,75.6,73,84,69.2,55,13,6.6,0,29.8,29.7,29.6,0
2017,5,21,90,83,79,81,77.2,73,94,83.3,59,12,4.8,0,29.8,29.7,29.6,0
2017,5,22,91,83,73,77,75.5,72,94,79,59,12,6.8,2,29.8,29.7,29.7,0
2017,5,23,93,87.8,82,79,75.5,72,89,67.8,49,12,7.7,0,29.8,29.7,29.7,0
2017,5,24,86,79.3,75,79,75.4,73,100,88.8,79,10,4.9,0,29.8,29.8,29.7,0
2017,5,25,90,84.9,79,79,77,75,94,77.8,66,10,5.4,0,29.8,29.7,29.7,0
2017,5,26,90,80.4,75,79,76.5,73,100,88.6,66,13,5.5,0,29.8,29.7,29.7,0
2017,5,27,93,83.9,79,79,77.7,77,100,82.1,59,8,3.5,0,29.8,29.7,29.7,0
2017,5,28,91,86.7,81,79,77.1,75,94,73.6,59,9,5.9,0,29.8,29.7,29.6,0
2017,5,29,91,86.9,84,79,76.6,75,79,71.7,59,14,7.3,5,29.8,29.7,29.7,0
2017,5,30,88,79.1,73,77,74.4,72,94,86.3,66,12,4.3,0,29.8,29.8,29.7,0
2017,5,31,93,84.4,79,77,74.8,70,94,75.4,46,8,4.7,0,29.9,29.8,29.7,0
2017,6,1,90,84.3,77,75,74.1,72,94,72.8,55,7,3.8,0,29.8,29.8,29.7,0
2017,6,2,93,87.1,82,77,73.9,72,79,65.5,49,9,6,0,29.9,29.8,29.7,0
2017,6,3,97,88.5,82,77,74.4,68,84,64.3,44,12,6.7,0,29.8,29.8,29.7,0
2017,6,4,95,88.8,84,79,75.3,72,79,65,47,14,8.8,5,29.8,29.8,29.7,0
2017,6,5,95,88.1,84,79,76.9,75,84,69.9,53,12,7.4,2,29.8,29.8,29.7,0
2017,6,6,95,88,84,79,75,70,84,66.3,46,10,5.9,0,29.8,29.8,29.7,0
2017,6,7,95,86.2,82,79,76.3,72,89,73,47,9,5.3,0,29.9,29.8,29.7,0
2017,6,8,93,85.5,82,79,76.7,73,89,75.6,52,10,5.5,2,29.8,29.7,29.7,0
2017,6,9,91,87.4,82,79,75.6,73,84,68.7,55,10,6.1,0,29.8,29.7,29.7,0
2017,6,10,93,84.7,79,77,75.4,72,89,75,55,12,5.7,2,29.9,29.8,29.7,0
2017,6,11,93,85.7,79,77,74.6,70,89,70.8,49,10,6.3,0,29.9,29.8,29.7,0
2017,6,12,93,87.7,82,77,74,73,79,64.7,52,9,6,3,29.8,29.8,29.7,0
2017,6,13,93,86.6,81,77,75.2,73,84,70,52,10,6.8,2,29.8,29.8,29.7,0
2017,6,14,90,82.8,75,77,73.9,70,100,76.3,52,12,5.3,0,29.9,29.8,29.8,0
2017,6,15,95,85.8,79,77,75,72,89,72,47,10,5.2,1,29.8,29.8,29.7,0
2017,6,16,90,83.5,79,77,76.2,73,94,79.8,62,12,4.5,0,29.8,29.8,29.7,0
2017,6,17,93,86.5,79,77,74,64,94,68.9,38,10,5.2,0,29.8,29.7,29.7,0
2017,6,18,88,80.4,75,79,75.3,73,94,85.4,66,20,6.7,0,29.8,29.8,29.7,0
2017,6,19,90,84.4,79,75,73.9,72,89,72,58,12,6.4,0,29.8,29.8,29.7,0
2017,6,20,93,86.3,79,77,73.7,68,94,67.5,44,9,4.1,0,29.8,29.8,29.7,0
2017,6,21,91,83.8,81,77,75,72,84,76,55,10,5.1,0,29.8,29.8,29.7,0
2017,6,22,90,85.8,81,79,75.7,73,94,73.2,59,10,4.8,0,29.8,29.8,29.7,0
2017,6,23,86,80.5,77,79,74.1,72,94,81.3,70,18,5.7,0,29.9,29.8,29.7,0
2017,6,24,91,86.1,79,75,72.3,68,84,64.8,46,8,4.2,0,29.8,29.7,29.7,0
2017,6,25,88,82.8,77,77,75,73,94,78.2,62,7,2.8,0,29.8,29.7,29.7,0
2017,6,26,91,82.9,77,77,75,72,94,78.5,55,9,4.7,2,29.8,29.8,29.7,0
2017,6,27,82,79.5,77,75,73.2,70,89,81.5,74,7,3.4,0,29.9,29.8,29.7,0
2017,6,28,93,81.8,75,77,74.7,72,94,81.3,52,12,3.8,0,29.8,29.8,29.7,0
2017,6,29,86,82.1,79,77,75.4,73,94,81,70,9,3.1,0,29.8,29.8,29.7,0
2017,6,30,93,86,79,77,74,72,89,68.8,49,10,5.5,0,29.8,29.8,29.7,0
2017,7,1,91,86,81,77,75,72,89,70.3,52,10,6.2,1,29.8,29.8,29.7,0
2017,7,2,91,85.4,79,79,76,73,94,74.6,59,12,6.3,2,29.8,29.8,29.7,0
2017,7,3,88,82.8,79,77,73.4,70,89,74.3,58,13,6.8,2,29.9,29.8,29.7,0
2017,7,4,91,86.2,77,75,73.6,72,94,67.5,52,9,5.4,0,29.8,29.8,29.7,0
2017,7,5,88,81.3,77,79,75.3,73,94,83.5,66,9,3.4,0,29.9,29.8,29.8,0
2017,7,6,88,83.3,79,77,74.6,72,94,76.1,58,12,6.1,0,29.9,29.8,29.7,0
2017,7,7,91,85.6,79,75,72.2,68,83,64.8,55,13,6.5,0,29.9,29.8,29.7,0
2017,7,8,90,83.7,75,75,73.8,72,94,73.8,55,13,6.5,0,29.9,29.8,29.7,0
2017,7,9,90,84.6,81,75,74,73,84,72,59,13,7.6,0,29.9,29.8,29.8,0
2017,7,10,93,87,79,75,73.2,68,89,65,44,10,4.6,0,29.9,29.8,29.7,0
2017,7,11,88,82.5,77,77,73.9,72,100,76.2,58,14,5.7,0,29.9,29.8,29.7,0
2017,7,12,84,80.1,75,75,74,72,94,82.4,74,10,6.3,1,29.9,29.8,29.8,0
2017,7,13,90,82,79,77,74.6,72,94,79.5,59,12,6,0,29.8,29.8,29.7,0
2017,7,14,84,79,75,77,74.7,73,94,88,79,14,4.9,0,29.9,29.8,29.8,0
2017,7,15,91,82.7,75,77,74.2,72,94,76.7,52,10,6.5,0,29.9,29.8,29.7,0
2017,7,16,93,85.6,81,75,72.8,70,79,66.7,46,14,11.4,7,29.8,29.8,29.7,0
2017,7,17,91,86.2,81,73,71.6,68,79,62.8,46,15,9.6,3,29.8,29.8,29.7,0
2017,7,18,90,85.5,81,75,73.9,72,84,69.5,55,14,9.1,0,29.9,29.8,29.8,0
2017,7,19,93,86,81,75,73,72,84,66.2,49,10,6.6,1,29.9,29.8,29.7,0
2017,7,20,90,85.3,81,77,74.5,73,89,71.3,59,10,5.8,0,29.8,29.8,29.7,0
2017,7,21,91,86.6,82,77,74.1,70,84,66.9,49,12,7.4,0,29.9,29.8,29.7,0
2017,7,22,95,87.5,82,77,73.4,70,84,63.8,44,13,8.8,5,29.9,29.8,29.7,0
2017,7,23,93,87,82,77,73.6,70,84,65,49,12,8,3,29.9,29.8,29.7,0
2017,7,24,93,87.1,82,75,73.7,70,79,65.1,52,14,9.4,3,29.8,29.8,29.7,0
2017,7,25,93,87.3,82,77,74.4,72,79,66,49,13,9.8,6,29.8,29.7,29.7,0
2017,7,26,88,84.2,77,77,74.9,72,94,74.2,66,15,8.8,2,29.8,29.7,29.7,0
2017,7,27,91,86.5,82,75,73.5,70,79,65.7,52,14,9.7,3,29.8,29.8,29.7,0
2017,7,28,93,87.6,82,75,72.6,68,79,61.8,44,14,8.3,0,29.8,29.8,29.8,0
2017,7,29,93,87,82,79,74.8,72,84,67.6,52,15,9,2,29.8,29.8,29.7,0
2017,7,30,93,86.9,82,77,75.2,73,84,69,52,15,9.6,5,29.8,29.8,29.7,0
2017,7,31,93,87.5,82,77,74.7,73,79,66.5,52,14,9.4,6,29.8,29.8,29.7,0
2017,8,1,93,87,82,77,75.5,73,84,69.3,52,16,8.8,5,29.9,29.8,29.7,0
2017,8,2,91,87,82,77,72.3,70,84,62,49,16,10.8,3,29.9,29.8,29.7,0
2017,8,3,93,86.8,82,73,70.4,66,74,59,44,17,11.5,7,29.8,29.8,29.7,0
2017,8,4,91,87.1,82,75,72.2,68,79,61.8,46,14,10.1,5,29.8,29.7,29.7,0
2017,8,5,93,87.1,82,75,73.8,70,79,65.3,46,14,10.2,7,29.8,29.7,29.7,0
2017,8,6,91,84.8,81,77,74.5,72,89,72.4,52,17,7.8,1,29.8,29.8,29.7,0
2017,8,7,88,84.4,82,79,75.7,73,89,75.5,66,14,6.9,1,29.8,29.8,29.7,0
2017,8,8,88,83,77,77,75.3,70,94,78.6,58,14,5.8,0,29.9,29.8,29.8,0
2017,8,9,90,83.6,77,75,72.7,70,94,70.7,55,12,6.6,2,29.9,29.8,29.8,0
2017,8,10,90,85.8,79,75,72.8,70,84,66.2,52,12,6.5,0,29.8,29.8,29.7,0
2017,8,11,84,81.1,75,77,74.7,73,94,81.7,70,16,4.9,1,29.8,29.8,29.7,0
2017,8,12,86,80.6,77,75,73.8,72,94,81.3,66,9,4.4,1,29.9,29.8,29.7,0
2017,8,13,88,82.1,79,75,74,73,89,78,66,7,4.5,0,29.9,29.8,29.8,0
2017,8,14,90,84.3,79,77,73.7,72,89,71.5,55,13,6.8,0,29.9,29.8,29.7,0
2017,8,15,84,81.2,79,77,72.7,70,89,75.9,66,13,4.8,0,29.9,29.8,29.7,0
2017,8,16,93,85,79,75,73.1,70,89,69,46,9,5.7,0,29.8,29.7,29.7,0
2017,8,17,90,81.3,75,75,73.6,72,94,79,55,9,6.1,2,29.8,29.7,29.7,0
2017,8,18,90,83,77,77,74.8,73,94,78,59,10,4.8,0,29.8,29.8,29.7,0
2017,8,19,90,83.9,81,77,74.7,72,89,75.2,59,15,6.1,0,29.8,29.8,29.7,0
2017,8,20,91,85.6,81,77,74.9,73,89,71.8,55,13,7,0,29.8,29.7,29.7,0
2017,8,21,90,84.8,81,77,74.7,70,89,72.6,52,12,6.5,1,29.8,29.7,29.7,0
2017,8,22,86,82.5,79,77,73.4,70,89,74.8,62,14,7.1,1,29.8,29.8,29.7,0
2017,8,23,91,85.5,81,75,73.3,68,84,68,46,14,7.5,0,29.8,29.7,29.7,0
2017,8,24,91,84.8,82,77,74.7,73,84,72.2,55,13,6.8,2,29.8,29.7,29.7,0
2017,8,25,90,84,81,75,73.8,72,84,72.6,55,13,6,1,29.8,29.7,29.7,0
2017,8,26,90,84.7,81,75,73.4,70,84,69.5,52,13,6.5,1,29.8,29.7,29.6,0
2017,8,27,90,82.8,81,77,74.4,72,89,76.4,55,13,6.3,3,29.8,29.7,29.6,0
2017,8,28,91,83.6,81,77,74.7,72,89,75.7,52,10,4.2,0,29.8,29.7,29.7,0
2017,8,29,86,81.2,79,77,74.4,73,89,81.6,66,12,5.1,0,29.8,29.8,29.7,0
2017,8,30,91,83,79,77,73.6,70,89,75.2,49,9,3.7,0,29.8,29.8,29.7,0
2017,8,31,91,84.9,79,77,74,70,89,71.7,49,13,6.1,0,29.9,29.8,29.7,0
2017,9,1,91,85.5,82,75,74,70,79,69.3,49,10,7,3,29.9,29.8,29.7,0
2017,9,2,91,85.5,81,77,74.7,72,89,71.5,52,12,6.5,1,29.8,29.8,29.7,0
2017,9,3,90,85.1,82,75,73.8,70,79,69.7,55,13,8.4,5,29.8,29.8,29.7,0
2017,9,4,93,85.3,81,77,74,70,89,70,46,14,6,0,29.8,29.8,29.7,0
2017,9,5,90,85.2,79,77,74.3,70,89,71,52,14,6.6,1,29.9,29.8,29.7,0
2017,9,6,86,80.2,77,77,74.8,72,94,84.6,66,17,4.6,0,29.9,29.8,29.7,0
2017,9,7,91,83.7,79,77,74.5,72,89,75.8,55,10,4,0,29.8,29.8,29.7,0
2017,9,8,91,82.3,77,77,74.9,73,94,80.4,55,15,4.9,0,29.8,29.8,29.7,0
2017,9,9,91,83.1,79,77,74.2,72,89,75.8,52,18,4.6,0,29.8,29.8,29.7,0
2017,9,10,91,83,81,77,75.5,73,89,79.1,55,14,3.9,0,29.8,29.8,29.7,0
2017,9,11,86,80.5,75,77,74.4,73,94,83,66,12,4.4,0,29.9,29.8,29.7,0
2017,9,12,91,84.8,79,77,74.8,73,89,73.6,55,9,4.6,0,29.9,29.8,29.7,0
2017,9,13,93,85.1,79,77,74.7,70,94,72.5,46,10,5,0,29.9,29.8,29.7,0
2017,9,14,90,84.4,81,77,74.4,72,84,72.8,58,10,4.5,0,29.8,29.8,29.7,0
2017,9,15,86,82.5,81,77,76.1,72,89,81.1,66,13,3.9,0,29.8,29.8,29.7,0
2017,9,16,90,82,73,75,72.8,70,94,75,55,10,4.6,0,29.9,29.8,29.7,0
2017,9,17,91,84.3,81,77,74.2,70,89,72.7,49,16,6.9,0,29.9,29.8,29.8,0
2017,9,18,90,80.6,77,77,75.3,73,94,85.3,59,12,3.3,0,29.9,29.8,29.8,0
2017,9,19,88,80.3,77,77,74.8,73,94,84.8,62,10,4,0,29.9,29.8,29.8,0
2017,9,20,88,81.8,77,75,74.1,73,94,78.8,62,20,5.4,0,29.9,29.8,29.7,0
2017,9,21,88,81.2,75,75,71.4,68,94,74.2,52,16,5.2,0,29.9,29.8,29.7,0
2017,9,22,91,84.6,79,75,73.6,72,89,71.2,52,10,4.8,0,29.8,29.8,29.7,0
2017,9,23,91,84.8,77,77,74.1,70,89,71.3,49,15,5.7,1,29.9,29.8,29.8,0
2017,9,24,91,84.5,77,77,73,70,89,69.8,52,12,6.1,1,29.9,29.8,29.7,0
2017,9,25,91,83.8,79,77,74.2,72,89,73.9,52,13,4.5,0,29.8,29.7,29.7,0
2017,9,26,93,82.5,79,79,74.9,72,94,79.6,52,12,3.5,0,29.8,29.8,29.7,0
2017,9,27,91,83.2,77,77,73.9,72,89,75,55,8,3.2,0,29.9,29.8,29.7,0
2017,9,28,90,84.2,81,77,75,72,89,75,55,7,3.2,0,29.8,29.8,29.7,0
2017,9,29,88,81.1,75,77,74.5,70,94,81.6,55,13,4.4,0,29.9,29.8,29.7,0
2017,9,30,90,83.3,79,75,74.2,73,89,75.8,59,13,4.7,0,29.9,29.8,29.7,0
2017,10,1,86,80.9,79,77,75.9,73,94,86,70,17,3.9,0,29.9,29.8,29.7,0
2017,10,2,93,83.8,77,77,73.7,70,94,73.6,46,9,3.5,0,29.8,29.8,29.7,0
2017,10,3,90,82.6,79,77,75.7,75,94,81,62,9,3.1,0,29.8,29.8,29.7,0
2017,10,4,86,79.7,75,77,73.9,72,94,83.7,66,15,4.8,0,29.9,29.8,29.7,0
2017,10,5,90,82.7,77,77,73.6,72,89,75.4,55,7,2.8,0,29.8,29.8,29.7,0
2017,10,6,91,83.3,79,77,74.9,72,94,77.9,55,8,3.2,0,29.8,29.7,29.7,0
2017,10,7,93,82.7,75,77,74.1,72,94,77.2,49,15,4,0,29.8,29.7,29.6,0
2017,10,8,90,81.2,77,77,75.1,73,94,83.2,62,13,4.6,1,29.8,29.7,29.6,0
2017,10,9,91,83.4,75,77,74.4,72,94,76.3,52,18,4.2,0,29.8,29.7,29.6,0
2017,10,10,93,82.4,75,77,74.5,70,94,78.8,46,12,5.4,0,29.7,29.7,29.6,0
2017,10,11,93,84.8,77,77,73.5,72,89,70.2,52,9,5.1,0,29.8,29.7,29.6,0
2017,10,12,86,82.2,77,77,75.1,72,89,80,62,9,4.5,0,29.8,29.7,29.7,0
2017,10,13,90,82.4,77,75,73.7,72,94,76.9,55,7,3.8,0,29.8,29.8,29.7,0
2017,10,14,93,86.2,81,75,72.7,68,84,65.6,44,10,5,1,29.8,29.7,29.6,0
2017,10,15,95,86.6,81,79,74.1,68,84,67.8,41,8,3.6,0,29.8,29.7,29.6,0
2017,10,16,93,85.5,79,77,73.3,68,84,67.8,46,8,4.4,0,29.9,29.8,29.7,0
2017,10,17,97,88.3,82,77,71.1,61,84,59.5,32,8,3.4,0,29.8,29.7,29.7,0
2017,10,18,97,88.2,82,79,73.9,64,89,65.3,36,9,4.5,0,29.8,29.8,29.7,0
2017,10,19,95,87.2,82,77,72.8,64,84,64.4,36,9,3.8,0,29.9,29.8,29.7,0
2017,10,20,97,87.3,81,77,72.4,64,89,63.6,34,7,3.9,0,29.9,29.8,29.7,0
2017,10,21,95,86.3,82,77,75,72,84,70.2,49,9,5.2,2,29.9,29.8,29.7,0
2017,10,22,93,86.2,81,77,73.4,70,79,66.3,49,12,4.9,0,29.9,29.8,29.7,0
2017,10,23,91,84.4,81,77,75.2,72,89,74.6,55,8,3.6,0,29.9,29.8,29.7,0
2017,10,24,90,82.6,79,77,75.7,72,89,80.4,59,16,4.7,0,29.9,29.8,29.8,0
2017,10,25,93,82.5,75,77,74.3,68,94,78.6,44,17,5.1,0,29.9,29.8,29.8,0
2017,10,26,91,82.5,79,77,75.1,73,89,80.5,55,15,4.2,0,29.9,29.8,29.7,0
2017,10,27,88,82.3,79,75,74.5,72,89,78.4,58,9,3.4,0,29.9,29.8,29.7,0
2017,10,28,95,84.4,77,75,72.7,70,89,70.3,44,9,4.4,0,29.8,29.8,29.7,0
2017,10,29,90,80.6,77,77,74,73,94,81.8,59,10,3.9,0,29.8,29.8,29.7,0
2017,10,30,84,80.9,77,77,74.8,73,94,82.4,70,9,3.9,0,29.9,29.8,29.7,0
2017,10,31,82,79.2,75,77,74.2,72,94,85.5,74,9,3.5,0,29.8,29.8,29.7,0
2017,11,1,91,82.5,77,77,74.2,70,94,77.9,49,9,2.9,0,29.8,29.7,29.7,0
2017,11,2,91,83.6,79,75,74.1,73,89,74.8,55,12,4,0,29.8,29.7,29.6,0
2017,11,3,93,83.2,75,77,74.1,70,94,76.1,49,18,5,0,29.8,29.7,29.6,0
2017,11,4,93,81.2,75,77,74,70,94,81,52,16,4.4,0,29.8,29.7,29.6,0
2017,11,5,91,83.5,77,77,73.9,70,94,74.6,52,13,4.1,0,29.8,29.7,29.6,0
2017,11,6,86,79.6,73,77,74.9,72,94,86.5,70,9,4.6,0,29.7,29.7,29.6,0
2017,11,7,88,80.8,77,77,74.8,73,94,83.8,62,15,3.8,0,29.8,29.7,29.6,0
2017,11,8,90,82.1,77,77,73.9,72,89,78,55,8,5,0,29.8,29.7,29.6,0
2017,11,9,90,80.5,75,77,74.2,72,94,82.7,58,22,4.7,0,29.8,29.7,29.6,0
2017,11,10,90,79.2,75,77,73.9,73,94,85.5,59,10,3,0,29.8,29.7,29.7,0
2017,11,11,88,79,77,77,75.2,73,94,89.5,66,9,2.7,0,29.8,29.8,29.7,0
2017,11,12,88,82.1,77,77,75.1,73,94,80.8,62,8,3.2,0,29.8,29.7,29.7,0
2017,11,13,90,81.1,77,77,75.3,73,94,84,59,14,4.3,0,29.8,29.7,29.6,0
2017,11,14,82,78.6,75,77,74,73,100,87.2,74,12,3.6,0,29.8,29.8,29.7,0
2017,11,15,93,82.4,77,75,73.2,72,89,75.7,49,10,3.6,0,29.8,29.8,29.7,0
2017,11,16,91,83.5,79,77,75.7,73,89,78.5,55,14,4.2,0,29.8,29.7,29.7,0
2017,11,17,88,81.9,77,77,74.3,72,89,79.2,58,13,5.3,0,29.8,29.7,29.6,0
2017,11,18,93,82.4,75,77,74.7,72,100,79.5,49,18,4.3,0,29.8,29.7,29.6,0
2017,11,19,93,83.8,79,77,74.6,72,94,75.4,52,10,3.8,0,29.8,29.7,29.6,0
2017,11,20,90,81.9,77,77,75.1,73,94,81.7,62,10,3.5,0,29.8,29.7,29.7,0
2017,11,21,82,79.2,75,77,75.1,72,94,88.2,79,10,3.7,0,29.8,29.7,29.7,0
2017,11,22,93,83.2,77,75,73.9,72,94,75.8,49,13,3.8,0,29.8,29.7,29.6,0
2017,11,23,86,80.8,77,77,74.8,73,89,83.2,70,10,3.6,0,29.8,29.7,29.6,0
2017,11,24,88,81.1,77,75,73.7,72,89,79.7,62,20,5.6,1,29.8,29.7,29.7,0
2017,11,25,91,83.4,77,77,73.6,72,89,73.9,52,12,5.2,0,29.8,29.7,29.7,0
2017,11,26,86,80.9,77,77,74.8,73,94,83.2,66,16,3.5,0,29.8,29.7,29.7,0
2017,11,27,82,79.8,77,75,73.8,73,94,83.6,74,7,3.8,0,29.8,29.7,29.6,0
2017,11,28,88,81.8,79,75,73.3,72,89,76.5,58,8,4.4,1,29.7,29.7,29.6,0
2017,11,29,90,82.1,77,77,74.8,72,94,80,55,10,5,1,29.7,29.7,29.6,0
2017,11,30,90,83.5,79,75,72.8,72,89,71.3,55,12,5.8,2,29.7,29.7,29.6,0
2017,12,1,95,84.8,79,75,72.6,64,84,69.5,38,12,5.9,1,29.8,29.7,29.6,0
2017,12,2,95,85,79,77,74.6,70,89,73.3,44,10,5.8,2,29.8,29.7,29.6,0
2017,12,3,93,84.9,81,77,75.4,72,89,74.8,49,8,5.4,1,29.8,29.7,29.6,0
2017,12,4,91,83.2,79,77,76.2,73,89,80.4,55,10,4.6,2,29.8,29.7,29.6,0
2017,12,5,93,84.3,79,79,75.2,72,94,76.3,49,10,4.6,0,29.8,29.7,29.6,0
2017,12,6,93,83.9,79,79,73.8,68,89,73.1,49,12,5,0,29.8,29.7,29.7,0
2017,12,7,91,81.7,77,77,74.5,73,94,80.4,55,9,4.6,1,29.8,29.8,29.7,0
2017,12,8,86,81.9,79,75,72.7,70,89,74.3,62,12,5.6,0,29.9,29.8,29.7,0
2017,12,9,82,80.1,79,73,72.7,70,83,79.7,70,15,6.7,0,29.9,29.8,29.8,0
2017,12,10,91,81.8,77,75,73.8,72,94,78.7,52,15,6.3,0,29.9,29.8,29.8,0
2017,12,11,90,81.3,77,77,74.1,72,94,80.8,58,13,6.6,1,29.9,29.8,29.7,0
2017,12,12,86,79.3,75,75,74.5,73,100,86.5,66,10,4.2,0,29.9,29.8,29.8,0
2017,12,13,91,79.5,75,75,73.6,72,94,84.1,52,21,3.7,0,29.9,29.8,29.8,0
2017,12,14,91,80.5,75,75,73.5,70,94,80.9,49,18,6.1,0,29.9,29.8,29.7,0
2017,12,15,90,80.4,75,77,74.1,72,94,82.9,55,16,5.7,0,29.9,29.8,29.7,0
2017,12,16,90,81.3,77,75,73.9,72,94,80,55,15,6.6,1,29.9,29.8,29.8,0
2017,12,17,90,82.1,77,73,72.4,68,89,73.4,49,21,9.5,2,29.9,29.8,29.8,0
2017,12,18,88,82.3,79,73,71.1,66,83,69.9,49,20,11.6,3,29.9,29.8,29.8,0
2017,12,19,88,79.8,77,75,71.8,68,89,76.7,52,21,10.2,2,29.9,29.8,29.8,0
2017,12,20,88,81,77,73,72.1,72,89,74.1,58,18,10,2,29.9,29.8,29.8,0
2017,12,21,90,82.5,79,73,70.6,68,83,67.7,52,13,8.4,3,29.9,29.8,29.7,0
2017,12,22,90,82.1,77,75,72.1,68,94,73.7,49,8,5.1,0,29.8,29.7,29.6,0
2017,12,23,91,81.9,77,75,73.7,70,94,77.8,52,10,4.4,1,29.8,29.7,29.6,0
2017,12,24,82,80.6,79,75,72.8,72,89,77.8,70,9,5.5,2,29.8,29.7,29.7,0
2017,12,25,90,80.7,75,75,73.3,72,94,80.1,55,12,4.7,1,29.8,29.7,29.6,0
2017,12,26,90,81.1,75,75,72.6,68,94,77.7,52,8,4.3,1,29.8,29.7,29.7,0
2017,12,27,88,80,75,75,73,72,94,80,58,9,5.4,2,29.8,29.8,29.7,0
2017,12,28,88,81.4,79,77,73.8,72,84,79,58,16,7.5,3,29.8,29.8,29.7,0
2017,12,29,88,83,79,75,74.3,73,89,76.9,62,18,10.5,5,29.8,29.8,29.7,0
2017,12,30,86,81.1,77,77,75,73,94,82.8,66,17,9.9,0,29.8,29.8,29.7,0
2017,12,31,79,77.5,75,75,74.6,73,100,91.7,89,15,6.4,1,29.8,29.7,29.6,0
2018,1,1,81,77.3,75,75,73.8,73,94,90.2,79,9,4.7,0,29.8,29.7,29.7,0
2018,1,2,81,78.2,77,75,74.4,73,94,89.3,79,12,4.7,0,29.8,29.7,29.7,0
2018,1,3,90,80.3,75,77,74.3,72,94,83.6,58,14,5,0,29.8,29.7,29.6,0
2018,1,4,84,80.4,77,75,74.1,73,94,82.6,70,13,7,1,29.8,29.7,29.7,0
2018,1,5,84,79.9,77,75,73.8,73,89,82.8,70,9,3.5,0,29.8,29.7,29.7,0
2018,1,6,88,81.5,77,75,73.5,70,89,78.4,58,8,4.3,0,29.8,29.7,29.7,0
2018,1,7,88,81,77,77,74.6,72,94,82.2,66,10,5.3,1,29.8,29.8,29.7,0
2018,1,8,88,79.1,73,75,72.8,70,100,82.7,58,10,4.2,0,29.9,29.8,29.7,0
2018,1,9,90,81,77,75,74,72,94,81,58,9,5.9,1,29.9,29.8,29.7,0
2018,1,10,81,77.1,73,75,73,72,94,87.7,79,10,3.6,0,29.9,29.8,29.8,0
2018,1,11,79,75.3,73,73,71.7,70,94,87.4,78,8,4.7,0,29.9,29.8,29.8,0
2018,1,12,75,73.5,72,72,70.5,70,94,88.8,83,8,5.2,2,29.9,29.8,29.8,0
2018,1,13,75,73.7,73,72,70.7,70,94,88.4,83,8,4.4,2,29.9,29.8,29.8,0
2018,1,14,79,74.6,72,72,69.1,68,94,82.5,74,9,5.6,2,29.9,29.8,29.7,0
2018,1,15,82,77.5,73,72,71,68,88,79.4,70,8,5,2,29.9,29.8,29.7,0
2018,1,16,86,79.7,75,73,71.8,70,89,76.5,62,10,5.8,1,29.8,29.8,29.7,0
2018,1,17,90,81.4,77,73,72.4,70,89,75.2,55,14,8.9,2,29.8,29.7,29.7,0
2018,1,18,88,81.5,77,73,71.9,70,89,73.8,55,14,9.8,5,29.8,29.7,29.7,0
2018,1,19,90,81.7,77,75,72.5,70,89,74.3,52,16,6.4,1,29.8,29.7,29.7,0
2018,1,20,90,80.1,77,75,73.5,70,94,81.7,52,10,3.4,0,29.8,29.7,29.7,0
2018,1,21,95,82.7,77,75,72.5,66,94,74.1,41,10,4.5,0,29.8,29.7,29.6,0
2018,1,22,90,82.9,77,75,73,70,89,74.3,52,10,5.3,1,29.8,29.7,29.6,0
2018,1,23,86,81.4,79,75,73.6,72,89,78.8,66,10,4.7,0,29.8,29.7,29.6,0
2018,1,24,90,81.4,77,75,72.4,70,89,75.4,52,17,5.5,0,29.7,29.7,29.6,0
2018,1,25,88,81,77,75,73.2,70,89,79,55,13,4.9,0,29.8,29.7,29.6,0
2018,1,26,86,81.1,77,75,73.3,72,89,78.4,66,10,4.2,0,29.8,29.7,29.6,0
2018,1,27,91,82.5,79,75,73.2,72,89,75.1,52,9,5.7,0,29.8,29.7,29.6,0
2018,1,28,90,80.6,73,75,72.6,70,89,77.5,58,16,5.5,0,29.8,29.7,29.7,0
2018,1,29,93,83.1,77,75,71.3,64,84,69,38,9,5.3,2,29.8,29.8,29.7,0
2018,1,30,93,81.3,72,77,73.2,68,100,78.9,44,32,7.5,0,29.8,29.8,29.7,0
2018,1,31,93,82.1,77,75,73.7,70,89,77.4,46,12,6.3,1,29.9,29.8,29.7,0
2018,2,1,91,83.8,79,75,72.9,70,89,71.5,52,16,10,5,29.9,29.8,29.7,0
2018,2,2,82,78.5,75,75,73.3,72,94,85.5,74,14,9.2,1,29.9,29.8,29.8,0
2018,2,3,88,81.3,77,73,72.6,72,89,76.1,58,24,11.7,0,29.9,29.8,29.8,0
2018,2,4,86,80.7,77,73,72.1,72,83,74.6,62,21,12.6,7,29.9,29.8,29.8,0
2018,2,5,86,81,77,72,70.3,68,83,70.3,55,21,13,7,29.9,29.9,29.8,0
2018,2,6,86,80.4,77,70,68.6,66,78,67.6,51,18,12.3,7,29.9,29.9,29.8,0
2018,2,7,84,79.3,75,70,69.6,68,83,72.3,62,18,11.8,7,29.9,29.8,29.8,0
2018,2,8,86,79.5,75,70,68.6,66,83,69.8,51,17,12,8,29.9,29.8,29.8,0
2018,2,9,88,80,75,68,67.1,64,78,65.5,48,15,12,8,29.9,29.8,29.7,0
2018,2,10,88,79.9,73,68,67.4,66,83,66.5,49,15,11,7,29.9,29.8,29.8,0
2018,2,11,90,81,75,70,66.4,59,78,62.9,36,17,11.8,7,29.9,29.8,29.8,0
2018,2,12,90,81.8,77,70,67.1,64,78,62.7,43,21,13.8,9,29.9,29.9,29.8,0
2018,2,13,90,81.4,77,72,70.8,66,83,70.8,46,17,10.1,2,29.9,29.9,29.8,0
2018,2,14,88,81.2,77,73,70.9,68,83,71.2,55,17,11.2,6,29.9,29.9,29.8,0
2018,2,15,91,82.1,77,73,71.9,68,89,73.1,49,12,7.4,5,30,29.9,29.8,0
2018,2,16,91,81.9,77,73,72.5,70,89,75.2,49,10,6.5,1,29.9,29.8,29.8,0
2018,2,17,91,82,77,77,73.1,72,89,75,52,12,7.5,0,29.8,29.8,29.7,0
2018,2,18,93,82.6,77,73,71.8,68,89,71.2,46,15,8.6,2,29.8,29.8,29.7,0
2018,2,19,90,82.3,75,73,71.5,68,89,70.5,49,17,10.4,6,29.8,29.8,29.7,0
2018,2,20,90,82.9,77,73,70.7,66,83,68,46,14,10.3,7,29.8,29.8,29.7,0
2018,2,21,91,82.5,77,73,71.8,68,89,71.8,49,17,10.3,5,29.8,29.7,29.7,0
2018,2,22,93,83,77,73,71.6,66,89,70.9,46,18,10.2,5,29.8,29.7,29.6,0
2018,2,23,90,82.1,79,75,73,70,89,75.6,52,15,7.3,0,29.8,29.8,29.7,0
2018,2,24,82,79.3,77,75,72.6,72,89,80.3,70,17,6.9,0,29.9,29.8,29.8,0
2018,2,25,88,81.7,77,73,72.6,70,89,75.3,55,15,8.9,1,29.9,29.8,29.7,0
2018,2,26,86,81.8,79,73,72.1,70,83,73.1,58,16,11.3,7,29.8,29.8,29.7,0
2018,2,27,90,82.1,77,73,72.4,70,89,73.6,52,16,11.2,7,29.8,29.8,29.7,0
2018,2,28,93,83.3,79,77,72.7,70,89,72.2,46,13,8.7,3,29.8,29.8,29.7,0
2018,3,1,90,82.6,79,77,73.2,72,84,74.4,55,13,8.1,2,29.8,29.8,29.7,0
2018,3,2,91,82.1,77,77,74.4,72,94,79.4,52,17,6,0,29.8,29.7,29.7,0
2018,3,3,91,83,79,75,73.8,73,89,75.3,55,12,6.5,1,29.8,29.7,29.6,0
2018,3,4,93,82.9,77,75,73.7,72,89,75.2,49,13,3.8,0,29.8,29.7,29.7,0
2018,3,5,91,83.9,79,75,73.8,72,89,73.5,52,16,9.8,6,29.8,29.7,29.7,0
2018,3,6,93,84.5,79,75,72.6,66,89,69.9,43,14,6.3,1,29.8,29.8,29.7,0
2018,3,7,86,80.2,75,75,73.5,72,94,81.3,66,12,5.1,0,29.8,29.8,29.7,0
2018,3,8,84,80.5,77,75,73.5,72,89,80.5,70,14,6.2,0,29.8,29.8,29.7,0
2018,3,9,90,83.5,79,75,72.1,68,84,70.4,49,20,12,5,29.8,29.8,29.7,0
2018,3,10,86,81.8,79,77,73.8,72,89,77.5,62,21,12.3,5,29.8,29.8,29.7,0
2018,3,11,88,82.6,79,73,72.4,70,83,71.8,55,18,11.1,0,29.9,29.8,29.7,0
2018,3,12,88,82.6,79,73,72.6,72,83,72.8,58,17,9.8,3,29.9,29.8,29.8,0
2018,3,13,90,83.5,79,73,72.7,72,83,71.2,55,17,9.2,2,29.9,29.8,29.7,0
2018,3,14,93,84,79,73,71.5,68,83,68.1,44,17,8.1,0,29.9,29.8,29.7,0
2018,3,15,95,84.3,79,75,72,66,83,69,39,12,5.9,2,29.9,29.8,29.7,0
2018,3,16,93,84.1,81,77,74.1,72,84,73.4,49,10,7.9,5,29.9,29.8,29.7,0
2018,3,17,93,84.3,79,75,72.9,72,84,69.9,49,15,8,1,29.9,29.8,29.7,0
2018,3,18,90,84.1,79,75,72.3,70,84,69.5,52,17,9.7,5,29.9,29.8,29.7,0
2018,3,19,93,84.5,79,73,72.4,70,83,68.2,49,14,8.2,1,29.9,29.8,29.7,0
2018,3,20,93,83.9,79,75,72.8,70,84,70.8,49,13,7.2,1,29.9,29.8,29.7,0
2018,3,21,93,83.9,79,75,72.9,70,84,70.5,49,13,5.4,0,29.8,29.8,29.7,0
2018,3,22,91,84.5,79,75,71.9,68,89,67.7,46,17,11,5,29.8,29.7,29.6,0
2018,3,23,91,84.2,79,73,71.1,68,83,66.5,46,16,10.2,3,29.8,29.7,29.7,0
2018,3,24,90,83.5,79,75,71.9,68,79,68.2,52,18,9.8,5,29.9,29.8,29.7,0
2018,3,25,86,81.5,77,75,73.2,70,89,77,58,10,5.1,0,29.9,29.8,29.8,0
2018,3,26,90,82.8,79,75,73.5,70,89,75.6,52,15,6.8,0,29.9,29.8,29.8,0
2018,3,27,84,78.6,75,73,72.4,70,89,81.6,70,14,6.7,1,29.9,29.8,29.8,0
2018,3,28,91,80.5,75,75,72.2,70,94,76.6,52,10,4.1,0,29.9,29.8,29.7,0
2018,3,29,88,80.6,77,75,73.9,72,94,81.8,62,9,3.9,0,29.9,29.8,29.7,0
2018,3,30,90,80.3,73,77,72.7,70,89,78.5,55,13,4.1,0,29.8,29.8,29.7,0
2018,3,31,93,83,77,75,73.5,70,94,74.9,46,13,4.9,0,29.8,29.8,29.7,0
2018,4,1,91,82.2,77,77,74,73,89,78.3,55,13,6.3,0,29.8,29.7,29.7,0
2018,4,2,91,83.8,79,75,73.7,72,89,73.2,52,14,6.5,0,29.9,29.8,29.7,0
2018,4,3,91,84.3,79,75,72.3,68,89,69,49,14,8.4,5,29.9,29.8,29.7,0
2018,4,4,91,84.1,79,73,71.8,68,83,67.4,49,13,8.3,3,29.8,29.8,29.7,0
2018,4,5,91,84,79,75,72.3,68,83,69,46,16,7.5,0,29.8,29.7,29.6,0
2018,4,6,93,83.6,79,75,72.4,64,83,70.6,41,20,6.6,0,29.8,29.7,29.7,0
2018,4,7,90,82.4,79,77,73.5,72,89,75.6,55,15,8.4,5,29.8,29.8,29.7,0
2018,4,8,90,83.6,79,75,73.1,72,83,71.8,55,16,10.5,6,29.8,29.8,29.7,0
2018,4,9,91,84.1,81,75,73.2,72,84,71,52,20,12,7,29.8,29.8,29.7,0
2018,4,10,91,84.6,81,75,73.5,70,84,70.9,49,12,6.3,0,29.8,29.8,29.7,0
2018,4,11,93,85.5,81,75,73.5,72,84,68.8,49,14,7.8,0,29.8,29.7,29.7,0
2018,4,12,93,85.5,81,75,73.8,72,84,69.3,49,13,7.1,0,29.8,29.7,29.6,0
2018,4,13,93,85.4,81,75,74.3,72,84,70.5,49,16,9,1,29.8,29.7,29.7,0
2018,4,14,93,82.8,79,77,74.9,72,89,78.3,52,9,3.7,0,29.8,29.7,29.7,0
2018,4,15,90,81.4,77,77,73.9,73,89,80.2,59,13,4.8,0,29.8,29.7,29.7,0
2018,4,16,88,80.3,77,77,74.8,73,94,84.5,62,13,3.9,0,29.9,29.8,29.7,0
2018,4,17,91,83.4,79,75,74.3,72,89,75.7,52,13,4.4,0,29.9,29.8,29.7,0
2018,4,18,91,84.3,79,75,73.8,70,89,72.3,49,15,8.4,0,29.9,29.8,29.7,0
2018,4,19,88,83,81,75,74.6,73,84,76.8,62,15,4.4,0,29.8,29.8,29.7,0
2018,4,20,90,81.8,75,77,74.5,72,94,80.4,55,14,6.5,0,29.8,29.7,29.7,0
2018,4,21,90,80.4,77,75,74.2,72,94,82.6,62,13,3.7,0,29.8,29.8,29.7,0
2018,4,22,90,82,77,77,75.4,73,94,81.7,59,18,3.6,0,29.8,29.7,29.7,0
2018,4,23,88,81.4,77,77,75.3,72,94,82.7,66,13,3.5,0,29.8,29.7,29.7,0
2018,4,24,90,83.4,77,77,73.7,70,94,74.1,55,7,3.5,0,29.8,29.7,29.7,0
2018,4,25,95,86.5,79,77,72.5,64,89,65.9,38,8,3.5,0,29.8,29.7,29.7,0
2018,4,26,93,83.4,79,79,75.6,72,89,78.3,49,15,5.6,0,29.8,29.7,29.6,0
2018,4,27,90,80.2,75,77,74.7,72,94,84.7,59,12,4,0,29.9,29.8,29.7,0
2018,4,28,93,81.9,77,75,73.5,70,94,77.3,52,12,3.9,0,29.8,29.8,29.7,0
2018,4,29,93,85.3,79,77,74.9,73,89,72.9,52,12,5.6,0,29.8,29.8,29.7,0
2018,4,30,91,85,82,77,75.2,73,84,72.8,55,15,6,2,29.8,29.8,29.7,0
2018,5,1,86,81.5,79,77,75.2,73,94,82.6,66,13,3.7,0,29.9,29.8,29.8,0
2018,5,2,95,83.2,77,77,74.2,72,94,76.8,47,14,3.2,0,29.9,29.8,29.7,0
2018,5,3,91,82.6,75,77,74.7,72,94,78.8,55,15,3.5,0,29.9,29.8,29.7,0
2018,5,4,93,84.2,77,77,73.8,68,89,73.2,46,10,3.8,0,29.9,29.8,29.7,0
2018,5,5,91,83.6,77,77,74.8,72,94,76.2,55,10,3.8,0,29.9,29.8,29.8,0
2018,5,6,93,85.3,81,77,75.3,72,89,73.5,49,10,4.5,0,29.9,29.8,29.8,0
2018,5,7,93,86.2,79,77,74.3,70,89,68.8,49,12,5.2,0,29.9,29.8,29.7,0
2018,5,8,93,86.9,82,77,72.2,61,79,63.3,34,13,6.8,0,29.8,29.8,29.7,0
2018,5,9,93,87.4,84,75,73.7,70,74,64.3,49,12,7.9,5,29.8,29.8,29.7,0
2018,5,10,91,85.9,82,77,74.2,70,84,68.5,52,14,6.3,0,29.9,29.8,29.7,0
2018,5,11,93,86.3,82,77,74.1,70,84,67.4,49,14,6.4,3,29.8,29.8,29.7,0
2018,5,12,93,86.5,82,77,73.2,66,84,65.8,41,12,6,3,29.8,29.8,29.7,0
2018,5,13,90,83.2,79,77,75.4,72,94,78.1,58,7,3.6,0,29.9,29.8,29.7,0
2018,5,14,91,84.7,79,77,73.9,70,89,71.5,49,8,4.5,0,29.8,29.8,29.7,0
2018,5,15,93,84.5,81,79,74.7,72,89,73.6,49,10,3.9,0,29.8,29.7,29.6,0
2018,5,16,91,82.4,79,77,74.8,72,89,80,55,12,4.1,0,29.8,29.7,29.7,0
2018,5,17,93,84.5,79,77,74.5,73,89,73.3,52,17,2.3,0,29.8,29.7,29.6,0
2018,5,18,93,81.1,75,77,74.8,72,94,82.8,52,23,4.9,0,29.7,29.7,29.6,0
2018,5,19,91,82.7,77,77,74.5,72,94,77.8,52,14,2.2,0,29.8,29.7,29.6,0
2018,5,20,86,81.6,79,77,75.1,73,89,82.2,70,8,2.5,0,29.8,29.7,29.7,0
2018,5,21,91,84.3,79,77,75.1,72,94,75.5,52,9,2.1,0,29.8,29.7,29.6,0
2018,5,22,93,84.2,81,77,75,72,89,74.4,49,10,3.5,0,29.8,29.7,29.6,0
2018,5,23,90,82.7,77,77,74.6,73,94,78.4,59,13,5,0,29.8,29.7,29.7,0
2018,5,24,93,83.5,77,73,71.7,68,89,70.3,44,10,6.7,3,29.8,29.7,29.6,0
2018,5,25,91,85.2,81,77,74.2,70,84,70.8,49,13,4.7,1,29.8,29.7,29.6,0
2018,5,26,90,81.8,79,77,75.9,73,94,83.9,59,14,4,0,29.8,29.7,29.7,0
2018,5,27,90,82.8,79,77,75.5,73,94,79.9,59,8,3.4,0,29.8,29.8,29.7,0
2018,5,28,86,82.2,77,77,75.4,73,89,80.8,70,8,3.8,0,29.9,29.8,29.7,0
2018,5,29,91,84,79,77,74.5,72,89,74.3,52,9,3.1,0,29.8,29.8,29.7,0
2018,5,30,90,82.6,79,77,75,73,89,78.8,59,9,4.1,0,29.8,29.8,29.7,0
2018,5,31,88,82.4,77,77,74.4,72,89,77.9,66,16,4.2,0,29.9,29.8,29.7,0
2018,6,1,90,82.5,75,77,74.2,70,94,77.2,55,14,3.1,0,29.8,29.8,29.7,0
2018,6,2,90,80.7,73,77,73.8,72,94,80.3,62,16,3.6,0,29.9,29.8,29.7,0
2018,6,3,91,84.8,79,77,74.8,70,94,73.5,49,9,2.6,0,29.8,29.7,29.7,0
2018,6,4,95,86.7,81,77,72.8,70,89,64.3,44,10,4.4,0,29.8,29.7,29.7,0
2018,6,5,95,86.2,82,77,74.3,73,84,68.7,49,12,5.4,0,29.8,29.8,29.7,0
2018,6,6,93,87,81,79,75.3,72,89,69.4,52,10,6.2,1,29.8,29.8,29.7,0
2018,6,7,93,87.7,82,77,75.3,72,84,67.5,49,12,6.8,2,29.8,29.8,29.7,0
2018,6,8,91,85.2,75,79,73.7,68,89,69,46,14,5.6,2,29.9,29.8,29.7,0
2018,6,9,91,85.9,81,77,74.3,72,89,69.3,52,9,4.4,0,29.8,29.8,29.7,0
2018,6,10,91,86.7,82,77,75.1,72,79,69,52,14,8.6,3,29.9,29.8,29.7,0
2018,6,11,93,87.5,84,77,74.1,70,79,65.1,46,15,8.6,0,29.9,29.8,29.8,0
2018,6,12,93,87,84,77,73.9,72,74,65.3,49,13,7,0,29.9,29.8,29.7,0
2018,6,13,91,84.6,77,77,74.7,72,89,73.2,58,21,5.4,0,29.8,29.8,29.7,0
2018,6,14,93,83.6,77,77,75.1,72,94,77.2,55,14,3.3,0,29.8,29.8,29.7,0
2018,6,15,84,80.6,73,77,73.8,70,89,80.4,74,13,3.6,0,29.9,29.8,29.8,0
2018,6,16,91,85.1,79,77,75.2,72,94,73.8,52,13,5.4,0,29.8,29.8,29.7,0
2018,6,17,91,85.9,82,77,75.6,73,84,71.9,55,9,5,0,29.8,29.8,29.7,0
2018,6,18,88,83.3,77,77,74.9,72,89,76.1,62,12,5.5,0,29.8,29.8,29.7,0
2018,6,19,88,82.3,75,75,73.1,72,89,74.2,58,15,7.1,0,29.8,29.8,29.7,0
2018,6,20,86,80.2,75,77,74,70,89,82.4,66,13,3.6,0,29.9,29.8,29.8,0
2018,6,21,91,82.9,79,77,74.7,73,89,78.1,55,12,4,0,29.9,29.8,29.7,0
2018,6,22,90,84,79,77,74.2,72,89,73.7,55,10,4.3,0,29.8,29.8,29.7,0
2018,6,23,86,80.5,77,77,74.9,72,94,84.1,66,10,2.9,0,29.8,29.8,29.7,0
2018,6,24,90,81.3,77,75,72.9,72,89,77.1,55,9,4.2,0,29.9,29.8,29.7,0
2018,6,25,88,81.2,75,75,72.5,70,89,75.6,55,10,4.8,0,29.9,29.8,29.7,0
2018,6,26,84,80.4,75,73,72.5,68,89,78.2,65,12,2.7,0,29.9,29.8,29.7,0
2018,6,27,81,78.7,75,75,73.1,72,94,84,74,14,3.2,0,29.9,29.8,29.8,0
2018,6,28,91,83,77,75,72.9,70,94,72.8,49,10,4.2,0,29.9,29.8,29.7,0
2018,6,29,82,78.7,73,75,72.9,70,94,83.5,74,12,3.6,0,29.9,29.8,29.7,0
2018,6,30,88,82.8,77,75,72.8,70,89,72.6,58,10,4.7,0,29.8,29.8,29.7,0
2018,7,1,86,79.8,75,77,73.6,72,94,82.6,66,12,3.6,0,29.8,29.8,29.7,0
2018,7,2,91,82.1,77,75,74.1,72,94,78,52,10,3.2,0,29.8,29.8,29.7,0
2018,7,3,88,81.8,73,77,73.5,70,89,76.9,58,14,3.9,0,29.9,29.8,29.7,0
2018,7,4,90,84,77,75,72.4,68,94,70.1,49,9,4.3,0,29.8,29.8,29.7,0
2018,7,5,91,85.3,81,75,72.3,68,84,66.4,46,13,7.2,0,29.8,29.8,29.7,0
2018,7,6,91,84.7,81,73,71.3,68,79,64.5,49,12,8,5,29.8,29.8,29.7,0
2018,7,7,90,83.4,79,75,73,72,84,71.7,55,13,6,0,29.8,29.7,29.6,0
2018,7,8,90,84.5,79,77,73.7,70,94,71.6,52,12,6.4,0,29.8,29.7,29.7,0
2018,7,9,91,84.8,82,77,74.1,72,84,70.7,52,16,7,2,29.8,29.7,29.7,0
2018,7,10,84,81.6,75,77,73.2,72,89,75.7,66,14,6.4,0,29.8,29.8,29.7,0
2018,7,11,91,84.3,81,75,72.7,70,84,69.6,49,9,5.2,1,29.8,29.8,29.7,0
2018,7,12,93,85.5,82,75,73.5,70,79,67.8,49,10,5.9,0,29.8,29.7,29.7,0
2018,7,13,91,85.6,82,75,73.8,72,79,68.3,52,15,9.3,5,29.8,29.7,29.7,0
2018,7,14,90,83.5,75,75,72.8,68,83,70.9,59,10,6.4,0,29.8,29.7,29.7,0
2018,7,15,90,82.3,73,73,72.4,70,94,72.3,55,13,6.2,0,29.8,29.8,29.7,0
2018,7,16,93,85.3,81,75,73.4,72,84,68.6,49,14,6,0,29.8,29.7,29.7,0
2018,7,17,90,85.6,82,75,73.4,72,79,67.8,55,14,9.1,6,29.8,29.7,29.6,0
2018,7,18,90,85.3,82,77,74.2,72,79,70,55,16,10,5,29.8,29.7,29.7,0
2018,7,19,90,82.9,75,81,74.8,73,94,77.6,62,12,6.5,0,29.8,29.7,29.7,0
2018,7,20,93,85.3,77,77,74.3,70,89,71,49,10,6,0,29.8,29.8,29.7,0
2018,7,21,90,84.8,79,77,72.8,68,89,68.2,49,9,4.4,0,29.9,29.8,29.8,0
2018,7,22,91,84.4,81,77,74.7,72,89,73.5,55,9,4.8,0,29.9,29.8,29.8,0
2018,7,23,91,85.5,81,77,74.8,72,89,71.5,52,12,6.4,0,29.8,29.8,29.7,0
2018,7,24,91,85.7,82,75,74,72,79,68.7,52,13,8.5,3,29.8,29.8,29.7,0
2018,7,25,86,81.8,77,77,73,68,89,75,58,12,4.7,0,29.9,29.8,29.7,0
2018,7,26,91,83.8,77,75,72.5,70,89,69.3,52,12,5,0,29.9,29.8,29.7,0
2018,7,27,93,86.2,81,75,71.8,68,84,63.4,44,12,7.2,2,29.8,29.8,29.7,0
2018,7,28,93,86.3,82,75,72.7,68,79,64.6,46,12,8,6,29.8,29.8,29.7,0
2018,7,29,91,85.3,82,75,73.6,72,79,68.3,52,13,6.3,1,29.8,29.8,29.7,0
2018,7,30,84,81.3,75,77,73.7,72,94,78.2,66,12,5.4,0,29.8,29.8,29.7,0
2018,7,31,91,83.7,81,75,73,68,84,72.4,49,14,3.5,0,29.9,29.8,29.8,0
2018,8,1,82,80.5,79,75,73.6,72,89,80.8,70,9,4.3,0,29.9,29.8,29.8,0
2018,8,2,91,83.8,79,73,71.5,66,83,67.9,43,12,6.6,0,29.9,29.8,29.8,0
2018,8,3,90,84.4,79,75,73,72,84,69.5,55,12,6,0,29.9,29.8,29.7,0
2018,8,4,90,82.5,77,75,73.5,72,89,75.5,59,13,7.3,3,29.8,29.8,29.7,0
2018,8,5,88,83.2,79,75,73.3,72,84,73.3,58,15,6.9,0,29.9,29.8,29.7,0
2018,8,6,91,84.8,81,75,74,72,84,71.1,52,16,7.3,2,29.8,29.8,29.7,0
2018,8,7,90,84.6,82,75,73.2,72,79,69.1,55,13,8.1,3,29.8,29.7,29.6,0
2018,8,8,88,80.2,73,75,71.8,68,89,76,62,14,6.7,0,29.8,29.8,29.7,0
2018,8,9,91,84.8,81,75,73.6,70,84,70.8,49,13,5.8,0,29.9,29.8,29.7,0
2018,8,10,91,85.9,82,75,73.2,72,79,66.3,52,13,7.7,3,29.9,29.8,29.7,0
2018,8,11,95,85.3,81,75,73.7,66,84,69.4,39,10,6.6,3,29.9,29.8,29.7,0
2018,8,12,95,86.7,82,75,72.5,68,79,63.8,41,10,6.9,3,29.8,29.8,29.7,0
2018,8,13,95,87,82,77,73.3,66,84,65.5,39,10,8.5,5,29.8,29.8,29.7,0
2018,8,14,95,86.7,82,75,73.5,68,79,65.9,44,16,9.8,6,29.8,29.8,29.7,0
2018,8,15,93,86.6,82,75,73.2,70,79,64.6,46,13,9.2,6,29.8,29.8,29.7,0
2018,8,16,93,86.2,82,75,73.5,70,79,66.6,49,14,8.3,5,29.8,29.7,29.7,0
2018,8,17,90,84.5,82,75,73.3,70,79,69.4,55,14,8.5,5,29.8,29.7,29.6,0
2018,8,18,91,85.8,81,75,72.7,70,79,65.5,49,14,9.4,6,29.8,29.7,29.6,0
2018,8,19,91,85.6,82,75,72.7,68,79,65.8,52,15,9.8,6,29.8,29.7,29.7,0
2018,8,20,91,85,79,75,72.3,63,84,67.1,38,14,7.3,2,29.8,29.8,29.7,0
2018,8,21,93,85.7,82,75,73.6,72,79,67.9,49,15,7.6,2,29.8,29.7,29.7,0
2018,8,22,86,80.7,77,77,74.6,73,89,82.7,70,12,4,0,29.8,29.8,29.7,0
2018,8,23,93,84.9,79,77,72.7,66,94,69.5,43,9,4.3,0,29.9,29.8,29.7,0
2018,8,24,84,80.7,75,77,73.6,70,89,79.3,74,17,4.3,0,29.9,29.8,29.7,0
2018,8,25,93,83.3,77,73,71.9,68,89,70.2,44,14,5,0,29.8,29.8,29.7,0
2018,8,26,93,85.8,79,75,71.5,66,83,63.5,43,12,6.2,0,29.8,29.7,29.7,0
2018,8,27,91,86.8,81,75,73.1,70,79,64.2,52,13,8.2,5,29.8,29.8,29.7,0
2018,8,28,93,83.9,79,77,73.5,70,89,72.7,52,10,4.3,0,29.9,29.8,29.7,0
2018,8,29,88,83.5,81,77,73.5,70,89,72.8,58,10,5.7,0,29.9,29.8,29.7,0
2018,8,30,91,84.6,79,73,72.2,70,83,68,49,13,5.4,0,29.9,29.8,29.7,0
2018,8,31,91,82.2,77,75,73.3,70,89,75.4,52,12,5.1,0,29.9,29.8,29.8,0
2018,9,1,91,81.6,77,75,72.2,68,89,75.6,46,10,2.6,0,29.9,29.8,29.8,0
2018,9,2,86,80.9,77,75,73.6,72,94,79.5,66,12,2.7,0,29.9,29.8,29.7,0
2018,9,3,88,81.9,77,75,72.4,68,89,73.9,58,16,5.8,0,29.9,29.8,29.7,0
2018,9,4,81,77.5,72,77,73.2,70,100,87.1,74,14,3.4,1,29.9,29.8,29.8,0
2018,9,5,86,80.4,75,75,73.1,72,94,79.3,62,9,3.4,0,29.9,29.8,29.7,0
2018,9,6,91,82.6,77,75,72.9,70,94,74.1,52,12,4.1,0,29.9,29.8,29.7,0
2018,9,7,84,79.3,75,77,75.2,72,100,88.3,74,16,4,0,29.8,29.8,29.7,0
2018,9,8,86,79.8,75,79,74.4,72,100,84.9,62,12,4.5,0,29.9,29.8,29.7,0
2018,9,9,86,81,77,77,74.1,72,94,80.5,62,16,4.9,0,29.9,29.8,29.8,0
2018,9,10,88,80.2,77,75,73.4,72,94,81.1,58,13,4.4,0,29.9,29.8,29.8,0
2018,9,11,86,80.2,77,75,73.3,72,94,80.4,66,10,3.5,0,29.9,29.9,29.8,0
2018,9,12,88,81.8,77,75,73,72,94,75.9,62,13,6.7,1,29.9,29.8,29.7,0
2018,9,13,91,83.9,77,77,71.8,64,94,69.8,43,10,4.6,0,29.9,29.8,29.7,0
2018,9,14,90,84.4,79,75,72.8,70,89,69.1,55,14,7,0,29.8,29.8,29.7,0
2018,9,15,88,83.8,81,73,71.9,68,79,68,52,12,6.4,3,29.8,29.8,29.7,0
2018,9,16,86,83.7,81,73,71.3,68,79,66.1,55,15,7.5,2,29.8,29.7,29.7,0
2018,9,17,91,84.7,81,73,71,64,79,64.5,43,13,8.1,3,29.8,29.7,29.7,0
2018,9,18,88,80.3,72,79,73.1,70,100,79.6,62,20,5.7,1,29.9,29.8,29.7,0
2018,9,19,90,78.3,73,75,73.5,70,100,86.9,52,18,5.2,1,29.9,29.8,29.7,0
2018,9,20,90,79.1,73,77,74,70,100,85.4,62,12,4.3,0,29.8,29.8,29.7,0
2018,9,21,88,78.3,73,75,73.3,70,94,85.3,62,8,2.7,0,29.9,29.8,29.8,0
2018,9,22,90,80.3,77,77,74,72,94,82.7,59,13,4.3,1,29.9,29.8,29.8,0
2018,9,23,91,83,75,77,72.9,68,100,73.9,46,12,4.9,0,29.9,29.8,29.8,0
2018,9,24,91,84.2,77,77,73.6,68,94,72,49,9,4.9,1,29.9,29.8,29.7,0
2018,9,25,91,84.8,79,77,73.7,70,89,71.1,49,9,5.4,1,29.9,29.8,29.7,0
2018,9,26,90,83.4,79,75,73.6,72,89,73.9,55,13,5.3,0,29.9,29.8,29.7,0
2018,9,27,91,84.8,79,77,74.1,70,94,72.1,49,10,5.5,0,29.9,29.8,29.7,0
2018,9,28,91,85.6,81,77,73.1,68,84,67.3,46,9,5.8,2,29.8,29.8,29.7,0
2018,9,29,91,85.5,81,75,73.2,70,84,67.5,49,10,5.9,0,29.8,29.7,29.7,0
2018,9,30,91,85,81,75,73.6,70,84,69.3,52,13,6.8,3,29.8,29.7,29.7,0
2018,10,1,91,85.3,81,75,73,66,84,67.8,49,14,6.8,2,29.8,29.8,29.7,0
2018,10,2,91,85.1,79,77,73,68,89,68.4,46,10,5.5,1,29.8,29.8,29.7,0
2018,10,3,91,85.4,81,75,73.1,68,84,67.6,49,12,4.8,1,29.8,29.8,29.7,0
2018,10,4,93,86.4,82,77,73,68,79,64.9,46,13,8,2,29.8,29.8,29.7,0
2018,10,5,93,86.1,81,77,71.6,59,89,64.5,36,12,5.9,1,29.8,29.8,29.7,0
2018,10,6,93,82.1,77,77,74.5,72,94,79.3,49,23,8,1,29.9,29.8,29.7,0
2018,10,7,88,81.4,77,77,74.4,73,94,80.8,62,12,4.3,2,29.9,29.8,29.7,0
2018,10,8,88,80.9,77,77,74.6,72,94,83,58,7,2.9,0,29.9,29.8,29.7,0
2018,10,9,84,79.1,75,79,74.8,73,100,87.8,70,7,3,1,29.8,29.8,29.7,0
2018,10,10,90,78.6,75,77,74.7,72,100,89.2,59,10,4.2,1,29.8,29.8,29.7,0
2018,10,11,90,80,77,77,74.8,72,100,85.7,58,16,4.3,0,29.9,29.8,29.7,0
2018,10,12,86,79.9,77,77,74,72,94,83.7,66,12,4.7,0,29.9,29.8,29.8,0
2018,10,13,84,80.5,75,77,74.7,72,94,83.5,70,8,2.6,0,29.9,29.8,29.8,0
2018,10,14,81,78.4,75,77,74.8,72,94,89.9,83,9,2.5,1,29.9,29.9,29.8,0
2018,10,15,91,82.7,77,75,73.7,70,94,76.6,52,10,4,0,29.9,29.8,29.8,0
2018,10,16,90,81.8,77,77,74,70,94,79.3,52,15,4.1,1,29.9,29.8,29.8,0
2018,10,17,86,80.1,73,81,74.7,73,100,85,66,14,3.2,1,29.9,29.8,29.7,0
2018,10,18,84,79.6,75,77,73,72,89,80.8,66,7,3.6,0,29.9,29.8,29.8,0
2018,10,19,90,81.9,75,75,73.3,70,94,76.8,55,8,4,1,29.9,29.8,29.7,0
2018,10,20,91,83.8,79,77,74.4,72,89,75,55,9,4.1,1,29.9,29.8,29.7,0
2018,10,21,91,84.2,81,77,74.9,72,89,75,52,13,4.6,1,29.9,29.8,29.8,0
2018,10,22,91,83.8,77,75,73.3,68,89,72.6,46,14,5.3,1,29.9,29.8,29.7,0
2018,10,23,90,80.2,72,77,74.1,72,100,83.3,55,16,4,1,29.9,29.8,29.8,0
2018,10,24,90,81.1,77,75,74.1,73,94,80.9,62,12,3.8,1,29.9,29.8,29.8,0
2018,10,25,88,79.5,75,79,74.5,72,100,85.9,62,13,3.1,1,29.9,29.8,29.8,0
2018,10,26,91,82.4,77,77,74.4,72,94,78.5,55,12,3.6,0,29.9,29.8,29.8,0
2018,10,27,86,81.8,77,79,75.2,73,94,81.2,66,9,3,0,29.9,29.8,29.8,0
2018,10,28,90,80.6,77,77,75.7,73,94,86.3,62,17,3.6,1,29.9,29.8,29.7,0
2018,10,29,90,80.2,75,79,75.6,73,100,87.1,59,10,3.2,1,29.8,29.7,29.7,0
2018,10,30,91,81.1,75,79,75.7,72,100,84.9,55,8,3.4,0,29.8,29.7,29.7,0
2018,10,31,88,81.1,77,75,74.3,73,94,81.4,62,13,5.7,1,29.8,29.8,29.7,0
2018,11,1,82,79.8,77,75,74.4,73,89,85.2,74,15,4.6,0,29.8,29.8,29.7,0
2018,11,2,86,79.9,77,77,73.6,70,94,82.7,58,13,4.3,1,29.9,29.8,29.7,0
2018,11,3,86,80,77,77,75.6,72,100,87.3,62,9,2.9,0,29.9,29.8,29.7,0
2018,11,4,90,81.7,77,77,76,73,100,84.3,62,8,3.9,1,29.9,29.8,29.7,0
2018,11,5,90,81.1,77,77,75.3,72,100,84.4,55,7,2.9,1,29.8,29.8,29.7,0
2018,11,6,91,79.9,75,77,74.4,73,94,85.1,55,9,3.5,0,29.8,29.7,29.7,0
2018,11,7,90,82,77,77,74.6,72,94,80.2,55,8,4,1,29.8,29.8,29.7,0
2018,11,8,91,81.3,75,77,74.2,73,100,80.9,55,12,4.6,1,29.8,29.7,29.6,0
2018,11,9,84,80.6,79,77,75.5,75,94,85.7,74,6,3.3,1,29.8,29.7,29.7,0
2018,11,10,91,81.5,77,75,74.5,73,94,81.4,59,9,3.1,1,29.8,29.8,29.7,0
2018,11,11,88,79.5,75,77,74.7,70,100,86.2,66,9,3.1,1,29.8,29.8,29.7,0
2018,11,12,79,78.3,77,77,77,77,100,96,94,2,1,0,29.8,29.8,29.8,0
2018,11,13,88,80.6,75,77,74.2,72,94,82.4,62,6,3.2,1,29.8,29.7,29.7,0
2018,11,14,88,81.2,75,77,74.5,70,94,81.4,58,7,2.9,1,29.8,29.7,29.7,0
2018,11,15,86,79.6,75,77,75.1,73,94,87.5,70,22,4.5,1,29.9,29.8,29.7,0
2018,11,16,90,82,77,77,75.3,73,94,81.5,62,8,3.3,1,29.9,29.8,29.7,0
2018,11,17,88,79.9,72,77,74.6,72,100,85.4,58,23,4.4,0,29.9,29.8,29.7,0
2018,11,18,86,79.6,75,77,74.7,73,94,86,74,8,3.1,1,29.9,29.8,29.8,0
2018,11,19,88,79.2,75,77,74.4,72,100,86.7,58,13,3.1,0,29.9,29.8,29.8,0
2018,11,20,90,80.6,75,77,74.4,73,100,83.4,62,8,3.2,0,29.9,29.8,29.7,0
2018,11,21,86,79,73,77,74.1,72,100,86,70,17,5.3,1,29.9,29.8,29.7,0
2018,11,22,86,79.7,73,77,74.7,72,100,85.8,66,10,4.5,1,29.9,29.8,29.7,0
2018,11,23,90,81.6,77,77,74.9,72,94,81.8,58,12,4.7,0,29.9,29.8,29.8,0
2018,11,24,91,83,79,77,74.1,72,89,76.5,55,8,3.4,1,29.9,29.8,29.7,0
2018,11,25,88,81.5,75,77,74.8,72,94,81.5,62,9,2.8,0,29.9,29.8,29.7,0
2018,11,26,90,81.9,75,81,75.3,72,94,81.7,55,12,3.9,1,29.9,29.8,29.7,0
2018,11,27,84,80.9,77,77,74.6,72,89,82.3,70,14,4.5,2,29.9,29.8,29.8,0
2018,11,28,88,81.5,79,77,75.5,75,94,83,66,13,4.6,0,29.9,29.8,29.7,0
2018,11,29,86,80.9,77,77,75.9,73,94,85.5,70,13,4.2,0,29.9,29.8,29.7,0
2018,11,30,86,81.7,79,77,75.8,75,94,83.3,70,12,4.7,1,29.9,29.8,29.8,0
2018,12,1,86,79.9,77,77,75.9,75,100,88.5,70,16,5,1,29.9,29.8,29.7,0
2018,12,2,88,80.6,75,77,75.2,73,100,85.1,62,13,5.1,1,29.8,29.7,29.7,0
2018,12,3,86,80,77,79,75.9,75,100,88.3,70,8,2.7,1,29.8,29.8,29.7,0
2018,12,4,88,81.9,77,79,75.5,73,94,82.2,66,12,4.3,0,29.8,29.8,29.7,0
2018,12,5,88,80.6,77,77,76.3,75,94,87.7,66,10,3.7,1,29.8,29.7,29.7,0
2018,12,6,86,80.3,77,77,76,73,100,87.7,70,8,2.9,0,29.8,29.7,29.6,0
2018,12,7,88,81.2,77,77,75.3,73,94,83.3,66,5,2.8,1,29.8,29.7,29.7,0
2018,12,8,88,80.5,75,77,75.1,73,100,85,62,15,3.8,1,29.8,29.8,29.7,0
2018,12,9,88,82.5,77,79,76.3,73,100,82.7,62,14,4.2,1,29.8,29.8,29.7,0
2018,12,10,88,81.8,77,77,76,73,94,83.9,62,14,4.1,1,29.8,29.8,29.7,0
2018,12,11,90,78.9,75,77,75.4,75,100,90.2,62,8,3.9,1,29.8,29.8,29.7,0
2018,12,12,88,80.5,77,77,75.2,73,100,85.4,66,14,3.4,1,29.9,29.8,29.7,0
2018,12,13,82,79.6,77,77,75.2,73,94,87.8,79,12,4.7,0,29.9,29.8,29.7,0
2018,12,14,84,80.4,77,75,73.9,72,94,81.9,66,12,5.4,1,29.9,29.8,29.8,0
2018,12,15,88,79.6,75,75,74.4,73,100,85.4,66,7,3.3,1,29.9,29.8,29.7,0
2018,12,16,90,79.2,75,77,74.5,73,100,87.2,59,13,4.2,0,29.9,29.8,29.8,0
2018,12,17,88,81.2,77,77,74.2,72,94,80.6,66,13,4.7,1,29.9,29.8,29.8,0
2018,12,18,90,82.7,79,75,74.8,73,89,78.6,59,9,5.2,1,29.9,29.8,29.8,0
2018,12,19,90,81.5,75,77,75.3,73,94,83.2,59,10,4.1,1,29.9,29.8,29.8,0
2018,12,20,90,80.4,73,77,74.4,70,100,83.8,55,15,4.9,1,29.9,29.8,29.7,0
2018,12,21,90,81.9,77,79,76.7,75,100,85,66,13,6.5,1,29.9,29.8,29.7,0
2018,12,22,90,82.7,79,77,75.7,73,94,80.7,62,15,6.7,1,29.8,29.8,29.7,0
2018,12,23,90,81.5,77,77,74.4,70,94,81.4,52,8,2.8,0,29.9,29.8,29.7,0
2018,12,24,90,82.4,77,77,75,72,94,79.7,58,9,4,1,29.8,29.8,29.7,0
2018,12,25,90,82.6,77,77,75.3,70,94,79.9,59,14,3.5,1,29.8,29.8,29.7,0
2018,12,26,90,82.6,73,75,73.8,72,94,76.5,55,8,4.3,1,29.8,29.8,29.7,0
2018,12,27,86,82,79,75,74.2,72,89,78,62,7,4,1,29.8,29.8,29.7,0
2018,12,28,91,84.8,79,75,73.2,70,89,69.6,49,8,5,2,29.8,29.8,29.7,0
2018,12,29,88,82.6,77,77,75,70,89,78.4,66,6,3.2,1,29.9,29.8,29.7,0
2018,12,30,91,83.3,79,77,75.1,70,89,78.1,49,12,4.7,1,29.9,29.8,29.7,0
2018,12,31,88,80.8,75,77,75.6,73,100,86.1,62,13,5.7,1,29.9,29.8,29.8,0
