date,tavg,tmin,tmax,prcp,snow,wdir,wspd,wpgt,pres,tsun
2020-01-01 00:00:00,,,,,,,,,,
2020-01-02 00:00:00,,,,,,,,,,
2020-01-03 00:00:00,,,,,,,,,,
2020-01-04 00:00:00,,,,,,,,,,
2020-01-05 00:00:00,,,,,,,,,,
2020-01-06 00:00:00,,,,,,,,,,
2020-01-07 00:00:00,,,,,,,,,,
2020-01-08 00:00:00,,,,,,,,,,
2020-01-09 00:00:00,,,,,,,,,,
2020-01-10 00:00:00,,,,,,,,,,
2020-01-11 00:00:00,,,,,,,,,,
2020-01-12 00:00:00,,,,,,,,,,
2020-01-13 00:00:00,,,,,,,,,,
2020-01-14 00:00:00,,,,,,,,,,
2020-01-15 00:00:00,,,,,,,,,,
2020-01-16 00:00:00,,,,,,,,,,
2020-01-17 00:00:00,,,,,,,,,,
2020-01-18 00:00:00,,,,,,,,,,
2020-01-19 00:00:00,,,,,,,,,,
2020-01-20 00:00:00,,,,,,,,,,
2020-01-21 00:00:00,,,,,,,,,,
2020-01-22 00:00:00,,,,,,,,,,
2020-01-23 00:00:00,,,,,,,,,,
2020-01-24 00:00:00,,,,,,,,,,
2020-01-25 00:00:00,,,,,,,,,,
2020-01-26 00:00:00,,,,,,,,,,
2020-01-27 00:00:00,,,,,,,,,,
2020-01-28 00:00:00,,,,,,,,,,
2020-01-29 00:00:00,,,,,,,,,,
2020-01-30 00:00:00,,,,,,,,,,
2020-01-31 00:00:00,,,,,,,,,,
2020-02-01 00:00:00,,,,,,,,,,
2020-02-02 00:00:00,,,,,,,,,,
2020-02-03 00:00:00,,,,,,,,,,
2020-02-04 00:00:00,,,,,,,,,,
2020-02-05 00:00:00,,,,,,,,,,
2020-02-06 00:00:00,,,,,,,,,,
2020-02-07 00:00:00,,,,,,,,,,
2020-02-08 00:00:00,,,,,,,,,,
2020-02-09 00:00:00,,,,,,,,,,
2020-02-10 00:00:00,,,,,,,,,,
2020-02-11 00:00:00,,,,,,,,,,
2020-02-12 00:00:00,,,,,,,,,,
2020-02-13 00:00:00,,,,,,,,,,
2020-02-14 00:00:00,,,,,,,,,,
2020-02-15 00:00:00,,,,,,,,,,
2020-02-16 00:00:00,,,,,,,,,,
2020-02-17 00:00:00,,,,,,,,,,
2020-02-18 00:00:00,,,,,,,,,,
2020-02-19 00:00:00,,,,,,,,,,
2020-02-20 00:00:00,,,,,,,,,,
2020-02-21 00:00:00,,,,,,,,,,
2020-02-22 00:00:00,,,,,,,,,,
2020-02-23 00:00:00,,,,,,,,,,
2020-02-24 00:00:00,,,,,,,,,,
2020-02-25 00:00:00,,,,,,,,,,
2020-02-26 00:00:00,,,,,,,,,,
2020-02-27 00:00:00,,,,,,,,,,
2020-02-28 00:00:00,,,,,,,,,,
2020-02-29 00:00:00,,,,,,,,,,
2020-03-01 00:00:00,,,,,,,,,,
2020-03-02 00:00:00,,,,,,,,,,
2020-03-03 00:00:00,,,,,,,,,,
2020-03-04 00:00:00,,,,,,,,,,
2020-03-05 00:00:00,,,,,,,,,,
2020-03-06 00:00:00,,,,,,,,,,
2020-03-07 00:00:00,,,,,,,,,,
2020-03-08 00:00:00,,,,,,,,,,
2020-03-09 00:00:00,,,,,,,,,,
2020-03-10 00:00:00,,,,,,,,,,
2020-03-11 00:00:00,,,,,,,,,,
2020-03-12 00:00:00,,,,,,,,,,
2020-03-13 00:00:00,,,,,,,,,,
2020-03-14 00:00:00,,,,,,,,,,
2020-03-15 00:00:00,,,,,,,,,,
2020-03-16 00:00:00,,,,,,,,,,
2020-03-17 00:00:00,,,,,,,,,,
2020-03-18 00:00:00,,,,,,,,,,
2020-03-19 00:00:00,,,,,,,,,,
2020-03-20 00:00:00,,,,,,,,,,
2020-03-21 00:00:00,,,,,,,,,,
2020-03-22 00:00:00,,,,,,,,,,
2020-03-23 00:00:00,,,,,,,,,,
2020-03-24 00:00:00,,,,,,,,,,
2020-03-25 00:00:00,,,,,,,,,,
2020-03-26 00:00:00,,,,,,,,,,
2020-03-27 00:00:00,,,,,,,,,,
2020-03-28 00:00:00,,,,,,,,,,
2020-03-29 00:00:00,,,,,,,,,,
2020-03-30 00:00:00,,,,,,,,,,
2020-03-31 00:00:00,,,,,,,,,,
2020-04-01 00:00:00,,,,,,,,,,
2020-04-02 00:00:00,,,,,,,,,,
2020-04-03 00:00:00,,,,,,,,,,
2020-04-04 00:00:00,,,,,,,,,,
2020-04-05 00:00:00,,,,,,,,,,
2020-04-06 00:00:00,,,,,,,,,,
2020-04-07 00:00:00,,,,,,,,,,
2020-04-08 00:00:00,,,,,,,,,,
2020-04-09 00:00:00,,,,,,,,,,
2020-04-10 00:00:00,,,,,,,,,,
2020-04-11 00:00:00,,,,,,,,,,
2020-04-12 00:00:00,,,,,,,,,,
2020-04-13 00:00:00,,,,,,,,,,
2020-04-14 00:00:00,,,,,,,,,,
2020-04-15 00:00:00,,,,,,,,,,
2020-04-16 00:00:00,,,,,,,,,,
2020-04-17 00:00:00,,,,,,,,,,
2020-04-18 00:00:00,,,,,,,,,,
2020-04-19 00:00:00,,,,,,,,,,
2020-04-20 00:00:00,,,,,,,,,,
2020-04-21 00:00:00,,,,,,,,,,
2020-04-22 00:00:00,,,,,,,,,,
2020-04-23 00:00:00,,,,,,,,,,
2020-04-24 00:00:00,,,,,,,,,,
2020-04-25 00:00:00,,,,,,,,,,
2020-04-26 00:00:00,,,,,,,,,,
2020-04-27 00:00:00,,,,,,,,,,
2020-04-28 00:00:00,,,,,,,,,,
2020-04-29 00:00:00,,,,,,,,,,
2020-04-30 00:00:00,,,,,,,,,,
2020-05-01 00:00:00,,,,,,,,,,
2020-05-02 00:00:00,,,,,,,,,,
2020-05-03 00:00:00,,,,,,,,,,
2020-05-04 00:00:00,,,,,,,,,,
2020-05-05 00:00:00,,,,,,,,,,
2020-05-06 00:00:00,,,,,,,,,,
2020-05-07 00:00:00,,,,,,,,,,
2020-05-08 00:00:00,,,,,,,,,,
2020-05-09 00:00:00,,,,,,,,,,
2020-05-10 00:00:00,,,,,,,,,,
2020-05-11 00:00:00,,,,,,,,,,
2020-05-12 00:00:00,,,,,,,,,,
2020-05-13 00:00:00,,,,,,,,,,
2020-05-14 00:00:00,,,,,,,,,,
2020-05-15 00:00:00,,,,,,,,,,
2020-05-16 00:00:00,,,,,,,,,,
2020-05-17 00:00:00,,,,,,,,,,
2020-05-18 00:00:00,,,,,,,,,,
2020-05-19 00:00:00,,,,,,,,,,
2020-05-20 00:00:00,,,,,,,,,,
2020-05-21 00:00:00,,,,,,,,,,
2020-05-22 00:00:00,,,,,,,,,,
2020-05-23 00:00:00,,,,,,,,,,
2020-05-24 00:00:00,,,,,,,,,,
2020-05-25 00:00:00,,,,,,,,,,
2020-05-26 00:00:00,,,,,,,,,,
2020-05-27 00:00:00,,,,,,,,,,
2020-05-28 00:00:00,,,,,,,,,,
2020-05-29 00:00:00,,,,,,,,,,
2020-05-30 00:00:00,,,,,,,,,,
2020-05-31 00:00:00,,,,,,,,,,
2020-06-01 00:00:00,,,,,,,,,,
2020-06-02 00:00:00,,,,,,,,,,
2020-06-03 00:00:00,,,,,,,,,,
2020-06-04 00:00:00,,,,,,,,,,
2020-06-05 00:00:00,,,,,,,,,,
2020-06-06 00:00:00,,,,,,,,,,
2020-06-07 00:00:00,,,,,,,,,,
2020-06-08 00:00:00,,,,,,,,,,
2020-06-09 00:00:00,,,,,,,,,,
2020-06-10 00:00:00,,,,,,,,,,
2020-06-11 00:00:00,,,,,,,,,,
2020-06-12 00:00:00,,,,,,,,,,
2020-06-13 00:00:00,,,,,,,,,,
2020-06-14 00:00:00,,,,,,,,,,
2020-06-15 00:00:00,,,,,,,,,,
2020-06-16 00:00:00,,,,,,,,,,
2020-06-17 00:00:00,,,,,,,,,,
2020-06-18 00:00:00,,,,,,,,,,
2020-06-19 00:00:00,,,,,,,,,,
2020-06-20 00:00:00,,,,,,,,,,
2020-06-21 00:00:00,,,,,,,,,,
2020-06-22 00:00:00,,,,,,,,,,
2020-06-23 00:00:00,,,,,,,,,,
2020-06-24 00:00:00,,,,,,,,,,
2020-06-25 00:00:00,,,,,,,,,,
2020-06-26 00:00:00,,,,,,,,,,
2020-06-27 00:00:00,,,,,,,,,,
2020-06-28 00:00:00,,,,,,,,,,
2020-06-29 00:00:00,,,,,,,,,,
2020-06-30 00:00:00,,,,,,,,,,
2020-07-01 00:00:00,,,,,,,,,,
2020-07-02 00:00:00,,,,,,,,,,
2020-07-03 00:00:00,,,,,,,,,,
2020-07-04 00:00:00,,,,,,,,,,
2020-07-05 00:00:00,,,,,,,,,,
2020-07-06 00:00:00,,,,,,,,,,
2020-07-07 00:00:00,,,,,,,,,,
2020-07-08 00:00:00,,,,,,,,,,
2020-07-09 00:00:00,,,,,,,,,,
2020-07-10 00:00:00,,,,,,,,,,
2020-07-11 00:00:00,,,,,,,,,,
2020-07-12 00:00:00,,,,,,,,,,
2020-07-13 00:00:00,,,,,,,,,,
2020-07-14 00:00:00,,,,,,,,,,
2020-07-15 00:00:00,,,,,,,,,,
2020-07-16 00:00:00,,,,,,,,,,
2020-07-17 00:00:00,,,,,,,,,,
2020-07-18 00:00:00,,,,,,,,,,
2020-07-19 00:00:00,,,,,,,,,,
2020-07-20 00:00:00,,,,,,,,,,
2020-07-21 00:00:00,,,,,,,,,,
2020-07-22 00:00:00,,,,,,,,,,
2020-07-23 00:00:00,,,,,,,,,,
2020-07-24 00:00:00,,,,,,,,,,
2020-07-25 00:00:00,,,,,,,,,,
2020-07-26 00:00:00,,,,,,,,,,
2020-07-27 00:00:00,,,,,,,,,,
2020-07-28 00:00:00,,,,,,,,,,
2020-07-29 00:00:00,,,,,,,,,,
2020-07-30 00:00:00,,,,,,,,,,
2020-07-31 00:00:00,,,,,,,,,,
2020-08-01 00:00:00,,,,,,,,,,
2020-08-02 00:00:00,,,,,,,,,,
2020-08-03 00:00:00,,,,,,,,,,
2020-08-04 00:00:00,,,,,,,,,,
2020-08-05 00:00:00,,,,,,,,,,
2020-08-06 00:00:00,,,,,,,,,,
2020-08-07 00:00:00,,,,,,,,,,
2020-08-08 00:00:00,,,,,,,,,,
2020-08-09 00:00:00,,,,,,,,,,
2020-08-10 00:00:00,,,,,,,,,,
2020-08-11 00:00:00,,,,,,,,,,
2020-08-12 00:00:00,,,,,,,,,,
2020-08-13 00:00:00,,,,,,,,,,
2020-08-14 00:00:00,,,,,,,,,,
2020-08-15 00:00:00,,,,,,,,,,
2020-08-16 00:00:00,,,,,,,,,,
2020-08-17 00:00:00,,,,,,,,,,
2020-08-18 00:00:00,,,,,,,,,,
2020-08-19 00:00:00,,,,,,,,,,
2020-08-20 00:00:00,,,,,,,,,,
2020-08-21 00:00:00,,,,,,,,,,
2020-08-22 00:00:00,,,,,,,,,,
2020-08-23 00:00:00,,,,,,,,,,
2020-08-24 00:00:00,,,,,,,,,,
2020-08-25 00:00:00,,,,,,,,,,
2020-08-26 00:00:00,,,,,,,,,,
2020-08-27 00:00:00,,,,,,,,,,
2020-08-28 00:00:00,,,,,,,,,,
2020-08-29 00:00:00,,,,,,,,,,
2020-08-30 00:00:00,,,,,,,,,,
2020-08-31 00:00:00,,,,,,,,,,
2020-09-01 00:00:00,,,,,,,,,,
2020-09-02 00:00:00,,,,,,,,,,
2020-09-03 00:00:00,,,,,,,,,,
2020-09-04 00:00:00,,,,,,,,,,
2020-09-05 00:00:00,,,,,,,,,,
2020-09-06 00:00:00,,,,,,,,,,
2020-09-07 00:00:00,,,,,,,,,,
2020-09-08 00:00:00,,,,,,,,,,
2020-09-09 00:00:00,,,,,,,,,,
2020-09-10 00:00:00,,,,,,,,,,
2020-09-11 00:00:00,,,,,,,,,,
2020-09-12 00:00:00,,,,,,,,,,
2020-09-13 00:00:00,,,,,,,,,,
2020-09-14 00:00:00,,,,,,,,,,
2020-09-15 00:00:00,,,,,,,,,,
2020-09-16 00:00:00,,,,,,,,,,
2020-09-17 00:00:00,,,,,,,,,,
2020-09-18 00:00:00,29.1,26.6,32.6,,,314,4.3,,1001.3,
2020-09-19 00:00:00,,,,,,,,,,
2020-09-20 00:00:00,,,,,,,,,,
2020-09-21 00:00:00,,,,,,,,,,
2020-09-22 00:00:00,,,,,,,,,,
2020-09-23 00:00:00,,,,,,,,,,
2020-09-24 00:00:00,,,,,,,,,,
2020-09-25 00:00:00,,,,,,,,,,
2020-09-26 00:00:00,,,,,,,,,,
2020-09-27 00:00:00,,,,,,,,,,
2020-09-28 00:00:00,,,,,,,,,,
2020-09-29 00:00:00,,,,,,,,,,
2020-09-30 00:00:00,,,,,,,,,,
2020-10-01 00:00:00,,,,,,,,,,
2020-10-02 00:00:00,,,,,,,,,,
2020-10-03 00:00:00,,,,,,,,,,
2020-10-04 00:00:00,,,,,,,,,,
2020-10-05 00:00:00,,,,,,,,,,
2020-10-06 00:00:00,,,,,,,,,,
2020-10-07 00:00:00,,,,,,,,,,
2020-10-08 00:00:00,,,,,,,,,,
2020-10-09 00:00:00,,,,,,,,,,
2020-10-10 00:00:00,,,,,,,,,,
2020-10-11 00:00:00,,,,,,,,,,
2020-10-12 00:00:00,,,,,,,,,,
2020-10-13 00:00:00,,,,,,,,,,
2020-10-14 00:00:00,,,,,,,,,,
2020-10-15 00:00:00,,,,,,,,,,
2020-10-16 00:00:00,,,,,,,,,,
2020-10-17 00:00:00,,,,,,,,,,
2020-10-18 00:00:00,,,,,,,,,,
2020-10-19 00:00:00,,,,,,,,,,
2020-10-20 00:00:00,,,,,,,,,,
2020-10-21 00:00:00,,,,,,,,,,
2020-10-22 00:00:00,,,,,,,,,,
2020-10-23 00:00:00,,,,,,,,,,
2020-10-24 00:00:00,,,,,,,,,,
2020-10-25 00:00:00,,,,,,,,,,
2020-10-26 00:00:00,,,,,,,,,,
2020-10-27 00:00:00,,,,,,,,,,
2020-10-28 00:00:00,,,,,,,,,,
2020-10-29 00:00:00,,,,,,,,,,
2020-10-30 00:00:00,,,,,,,,,,
2020-10-31 00:00:00,,,,,,,,,,
2020-11-01 00:00:00,,,,,,,,,,
2020-11-02 00:00:00,,,,,,,,,,
2020-11-03 00:00:00,,,,,,,,,,
2020-11-04 00:00:00,,,,,,,,,,
2020-11-05 00:00:00,,,,,,,,,,
2020-11-06 00:00:00,,,,,,,,,,
2020-11-07 00:00:00,,,,,,,,,,
2020-11-08 00:00:00,,,,,,,,,,
2020-11-09 00:00:00,,,,,,,,,,
2020-11-10 00:00:00,,,,,,,,,,
2020-11-11 00:00:00,,,,,,,,,,
2020-11-12 00:00:00,,,,,,,,,,
2020-11-13 00:00:00,,,,,,,,,,
2020-11-14 00:00:00,,,,,,,,,,
2020-11-15 00:00:00,,,,,,,,,,
2020-11-16 00:00:00,,,,,,,,,,
2020-11-17 00:00:00,,,,,,,,,,
2020-11-18 00:00:00,,,,,,,,,,
2020-11-19 00:00:00,,,,,,,,,,
2020-11-20 00:00:00,,,,,,,,,,
2020-11-21 00:00:00,,,,,,,,,,
2020-11-22 00:00:00,,,,,,,,,,
2020-11-23 00:00:00,,,,,,,,,,
2020-11-24 00:00:00,,,,,,,,,,
2020-11-25 00:00:00,,,,,,,,,,
2020-11-26 00:00:00,,,,,,,,,,
2020-11-27 00:00:00,,,,,,,,,,
2020-11-28 00:00:00,,,,,,,,,,
2020-11-29 00:00:00,,,,,,,,,,
2020-11-30 00:00:00,,,,,,,,,,
2020-12-01 00:00:00,,,,,,,,,,
2020-12-02 00:00:00,,,,,,,,,,
2020-12-03 00:00:00,,,,,,,,,,
2020-12-04 00:00:00,,,,,,,,,,
2020-12-05 00:00:00,,,,,,,,,,
2020-12-06 00:00:00,,,,,,,,,,
2020-12-07 00:00:00,,,,,,,,,,
2020-12-08 00:00:00,,,,,,,,,,
2020-12-09 00:00:00,,,,,,,,,,
2020-12-10 00:00:00,,,,,,,,,,
2020-12-11 00:00:00,,,,,,,,,,
2020-12-12 00:00:00,,,,,,,,,,
2020-12-13 00:00:00,,,,,,,,,,
2020-12-14 00:00:00,,,,,,,,,,
2020-12-15 00:00:00,,,,,,,,,,
2020-12-16 00:00:00,,,,,,,,,,
2020-12-17 00:00:00,,,,,,,,,,
2020-12-18 00:00:00,,,,,,,,,,
2020-12-19 00:00:00,,,,,,,,,,
2020-12-20 00:00:00,,,,,,,,,,
2020-12-21 00:00:00,,,,,,,,,,
2020-12-22 00:00:00,,,,,,,,,,
2020-12-23 00:00:00,,,,,,,,,,
2020-12-24 00:00:00,,,,,,,,,,
2020-12-25 00:00:00,,,,,,,,,,
2020-12-26 00:00:00,,,,,,,,,,
2020-12-27 00:00:00,,,,,,,,,,
2020-12-28 00:00:00,,,,,,,,,,
2020-12-29 00:00:00,,,,,,,,,,
2020-12-30 00:00:00,,,,,,,,,,
2020-12-31 00:00:00,,,,,,,,,,
2021-01-01 00:00:00,,,,,,,,,,
2021-01-02 00:00:00,20.4,13.8,27.8,0,,3,3.8,,1015.9,
2021-01-03 00:00:00,20.8,14.1,30,0,,356,4.3,,1014.3,
2021-01-04 00:00:00,22,15.1,30.7,0,,351,5.2,,1014.4,
2021-01-05 00:00:00,23.9,17.1,32.2,0,,334,4.1,,1013.4,
2021-01-06 00:00:00,25.7,20.4,33.1,0,,11,3.1,,1011.5,
2021-01-07 00:00:00,26.4,21.8,33,0,,95,3.2,,1010.5,
2021-01-08 00:00:00,26.7,23.4,31.5,0,,100,5.5,,1011.4,
2021-01-09 00:00:00,24.2,20.8,28.5,0,,144,5.9,,1013.2,
2021-01-10 00:00:00,23,17.9,29.1,0,,118,4.5,,1013,
2021-01-11 00:00:00,23.7,18.1,29.7,0,,103,6.1,,1014.5,
2021-01-12 00:00:00,20.7,17.9,23.9,0,,36,6.5,,1017.7,
2021-01-13 00:00:00,19.1,13.9,26,0,,2,5,,1015.8,
2021-01-14 00:00:00,20.8,14.6,28.9,0,,343,4.5,,1013.3,
2021-01-15 00:00:00,22.2,16.3,30.2,0,,49,3.8,,1010.8,
2021-01-16 00:00:00,23,17,31,0,,71,3.9,,1010.1,
2021-01-17 00:00:00,24.3,18.7,30.8,0,,66,5.3,,1013.2,
2021-01-18 00:00:00,23.1,19.8,28.5,0,,40,5.1,,1015.8,
2021-01-19 00:00:00,21.4,15.9,27.9,0,,94,3.6,,1014.2,
2021-01-20 00:00:00,21.4,15.5,28.7,0,,115,4,,1012.9,
2021-01-21 00:00:00,22,15.5,31,0,,38,4.3,,1011.6,
2021-01-22 00:00:00,22.9,16.1,31.6,0,,51,3.9,,1010.6,
2021-01-23 00:00:00,23.6,16.7,32.3,0,,96,4.6,,1010.2,
2021-01-24 00:00:00,24.8,18,33.2,0,,7,4.5,,1010.7,
2021-01-25 00:00:00,24.9,18.8,33.1,0,,36,4.4,,1011,
2021-01-26 00:00:00,25.4,18.2,34,0,,5,4.4,,1010.3,
2021-01-27 00:00:00,25.9,19.9,33.5,0,,75,4.7,,1010.7,
2021-01-28 00:00:00,26.4,19.8,34,0,,36,3.6,,1012,
2021-01-29 00:00:00,26.2,22.7,31,0.2,,122,5.4,,1013.1,
2021-01-30 00:00:00,25.7,21.6,31,0,,124,4.2,,1013.4,
2021-01-31 00:00:00,25.2,19.6,32,0,,96,3.7,,1013.6,
2021-02-01 00:00:00,26.1,20.4,33.2,0,,70,3.8,,1013.4,
2021-02-02 00:00:00,26.6,20.5,33.6,0,,50,4.5,,1012.8,
2021-02-03 00:00:00,26.7,21.4,34.2,0,,110,5.3,,1012.6,
2021-02-04 00:00:00,26.5,20.1,34,0,,62,3.2,,1013.5,
2021-02-05 00:00:00,25.8,20,32.3,0,,113,4,,1012.9,
2021-02-06 00:00:00,25.9,20,33,0,,121,3.9,,1011.5,
2021-02-07 00:00:00,26.3,20,33.5,0,,142,5.4,,1010.7,
2021-02-08 00:00:00,24.6,21.6,29,11.2,,39,5,,1010.7,
2021-02-09 00:00:00,23.3,19.5,28.3,1.3,,6,9.5,,1011.6,
2021-02-10 00:00:00,22.5,17,31,0,,10,6.8,,1012.1,
2021-02-11 00:00:00,22,15.8,29.6,0,,17,5.3,,1012.3,
2021-02-12 00:00:00,23.7,17,31,0,,129,5.5,,1012.1,
2021-02-13 00:00:00,25.4,20,31.9,0,,134,6.6,,1012,
2021-02-14 00:00:00,25.6,19.6,33.3,0,,141,6,,1011.8,
2021-02-15 00:00:00,26.2,20,32.6,0,,120,6.6,,1010,
2021-02-16 00:00:00,27,21.6,33.7,0,,129,6.5,,1009.5,
2021-02-17 00:00:00,26.7,21.8,34,0.1,,52,4.3,,1011.7,
2021-02-18 00:00:00,26.4,22,32.2,0,,82,5.3,,1015.2,
2021-02-19 00:00:00,24.9,19,31.1,0,,75,5.8,,1016.7,
2021-02-20 00:00:00,24.1,18.7,30.3,0,,123,4.7,,1015.1,
2021-02-21 00:00:00,24.8,19,31.6,0,,143,4.2,,1012.9,
2021-02-22 00:00:00,25.9,18.6,34.6,0,,127,4.6,,1010.9,
2021-02-23 00:00:00,27,20.1,34.8,0,,92,4,,1009.7,
2021-02-24 00:00:00,28.4,21.5,35.3,0,,176,5.6,,1008,
2021-02-25 00:00:00,29.7,24,36.3,0,,260,9.1,,1006.8,
2021-02-26 00:00:00,28.6,20.4,36.9,0,,254,8.6,,1005.5,
2021-02-27 00:00:00,27.7,20,35.6,0,,259,6,,1005.9,
2021-02-28 00:00:00,27.8,19.7,35.5,0,,167,6.7,,1007.4,
2021-03-01 00:00:00,26.8,19.2,35.2,0,,140,5.4,,1010.7,
2021-03-02 00:00:00,27.7,19.4,36.2,0,,109,4.5,,1010.9,
2021-03-03 00:00:00,28.7,23.6,35.7,2.3,,142,10.1,,1010.7,
2021-03-04 00:00:00,27.6,22.8,32.5,0.2,,114,5.6,,1011.9,
2021-03-05 00:00:00,29.2,23.3,35.2,0,,127,5.9,,1010.6,
2021-03-06 00:00:00,28.5,22.2,35.8,0,,128,5,,1011.1,
2021-03-07 00:00:00,29,21.6,36,0,,123,5.8,,1010.4,
2021-03-08 00:00:00,29.2,23.8,35,0,,129,7.8,,1011.6,
2021-03-09 00:00:00,29.3,23.3,35.6,0,,122,5,,1011.4,
2021-03-10 00:00:00,29.3,23.5,35.3,0,,115,5.1,,1011.6,
2021-03-11 00:00:00,29.1,23.6,35.3,0,,98,4.4,,1011.8,
2021-03-12 00:00:00,29.4,23.7,35.7,0,,59,2.8,,1011.8,
2021-03-13 00:00:00,29.6,24.5,34.8,0,,88,4.2,,1011.3,
2021-03-14 00:00:00,28.9,24.6,35,0.8,,124,4.5,,1009.8,
2021-03-15 00:00:00,29.8,24.5,35.2,0,,122,5,,1008.3,
2021-03-16 00:00:00,30.1,24.8,35.8,0,,149,4.9,,1007.7,
2021-03-17 00:00:00,30.5,25.5,36,0,,157,6.2,,1007.5,
2021-03-18 00:00:00,30.9,25.9,36.5,0,,136,4.2,,1007.2,
2021-03-19 00:00:00,31.4,26,37.4,0,,152,6.2,,1006.3,
2021-03-20 00:00:00,31.6,26,37.7,0,,148,5.6,,1005.1,
2021-03-21 00:00:00,31.9,26.5,38,0.1,,147,7.1,,1006.1,
2021-03-22 00:00:00,28.7,25.3,35,14.1,,117,5.4,,1011.5,
2021-03-23 00:00:00,29,25.9,35,0,,121,5.1,,1012.4,
2021-03-24 00:00:00,29.3,23.5,36.5,0,,142,5.8,,1009.5,
2021-03-25 00:00:00,30.9,25.6,37,0,,143,5.9,,1007.9,
2021-03-26 00:00:00,31.4,26.2,37,0,,164,6.8,,1007.4,
2021-03-27 00:00:00,31.6,27,37.6,0.1,,167,6.4,,1006.8,
2021-03-28 00:00:00,31.6,27,37.5,0.1,,157,7.1,,1006.1,
2021-03-29 00:00:00,31.9,25.7,39.1,0,,176,6.5,,1005,
2021-03-30 00:00:00,31.8,26.6,37.9,0,,220,9.1,,1003.6,
2021-03-31 00:00:00,31.7,26.8,39,0,,214,9.2,,1003,
2021-04-01 00:00:00,31.4,25.2,39.1,0,,194,8.4,,1003.7,
2021-04-02 00:00:00,30.2,27.2,33.9,0,,152,4.8,,1005.2,
2021-04-03 00:00:00,31,26,38,10,,145,7,,1005.6,
2021-04-04 00:00:00,26.7,23.3,31.3,24.5,,14,6,,1008.8,
2021-04-05 00:00:00,25.8,23,31.2,24.6,,9,5.1,,1010.6,
2021-04-06 00:00:00,26,23,32.8,12.8,,40,2.8,,1011.7,
2021-04-07 00:00:00,26.1,21,33,5.1,,348,5.3,,1012,
2021-04-08 00:00:00,28.6,23.2,34.7,0,,19,2.6,,1009.4,
2021-04-09 00:00:00,28.9,25,36,0.7,,137,3.5,,1008.6,
2021-04-10 00:00:00,27.9,24.1,34.7,12.3,,77,5.9,,1010.7,
2021-04-11 00:00:00,28.9,25.4,34.2,1.9,,59,3.3,,1011.6,
2021-04-12 00:00:00,29.3,25.6,35.2,0.7,,131,4.2,,1011.3,
2021-04-13 00:00:00,29.5,24.7,36,2.5,,128,4.7,,1010.4,
2021-04-14 00:00:00,29.2,25.2,34.8,10.9,,154,5.7,,1009.7,
2021-04-15 00:00:00,29.1,23.2,34.3,0.3,,188,3.6,,1008.7,
2021-04-16 00:00:00,29.4,24.1,35.6,5.3,,179,6.4,,1008.3,
2021-04-17 00:00:00,26.8,23.7,31.7,16.3,,54,3.8,,1010.5,
2021-04-18 00:00:00,27,23.8,32,9,,46,3.3,,1010.4,
2021-04-19 00:00:00,27.7,23.7,33,1.7,,138,4.5,,1008.3,
2021-04-20 00:00:00,28.9,24.5,34.5,1.2,,152,4.5,,1007.6,
2021-04-21 00:00:00,30.2,24.8,36.2,0.1,,155,4,,1007.8,
2021-04-22 00:00:00,31.5,26.8,37,0,,208,4.9,,1006.7,
2021-04-23 00:00:00,32.3,27.5,37.5,0,,235,7.8,,1005.1,
2021-04-24 00:00:00,32.5,27.3,38.1,0,,215,5.6,,1005.5,
2021-04-25 00:00:00,32,27.9,37.8,0.5,,159,5.7,,1006.7,
2021-04-26 00:00:00,29.4,24.2,35.8,12.6,,139,4.5,,1007.6,
2021-04-27 00:00:00,27.4,24.9,30.5,7.4,,140,4.4,,1009.6,
2021-04-28 00:00:00,26.7,24.3,31.9,19,,38,3.4,,1011.3,
2021-04-29 00:00:00,25.9,23.9,32.5,24.1,,52,2.4,,1011.2,
2021-04-30 00:00:00,26.7,23.3,31.8,19.8,,96,3.1,,1010.6,
2021-05-01 00:00:00,26.8,23.7,31.8,12.7,,104,3.2,,1010.9,
2021-05-02 00:00:00,27.7,24.2,33.5,5.3,,272,3.5,,1010.1,
2021-05-03 00:00:00,29.3,24.8,34.5,0.3,,144,3.2,,1008.1,
2021-05-04 00:00:00,30.5,25.5,36.8,0,,308,2.6,,1007.4,
2021-05-05 00:00:00,30,25.9,35.4,0.1,,20,3.1,,1007.9,
2021-05-06 00:00:00,28.9,25,32.7,10,,147,4.9,,1010.8,
2021-05-07 00:00:00,29.8,25.4,34.1,0,,356,3,,1010.6,
2021-05-08 00:00:00,29.9,24.2,36.1,11.7,,71,3.3,,1008.8,
2021-05-09 00:00:00,28.7,24,32.9,0.4,,125,3.5,,1008.1,
2021-05-10 00:00:00,29.9,24.9,35.7,0,,178,3.7,,1007,
2021-05-11 00:00:00,30.9,25.5,36.6,0.1,,239,4.2,,1006.1,
2021-05-12 00:00:00,31.2,25.9,36.4,0.4,,218,5.7,,1005.3,
2021-05-13 00:00:00,31.1,27,36.7,0.2,,205,5.5,,1004.9,
2021-05-14 00:00:00,31.6,26.2,37.5,0.1,,174,5.6,,1004.7,
2021-05-15 00:00:00,32.2,26.1,37.6,0.1,,162,5.1,,1005.5,
2021-05-16 00:00:00,32.4,27.3,37.5,0.1,,137,6.5,,1005.8,
2021-05-17 00:00:00,32.4,27.5,37.7,0,,133,5.4,,1005.9,
2021-05-18 00:00:00,32,28.1,37.5,6.9,,165,6.1,,1006.3,
2021-05-19 00:00:00,31.9,27.2,37.7,0.5,,160,5.3,,1005.5,
2021-05-20 00:00:00,32.2,28.1,36.4,0.2,,180,5.8,,1005.5,
2021-05-21 00:00:00,31.7,26,38.2,2.7,,169,6.1,,1005.5,
2021-05-22 00:00:00,32.1,27.4,37.5,1.2,,181,7.2,,1004,
2021-05-23 00:00:00,32.7,28.1,38.3,0.2,,239,8.1,,1004.3,
2021-05-24 00:00:00,32.6,26.6,39,7,,241,5.9,,1005.4,
2021-05-25 00:00:00,29.7,25.2,34.4,11.5,,135,7.4,,1006,
2021-05-26 00:00:00,29.5,25.7,35.5,4.9,,167,5,,1005.7,
2021-05-27 00:00:00,30.5,26.1,36.9,16,,304,4.7,,1005.9,
2021-05-28 00:00:00,28.6,25.7,33.5,23.1,,97,4.1,,1007.5,
2021-05-29 00:00:00,28.1,25.6,33.8,13.9,,158,6.4,,1007.3,
2021-05-30 00:00:00,29.4,26,34.8,5.3,,154,5,,1006.3,
2021-05-31 00:00:00,30.4,26.2,35.4,1.3,,191,4.8,,1005.1,
2021-06-01 00:00:00,31.5,27,37.1,0.5,,221,6.8,,1005.1,
2021-06-02 00:00:00,32.5,28.2,37.5,0,,260,7.7,,1005.1,
2021-06-03 00:00:00,33.1,28.5,38.4,0,,252,8.3,,1005.6,
2021-06-04 00:00:00,33.3,28.6,38.9,0.1,,259,9.9,,1005.4,
2021-06-05 00:00:00,32.2,27.7,37.2,0.5,,266,11.2,,1005.5,
2021-06-06 00:00:00,31,27,36.4,0.3,,274,10.7,,1004.9,
2021-06-07 00:00:00,29.6,27,33.5,2.7,,203,8,,1004.6,
2021-06-08 00:00:00,29.4,25.9,33.5,31.6,,182,5.8,,1004.6,
2021-06-09 00:00:00,28.7,25.5,33.2,4.8,,176,5.2,,1004.9,
2021-06-10 00:00:00,28,25.2,31,5.1,,197,6.5,,1004.3,
2021-06-11 00:00:00,28.5,25.2,34,3,,211,5.7,,1004.2,
2021-06-12 00:00:00,28.2,25.7,31.5,2,,254,7.2,,1005.2,
2021-06-13 00:00:00,26.7,25.1,28.2,12.4,,184,6,,1005.1,
2021-06-14 00:00:00,26.1,24.2,29.7,13.7,,163,6,,1005.6,
2021-06-15 00:00:00,26.2,24.5,28.8,23,,155,5.1,,1005.5,
2021-06-16 00:00:00,26.6,24.6,32.2,35.6,,165,4.4,,1006.4,
2021-06-17 00:00:00,28,24.1,32.5,10.1,,241,5.2,,1008.2,
2021-06-18 00:00:00,29.4,24.9,35,0,,258,8.5,,1009,
2021-06-19 00:00:00,29.9,26,35,0,,260,10.7,,1008.2,
2021-06-20 00:00:00,30.1,26.4,35,0,,261,13.2,,1006.5,
2021-06-21 00:00:00,30.4,26.3,36.7,0,,269,11.7,,1005.5,
2021-06-22 00:00:00,30.2,26.2,35.2,0.2,,270,9.4,,1006.5,
2021-06-23 00:00:00,29.9,25.4,35.6,1.2,,247,8.1,,1007.2,
2021-06-24 00:00:00,30.4,26.7,35.1,0,,260,10.6,,1005.8,
2021-06-25 00:00:00,30.5,27.1,34.8,0.1,,239,9.3,,1004.8,
2021-06-26 00:00:00,29.9,27,34.2,4.1,,198,5.6,,1006,
2021-06-27 00:00:00,29.6,25.8,34.2,1.4,,189,7,,1007.9,
2021-06-28 00:00:00,29.5,25.2,34.5,0.5,,225,9.7,,1007.1,
2021-06-29 00:00:00,30.3,25.6,34.5,0.1,,248,12.1,,1005.7,
2021-06-30 00:00:00,30.5,26.8,35.6,0.2,,245,11.5,,1005.8,
2021-07-01 00:00:00,30.6,26.3,35.3,0,,253,11.2,,1006,
2021-07-02 00:00:00,30,26,35.4,1.1,,225,9.2,,1007.2,
2021-07-03 00:00:00,31,27.2,37.1,0,,252,12.3,,1006.4,
2021-07-04 00:00:00,31.8,26.5,38.1,0.3,,267,9.6,,1005.1,
2021-07-05 00:00:00,31.9,27.3,37.5,1.9,,274,7,,1004.1,
2021-07-06 00:00:00,29.8,25.2,34.9,31.5,,300,5.8,,1003.5,
2021-07-07 00:00:00,29.1,25,33.2,5.6,,183,4.8,,1005,
2021-07-08 00:00:00,28.2,25.6,32.9,6.6,,214,6.1,,1004.7,
2021-07-09 00:00:00,27.7,24,31.7,10.6,,112,4.6,,1004.8,
2021-07-10 00:00:00,27.2,24.1,31.7,33.1,,36,4.3,,1005.4,
2021-07-11 00:00:00,27,24.5,32,24.4,,96,6.3,,1007,
2021-07-12 00:00:00,28,24.7,33.5,6.2,,92,4.6,,1008.4,
2021-07-13 00:00:00,28.9,24.4,34,0.5,,297,3.3,,1007.1,
2021-07-14 00:00:00,28.9,25.9,35.2,3.7,,147,4.2,,1005.9,
2021-07-15 00:00:00,27.7,24.4,33,26.1,,142,6.2,,1006.8,
2021-07-16 00:00:00,27,24,32.1,6,,154,3.8,,1008.6,
2021-07-17 00:00:00,28.2,24.2,33.5,1.2,,192,4.2,,1006.5,
2021-07-18 00:00:00,29.1,25.1,33.6,0.5,,248,8.9,,1004.4,
2021-07-19 00:00:00,28.1,25.2,31.2,6.5,,173,6.5,,1003.8,
2021-07-20 00:00:00,27.2,25.1,29.5,8.3,,161,7.6,,1004.4,
2021-07-21 00:00:00,27.5,25,31.6,21.1,,156,5.8,,1004.4,
2021-07-22 00:00:00,27.4,25.2,31.5,16.8,,160,5.7,,1004.5,
2021-07-23 00:00:00,27.7,25.2,31.6,3.6,,200,5.7,,1004.9,
2021-07-24 00:00:00,27,25.6,30.5,13.6,,248,6.8,,1004.1,
2021-07-25 00:00:00,27.4,25.3,30.9,7.3,,212,8.1,,1003.9,
2021-07-26 00:00:00,27.6,25.1,30.9,3.2,,222,6.9,,1003.7,
2021-07-27 00:00:00,27.6,25,31.6,2.8,,214,6.3,,1003.2,
2021-07-28 00:00:00,27.8,25.2,31.8,3.3,,232,8.9,,1003.2,
2021-07-29 00:00:00,28.6,25,33.5,2.6,,244,9.3,,1004.1,
2021-07-30 00:00:00,29.7,26,34.4,0.4,,260,10.6,,1005,
2021-07-31 00:00:00,29.8,25.8,35.1,0.4,,261,11.2,,1005.2,
2021-08-01 00:00:00,29.3,26.6,32.4,0.2,,257,10.9,,1004.4,
2021-08-02 00:00:00,28.9,27,31.3,0,,258,12.4,,1004.5,
2021-08-03 00:00:00,28.6,26,31.7,1.5,,255,8.8,,1005,
2021-08-04 00:00:00,28.5,25.1,33,4.4,,252,6.6,,1005.8,
2021-08-05 00:00:00,28.6,24.8,32.6,2.5,,214,5.4,,1005.1,
2021-08-06 00:00:00,28.4,25.4,32,10.6,,202,4.8,,1005.8,
2021-08-07 00:00:00,29.2,25.4,33.3,1.1,,246,8.3,,1007.2,
2021-08-08 00:00:00,30.3,26.5,35,0,,265,11.5,,1006.8,
2021-08-09 00:00:00,30.9,27.1,36,0.2,,268,10.4,,1005.2,
2021-08-10 00:00:00,30.9,27.3,35,0.4,,267,7,,1003.7,
2021-08-11 00:00:00,29.6,26.5,33.6,2.1,,163,5,,1005.6,
2021-08-12 00:00:00,28.6,25.2,34.5,3.7,,142,5.7,,1008.2,
2021-08-13 00:00:00,28.5,25.3,34.5,3.4,,173,7.1,,1006.6,
2021-08-14 00:00:00,27.7,25.4,31.8,11.2,,151,6.5,,1005.1,
2021-08-15 00:00:00,26.5,24.8,31.3,25.4,,142,5.7,,1007,
2021-08-16 00:00:00,27.2,24.8,31.5,13.5,,143,5,,1010.8,
2021-08-17 00:00:00,28.1,24.7,33,1,,78,3.2,,1010.8,
2021-08-18 00:00:00,29.5,25.1,35.1,0,,260,7.2,,1008.2,
2021-08-19 00:00:00,29.7,25.9,35,3.9,,266,5.4,,1007.1,
2021-08-20 00:00:00,29.1,24.3,34.7,3.2,,98,4,,1008.3,
2021-08-21 00:00:00,29.4,25.3,36,0.6,,137,4,,1008.4,
2021-08-22 00:00:00,30.1,25.6,35.5,0.1,,219,5,,1007.1,
2021-08-23 00:00:00,30.4,25.3,36.5,0.7,,245,6.3,,1005.8,
2021-08-24 00:00:00,29.7,25.3,35.2,3.1,,206,6.2,,1004.7,
2021-08-25 00:00:00,28.1,24.7,33.6,10,,135,6,,1004.6,
2021-08-26 00:00:00,27.3,24.5,32.8,26.6,,118,5.4,,1005.7,
2021-08-27 00:00:00,27.1,24.2,31.9,17.3,,124,4.4,,1006.5,
2021-08-28 00:00:00,26.3,23.9,33.5,32.7,,111,3.1,,1006.8,
2021-08-29 00:00:00,26.7,23.8,32.5,39.1,,102,5,,1007.5,
2021-08-30 00:00:00,27.2,24.4,31.1,9.8,,118,3.2,,1008.7,
2021-08-31 00:00:00,27.5,24.6,32.4,13.4,,356,3.3,,1009,
2021-09-01 00:00:00,26.9,24.3,33.1,12.6,,139,3.5,,1008.4,
2021-09-02 00:00:00,27.6,24.2,33.6,10.3,,206,2.5,,1007.5,
2021-09-03 00:00:00,26.8,24.1,31,11.2,,122,4.2,,1006.5,
2021-09-04 00:00:00,26.8,24.4,31.2,11.5,,147,4.9,,1006.5,
2021-09-05 00:00:00,26.8,23.9,32,22.1,,160,4.3,,1007.7,
2021-09-06 00:00:00,28,24.2,33.4,4.9,,283,3.5,,1009,
2021-09-07 00:00:00,28.1,24.8,34.1,9.1,,328,4.4,,1008.6,
2021-09-08 00:00:00,28.2,24.4,33.7,11.3,,332,5,,1005.7,
2021-09-09 00:00:00,26.1,24.3,30,55.9,,76,6.6,,1005.5,
2021-09-10 00:00:00,26.5,24.1,30.5,10.3,,43,3.6,,1007.3,
2021-09-11 00:00:00,27,23.8,30.2,8.6,,187,5.5,,1007.6,
2021-09-12 00:00:00,28.6,24.6,33.1,0.1,,276,9.2,,1005.2,
2021-09-13 00:00:00,29.1,25,35.5,2.3,,275,8.3,,1005.7,
2021-09-14 00:00:00,27.3,24.2,30.1,5.5,,313,7.4,,1007.2,
2021-09-15 00:00:00,27.5,24.9,32.2,20.6,,66,3.7,,1008.1,
2021-09-16 00:00:00,26.4,24.4,31.8,16.4,,147,4.7,,1008.5,
2021-09-17 00:00:00,26.4,24.2,30.4,11.9,,64,2.8,,1009,
2021-09-18 00:00:00,28,23.9,34.3,8.5,,215,3.4,,1009.3,
2021-09-19 00:00:00,29.1,24.5,35.1,0.5,,283,3.4,,1008.6,
2021-09-20 00:00:00,28.2,25.3,33.3,17.4,,341,3.5,,1007.2,
2021-09-21 00:00:00,26.7,24.3,32,48.3,,342,4.5,,1006.8,
2021-09-22 00:00:00,26.4,23.8,31,56.9,,2,2.9,,1006.6,
2021-09-23 00:00:00,26.1,24.1,31,18.6,,94,5.1,,1007.9,
2021-09-24 00:00:00,27.3,24,33,5.6,,339,3.5,,1008.2,
2021-09-25 00:00:00,27.1,25,30.3,14.6,,331,6.9,,1005.3,
2021-09-26 00:00:00,26.2,24.5,29.7,21.5,,91,12.6,,1006,
2021-09-27 00:00:00,26,23.7,31,12.9,,56,2.8,,1009.2,
2021-09-28 00:00:00,27.3,23.9,33,4.8,,342,2.3,,1009.6,
2021-09-29 00:00:00,28.7,23.9,34.1,0.1,,330,2.9,,1008.1,
2021-09-30 00:00:00,29.4,24.9,35,1.8,,110,2.6,,1007.9,
2021-10-01 00:00:00,28.9,25.6,35.2,6.2,,148,4.9,,1008.3,
2021-10-02 00:00:00,28.2,25.2,33.7,12.7,,127,3.4,,1008.7,
2021-10-03 00:00:00,28.5,24.1,33.2,2.6,,168,3.6,,1008.4,
2021-10-04 00:00:00,28,24.3,33.6,2.3,,8,3.5,,1008.5,
2021-10-05 00:00:00,29.1,24.1,35.1,0.2,,332,3.9,,1007.9,
2021-10-06 00:00:00,28.9,24.8,34.2,9.4,,343,3.9,,1005.8,
2021-10-07 00:00:00,28.6,24.6,34.5,0.6,,323,3.1,,1005,
2021-10-08 00:00:00,29.1,24.3,34.8,0,,275,2.4,,1004.4,
2021-10-09 00:00:00,29.3,24.5,34,0.1,,192,2.9,,1004.6,
2021-10-10 00:00:00,29.5,25,35.2,1.4,,278,3.3,,1003.7,
2021-10-11 00:00:00,27.7,25.2,33.5,23.9,,4,4.4,,1003.8,
2021-10-12 00:00:00,27.1,25.1,32,15.2,,54,4.1,,1004.7,
2021-10-13 00:00:00,27.2,23.9,32,15.9,,338,2,,1004.2,
2021-10-14 00:00:00,27.4,24.9,31.4,2.5,,55,3.8,,1003.2,
2021-10-15 00:00:00,25.7,24,28.5,19.7,,34,3.2,,1005.2,
2021-10-16 00:00:00,25.5,24.2,28.8,47.2,,74,5.2,,1008.3,
2021-10-17 00:00:00,26.3,24.2,30.1,6.5,,6,4.8,,1011.1,
2021-10-18 00:00:00,24.6,23.6,26.6,17.3,,339,5.4,,1011.9,
2021-10-19 00:00:00,26,23.6,29.7,13,,344,2.7,,1013.4,
2021-10-20 00:00:00,27.7,23.6,33,3.2,,343,2.2,,1012.9,
2021-10-21 00:00:00,27.4,23.9,31.2,17,,59,3,,1011.4,
2021-10-22 00:00:00,26.5,23.8,32,14.5,,90,4.8,,1012.5,
2021-10-23 00:00:00,25.2,22.7,29.5,15.1,,47,3.5,,1014.3,
2021-10-24 00:00:00,26.5,22.2,32,0.8,,359,4,,1013.8,
2021-10-25 00:00:00,26.8,22.4,32.4,0.3,,359,4.3,,1012.2,
2021-10-26 00:00:00,27.2,22.9,32.1,0.4,,344,3.2,,1011.1,
2021-10-27 00:00:00,27.5,22.4,33,0.3,,351,2.8,,1011.3,
2021-10-28 00:00:00,26.9,22.6,33.2,19.2,,358,4.6,,1011.3,
2021-10-29 00:00:00,26.1,24.1,28.9,30.3,,14,5.1,,1012.5,
2021-10-30 00:00:00,26.2,23.3,31.5,45.7,,347,3.5,,1013.5,
2021-10-31 00:00:00,26.8,23.4,33.1,9.1,,347,2.7,,1013.1,
2021-11-01 00:00:00,26.4,23.1,33.2,14.3,,10,4.3,,1012.8,
2021-11-02 00:00:00,26.8,22.9,32.4,7.9,,344,3.3,,1012.7,
2021-11-03 00:00:00,27.2,23.4,34,4.7,,336,2.8,,1012,
2021-11-04 00:00:00,27.6,23,32.2,0.2,,14,2.8,,1011.3,
2021-11-05 00:00:00,27.8,22.9,33.6,0,,343,2.6,,1009.7,
2021-11-06 00:00:00,28,22.7,34,0,,338,2.1,,1007.6,
2021-11-07 00:00:00,28.2,23,34,0.1,,342,2.7,,1007.9,
2021-11-08 00:00:00,27.4,23.6,33.3,8.8,,341,4.2,,1010,
2021-11-09 00:00:00,26.8,22.9,31.6,0,,348,3.1,,1012.5,
2021-11-10 00:00:00,26.8,22.2,32.1,0.6,,36,3.7,,1012.6,
2021-11-11 00:00:00,26.5,21.9,31.7,0,,356,3,,1011.7,
2021-11-12 00:00:00,26.9,22,32,0,,14,4,,1012.1,
2021-11-13 00:00:00,26.9,22.9,31.9,0,,40,3.8,,1012.3,
2021-11-14 00:00:00,26.4,21.9,31.2,0.2,,25,2.3,,1011.9,
2021-11-15 00:00:00,26.8,22.6,32.6,0.1,,3,2.6,,1010.4,
2021-11-16 00:00:00,27.8,22.7,33.5,0.3,,6,2.9,,1010.2,
2021-11-17 00:00:00,28.1,23,34,0.2,,354,3.5,,1011.1,
2021-11-18 00:00:00,28.1,23.4,34,0.5,,2,2.5,,1010.1,
2021-11-19 00:00:00,28,23.7,33.7,0.1,,358,2.5,,1008.1,
2021-11-20 00:00:00,28.2,23.4,35,0.2,,37,2.4,,1007.5,
2021-11-21 00:00:00,28.1,23.3,35,0,,310,2.4,,1008.7,
2021-11-22 00:00:00,27.8,22.8,34,2.4,,345,3.7,,1009.9,
2021-11-23 00:00:00,27.6,23.5,33.1,0.7,,45,4.7,,1011.1,
2021-11-24 00:00:00,26.4,22.6,32.2,0,,111,3.3,,1013,
2021-11-25 00:00:00,26.2,21.8,32,0,,333,2.7,,1012.8,
2021-11-26 00:00:00,26.8,23,32.3,0.1,,349,3.1,,1012.4,
2021-11-27 00:00:00,26.5,23.2,31.5,0,,12,3.5,,1013.2,
2021-11-28 00:00:00,25.4,20.4,31.2,0,,354,5,,1013.6,
2021-11-29 00:00:00,25.5,19.7,31.6,0,,334,5.6,,1012.5,
2021-11-30 00:00:00,25.7,19.7,31.5,0,,22,5.9,,1012.8,
2021-12-01 00:00:00,25.1,19.7,30.9,0,,38,5.1,,1014.2,
2021-12-02 00:00:00,24.2,19.5,30,0,,37,4.3,,1015,
2021-12-03 00:00:00,23.6,18.3,29.8,0,,33,3.5,,1016.3,
2021-12-04 00:00:00,22.5,16.4,28.8,0,,42,3.8,,1016.8,
2021-12-05 00:00:00,20.9,14.7,27.7,0,,11,3.1,,1016.7,
2021-12-06 00:00:00,21.3,14.3,29,0,,3,3.5,,1015.7,
2021-12-07 00:00:00,22,15.7,29.1,0,,349,3.3,,1015.4,
2021-12-08 00:00:00,22.2,16.7,29,0,,357,3,,1015.9,
2021-12-09 00:00:00,23.3,16.7,30.3,0,,332,4,,1016.1,
2021-12-10 00:00:00,25,19.5,31.3,0,,328,4,,1015,
2021-12-11 00:00:00,25.4,19.4,32,0,,3,2.4,,1014.5,
2021-12-12 00:00:00,24.8,19,30.6,0,,30,4.2,,1015.1,
2021-12-13 00:00:00,24.3,17.7,30.5,0,,19,3.8,,1014.8,
2021-12-14 00:00:00,23.6,17.2,30.5,0,,355,3,,1013.4,
2021-12-15 00:00:00,23.6,17.7,30.4,0,,339,2.4,,1012.1,
2021-12-16 00:00:00,23.6,16.7,31.2,0,,326,3.3,,1011.9,
2021-12-17 00:00:00,24.5,17.6,32,0,,351,4.1,,1012.6,
2021-12-18 00:00:00,25.2,20.1,30.7,0,,26,4.3,,1013.4,
2021-12-19 00:00:00,23,18.2,28.5,0,,25,4.5,,1014.7,
2021-12-20 00:00:00,22,16.2,28.2,0,,348,4.7,,1014.2,
2021-12-21 00:00:00,22.1,16,29.8,0,,323,3.2,,1013.5,
2021-12-22 00:00:00,22.8,16.2,30.5,0,,312,3.1,,1012.9,
2021-12-23 00:00:00,23.4,17.1,31.2,0,,348,3.4,,1012,
2021-12-24 00:00:00,24.2,19.1,30.7,0,,352,2.9,,1011.6,
2021-12-25 00:00:00,24.3,20,31.1,1.4,,23,2.5,,1012.9,
2021-12-26 00:00:00,24.4,20.4,31,2,,344,2.9,,1015.2,
2021-12-27 00:00:00,25.4,20.3,32,0.1,,351,2.9,,1015.7,
2021-12-28 00:00:00,25.1,20.2,31.4,0,,0,3.1,,1015.7,
2021-12-29 00:00:00,24.9,19.1,31.4,0,,358,3.1,,1015.7,
2021-12-30 00:00:00,26,20.7,32.1,0,,19,3.9,,1016.4,
2021-12-31 00:00:00,25.9,20.5,31.7,0,,31,3.5,,1016.5,
2022-01-01 00:00:00,24.8,19.3,30.5,0,,55,4.1,,1016.2,
2022-01-02 00:00:00,24.5,19.1,31,0,,8,3.9,,1015.7,
2022-01-03 00:00:00,24.1,18,31.2,0,,333,3.2,,1014.4,
2022-01-04 00:00:00,24.3,18.7,31.1,0,,309,3.4,,1014,
2022-01-05 00:00:00,24.6,18.4,32.2,0,,317,2.8,,1013,
2022-01-06 00:00:00,25.1,19,32.7,0,,338,3.6,,1012.8,
2022-01-07 00:00:00,25.2,19.2,32.2,0,,343,3.2,,1013.9,
2022-01-08 00:00:00,25,19.4,32.4,0,,316,3.1,,1013.5,
2022-01-09 00:00:00,25,19.7,33.1,0,,304,3,,1012.3,
2022-01-10 00:00:00,25,18.9,32.6,0,,38,3.6,,1012.5,
2022-01-11 00:00:00,25.5,20,33,0,,322,2.2,,1012.9,
2022-01-12 00:00:00,25.6,20,32,0,,103,3.3,,1013.5,
2022-01-13 00:00:00,25.5,20.6,31.6,0,,109,3.7,,1013.6,
2022-01-14 00:00:00,25.6,20,31.3,0,,28,3.5,,1013.3,
2022-01-15 00:00:00,25.8,21.4,32,0,,145,3.5,,1013,
2022-01-16 00:00:00,26.1,21.1,32.1,0,,170,4.7,,1012.9,
2022-01-17 00:00:00,25.6,20.2,32,0,,347,4.8,,1013.3,
2022-01-18 00:00:00,25.2,21.3,31.7,0.2,,0,6.5,,1013.7,
2022-01-19 00:00:00,24.6,20.1,31,0,,328,5.8,,1012.5,
2022-01-20 00:00:00,24.2,19.2,30.5,0.5,,3,4.3,,1011.2,
2022-01-21 00:00:00,23.3,20.5,28.6,6.5,,48,5,,1010.9,
2022-01-22 00:00:00,23.3,20,28.6,0.8,,137,4,,1009.9,
2022-01-23 00:00:00,24,19.2,30.5,0,,239,2.9,,1009.8,
2022-01-24 00:00:00,24.1,18.6,31.2,0,,66,4.4,,1010.1,
2022-01-25 00:00:00,24.6,18.5,32.1,0,,330,4,,1010.3,
2022-01-26 00:00:00,24.8,18.1,33.2,0,,343,4,,1010.4,
2022-01-27 00:00:00,25.9,19.9,33.5,0,,305,4.7,,1010.4,
2022-01-28 00:00:00,25.7,19.1,34.1,0,,318,5,,1010.3,
2022-01-29 00:00:00,27.2,20,33.6,0,,272,8.5,,1009,
2022-01-30 00:00:00,26.4,20.7,32.2,0,,218,8,,1008.3,
2022-01-31 00:00:00,24.1,15.7,31.5,0,,295,5.7,,1009,
2022-02-01 00:00:00,24.8,18,32.5,0,,249,4.4,,1009.6,
2022-02-02 00:00:00,26.3,20.4,33.3,0,,181,4.2,,1010.7,
2022-02-03 00:00:00,26.3,20.9,33.2,0,,140,5.2,,1011.1,
2022-02-04 00:00:00,25.5,21.9,32.5,3.2,,110,5.9,,1012,
2022-02-05 00:00:00,22.6,20.9,25.4,20.3,,31,5.4,,1013.6,
2022-02-06 00:00:00,23.4,18.9,28.6,0,,351,2.8,,1013.3,
2022-02-07 00:00:00,25,19.2,32,0.1,,331,3.3,,1011.5,
2022-02-08 00:00:00,25.4,20.8,33.2,0,,340,5.8,,1010.7,
2022-02-09 00:00:00,25.7,19.2,34,0,,349,4.4,,1010.7,
2022-02-10 00:00:00,26.4,19.6,33.1,0,,345,3.6,,1010.1,
2022-02-11 00:00:00,27,21.8,33.5,0,,128,5.1,,1009.3,
2022-02-12 00:00:00,27.1,22.9,33.2,0.2,,156,6.7,,1008.2,
2022-02-13 00:00:00,27.2,21.8,32.5,0,,110,4.3,,1007.1,
2022-02-14 00:00:00,27,22.8,33.9,1.1,,113,5.9,,1009,
2022-02-15 00:00:00,24.7,22.1,29.5,12.6,,63,3.8,,1010.3,
2022-02-16 00:00:00,24.5,21.9,28.1,3.6,,139,4.7,,1008.9,
2022-02-17 00:00:00,25.1,21.2,29.6,0.3,,165,3,,1007.7,
2022-02-18 00:00:00,26.4,22.4,31.6,15.7,,126,6.4,,1008.4,
2022-02-19 00:00:00,25.7,22.7,31.2,31.9,,129,4.7,,1008.9,
2022-02-20 00:00:00,24.6,20.8,30.1,27.4,,144,5.5,,1007.9,
2022-02-21 00:00:00,23.7,19.5,29.3,0.5,,57,6.1,,1011.2,
2022-02-22 00:00:00,23.4,19.5,29.5,0,,91,4.1,,1014.1,
2022-02-23 00:00:00,23.8,18.8,30.2,0,,79,3.6,,1015.4,
2022-02-24 00:00:00,24,20,30.2,0,,38,3.4,,1016.4,
2022-02-25 00:00:00,23.7,17.5,31,0,,19,3.4,,1016,
2022-02-26 00:00:00,24,17.6,31.5,0,,336,3.3,,1015.1,
2022-02-27 00:00:00,24.9,18.4,32.3,0,,78,3.3,,1013.3,
2022-02-28 00:00:00,25.9,19.5,33.5,0,,50,2.9,,1012.1,
2022-03-01 00:00:00,26.7,20.1,34.8,0,,0,3.7,,1011,
2022-03-02 00:00:00,27.7,22.2,34.8,0,,85,3.5,,1010.7,
2022-03-03 00:00:00,28.2,23.4,35,1.2,,51,3.2,,1010.5,
2022-03-04 00:00:00,28.8,22.8,35,0,,122,4,,1009,
2022-03-05 00:00:00,30.1,25,36.5,0,,177,5.5,,1007.3,
2022-03-06 00:00:00,29.4,24.7,35.3,0.1,,142,7,,1007.9,
2022-03-07 00:00:00,28.3,24.3,35.5,16.1,,109,5.7,,1010,
2022-03-08 00:00:00,26.9,22.9,32.8,0,,352,4,,1011.1,
2022-03-09 00:00:00,28.1,23.4,34.2,0,,121,4,,1009.3,
2022-03-10 00:00:00,29.2,23,35.7,0,,108,3.5,,1007.8,
2022-03-11 00:00:00,30.3,25.6,36.1,0,,153,4.6,,1006.6,
2022-03-12 00:00:00,30.5,25.1,36.8,0,,140,5.8,,1006.3,
2022-03-13 00:00:00,31.4,25.3,37.5,0,,134,4,,1006.1,
2022-03-14 00:00:00,30.8,25.7,36.8,0.3,,152,4.2,,1006.6,
2022-03-15 00:00:00,30.5,25,37.2,0.1,,16,5.2,,1005.6,
2022-03-16 00:00:00,30.7,26.1,36.5,0,,129,6.4,,1005.4,
2022-03-17 00:00:00,29.1,23.9,35.3,17.7,,112,5.1,,1006.7,
2022-03-18 00:00:00,28.6,24.1,34.6,11.9,,162,5.1,,1006.9,
2022-03-19 00:00:00,28.6,23.3,34.7,0,,150,4.6,,1006.1,
2022-03-20 00:00:00,28.9,25.2,33.4,8.9,,134,6.1,,1006.2,
2022-03-21 00:00:00,28.5,24.3,34.2,4,,124,8.5,,1008,
2022-03-22 00:00:00,28.8,24.9,35,25.3,,130,7.2,,1008.4,
2022-03-23 00:00:00,28.6,24.4,34.7,8.4,,100,4.3,,1008.5,
2022-03-24 00:00:00,29.1,23.8,35.2,2.3,,160,7,,1008,
2022-03-25 00:00:00,29.9,23.4,36.6,0,,209,5.4,,1008.1,
2022-03-26 00:00:00,30.8,25,37,0,,139,5.3,,1009.2,
2022-03-27 00:00:00,31.2,25.5,37.6,0,,152,5.3,,1008.7,
2022-03-28 00:00:00,29.6,24,36,16.6,,121,7.3,,1008.9,
2022-03-29 00:00:00,27.9,23.2,34.8,19.7,,99,4.5,,1009.3,
2022-03-30 00:00:00,27.9,22.2,34,2.7,,92,4.4,,1009.5,
2022-03-31 00:00:00,29.6,23.9,37,0,,68,3.7,,1009.3,
2022-04-01 00:00:00,28.1,23.8,34,11.7,,12,4.3,,1010.4,
2022-04-02 00:00:00,27.5,23,34.5,3.8,,39,6,,1013.8,
2022-04-03 00:00:00,25.2,20.5,31,0,,39,6.8,,1015.3,
2022-04-04 00:00:00,26.7,22,33,0,,45,3.3,,1014.7,
2022-04-05 00:00:00,28.1,22.3,35,0,,86,3,,1013.6,
2022-04-06 00:00:00,29.6,23.4,37,0,,67,3.8,,1012,
2022-04-07 00:00:00,29.3,25.3,34.5,0.2,,17,4.9,,1011.7,
2022-04-08 00:00:00,28.8,25,33.7,0.2,,12,3.1,,1011,
2022-04-09 00:00:00,29.3,24.5,35.4,0,,134,3.6,,1008.9,
2022-04-10 00:00:00,29.9,24.9,37,0,,100,4.2,,1007.6,
2022-04-11 00:00:00,31.2,25.8,38,0.1,,172,4.7,,1006.3,
2022-04-12 00:00:00,31.9,25.3,39.5,0,,197,6.3,,1005.3,
2022-04-13 00:00:00,32.3,25.8,38.8,0,,226,5.3,,1004.3,
2022-04-14 00:00:00,32.6,27,38.8,0,,246,7.4,,1004.5,
2022-04-15 00:00:00,32.8,27.3,38.6,0,,219,7.3,,1004.7,
2022-04-16 00:00:00,33,27.5,38.8,0,,221,7.3,,1004.5,
2022-04-17 00:00:00,31.6,27.3,38.2,2.1,,113,7.1,,1006.4,
2022-04-18 00:00:00,28.2,24.2,34.1,20.4,,100,7.2,,1010,
2022-04-19 00:00:00,27.8,24,36.4,5.7,,56,4.7,,1011.3,
2022-04-20 00:00:00,27.5,23.1,35,5.1,,352,5.3,,1010,
2022-04-21 00:00:00,28.1,23,35.7,3.7,,10,4.3,,1008.6,
2022-04-22 00:00:00,29.1,23.8,37.5,1.1,,117,6.1,,1008.3,
2022-04-23 00:00:00,30.6,25.1,37,0,,143,6.7,,1007.2,
2022-04-24 00:00:00,31.8,26.1,38,0,,132,5.2,,1005.6,
2022-04-25 00:00:00,32.6,27,39,0,,134,5.6,,1004.8,
2022-04-26 00:00:00,33.5,27.9,40,0,,192,5.8,,1005.1,
2022-04-27 00:00:00,33.5,28.2,39.7,0,,274,5.1,,1005.2,
2022-04-28 00:00:00,32.6,24.6,39.8,4.8,,112,4.6,,1005.2,
2022-04-29 00:00:00,29.6,24.3,35.6,0,,131,5.5,,1006.7,
2022-04-30 00:00:00,30.6,24.8,36.3,8,,133,6.5,,1006.1,
2022-05-01 00:00:00,29,24.5,35,5.6,,9,4.8,,1005.7,
2022-05-02 00:00:00,26.7,23.4,30,14.7,,17,4,,1008.5,
2022-05-03 00:00:00,27.3,23.7,31.1,0.1,,124,5.9,,1011.3,
2022-05-04 00:00:00,27.1,22.1,32.8,0,,169,3.6,,1010.5,
2022-05-05 00:00:00,28.1,22.4,33.7,0,,165,4.5,,1008.1,
2022-05-06 00:00:00,29.2,25,34.3,9.9,,28,4.3,,1007.1,
2022-05-07 00:00:00,27.3,24.4,34,36.2,,29,4.4,,1007.8,
2022-05-08 00:00:00,27.4,24,32,8.4,,22,4.4,,1008,
2022-05-09 00:00:00,28.1,24.5,34,1.5,,114,3.6,,1007.9,
2022-05-10 00:00:00,27.9,24.6,33.9,52.4,,123,4.6,,1007.7,
2022-05-11 00:00:00,27.5,24.4,33,4.9,,146,5.7,,1007.1,
2022-05-12 00:00:00,28.6,25.1,34.1,2.6,,183,5.7,,1006,
2022-05-13 00:00:00,29.4,25,34.5,3,,209,5.7,,1005.3,
2022-05-14 00:00:00,29.9,25.9,36,7.9,,211,5.1,,1006.1,
2022-05-15 00:00:00,30.1,25.5,36.5,8.2,,197,5.9,,1006.9,
2022-05-16 00:00:00,30,26,36.9,29.2,,201,6.1,,1006.8,
2022-05-17 00:00:00,26.5,24.4,30,81.7,,128,6.1,,1008.4,
2022-05-18 00:00:00,26.3,23.9,30.6,15.3,,127,3.5,,1008.9,
2022-05-19 00:00:00,26.3,23.8,30.5,13.6,,101,5.5,,1008.4,
2022-05-20 00:00:00,26.5,24.5,31,24.6,,131,10.4,,1004.8,
2022-05-21 00:00:00,26,24.7,27.5,61.9,,159,12.3,,1001.1,
2022-05-22 00:00:00,27.1,24,31.6,2.4,,181,7.4,,1000.6,
2022-05-23 00:00:00,28.3,24.5,33.5,3.1,,185,8.3,,1002.2,
2022-05-24 00:00:00,27.5,24.4,33.2,14.2,,142,5.2,,1005.7,
2022-05-25 00:00:00,28.6,24.6,33,0.6,,234,6,,1006.6,
2022-05-26 00:00:00,,,,,,,,,,
2022-05-27 00:00:00,,,,,,,,,,
2022-05-28 00:00:00,29.5,26,35.3,4.8,,247,8.4,,1002.6,
2022-05-29 00:00:00,29.3,25.9,33.7,0,,250,8.5,,1003.2,
2022-05-30 00:00:00,29.8,25.8,35.2,0.2,,237,6.7,,1003.2,
2022-05-31 00:00:00,28.2,24.7,34.2,5.3,,159,5.8,,1003.9,
2022-06-01 00:00:00,29.3,24.5,34,0.1,,177,4.3,,1004.7,
2022-06-02 00:00:00,30.5,26.3,35.3,0,,244,6.1,,1004.6,
2022-06-03 00:00:00,28.9,25.5,34.7,4.4,,141,5.8,,1005.4,
2022-06-04 00:00:00,27.7,24.5,33.4,9.7,,141,7.2,,1006.7,
2022-06-05 00:00:00,27.7,24,31.5,3.2,,182,5.5,,1006.3,
2022-06-06 00:00:00,28.4,24.6,33,5.5,,188,4.5,,1005.3,
2022-06-07 00:00:00,28.1,25.3,31.6,7.6,,176,4.7,,1005.6,
2022-06-08 00:00:00,27.8,24.8,31.1,3.7,,184,5,,1006,
2022-06-09 00:00:00,28.3,25.1,33.7,10.1,,231,3.5,,1006.1,
2022-06-10 00:00:00,28.1,24.6,32.5,1.3,,192,6.2,,1006,
2022-06-11 00:00:00,28.4,25.1,32.6,4.1,,203,5.1,,1006.8,
2022-06-12 00:00:00,28.9,25,33.1,3.2,,227,5.6,,1007,
2022-06-13 00:00:00,29.6,24.8,34.8,1.6,,216,6.1,,1006.7,
2022-06-14 00:00:00,29.9,25.4,34.5,0.7,,186,5.7,,1006.1,
2022-06-15 00:00:00,28.2,24.7,33.4,14.1,,159,7.2,,1007.5,
2022-06-16 00:00:00,28.3,24.6,33.5,5,,117,4.6,,1008.5,
2022-06-17 00:00:00,29,24.6,34.8,0.9,,193,5.8,,1007.7,
2022-06-18 00:00:00,29.5,25.8,34.6,0.1,,243,7.6,,1007.3,
2022-06-19 00:00:00,30.4,27,35.1,0.3,,270,10.7,,1006.3,
2022-06-20 00:00:00,29.7,25.7,35.4,0.6,,260,9.3,,1004.4,
2022-06-21 00:00:00,30.1,26,35.2,0,,250,8.5,,1003.7,
2022-06-22 00:00:00,29.9,26.4,34.6,1.9,,232,8.3,,1006.1,
2022-06-23 00:00:00,29.7,25.3,34.6,4.1,,202,5.2,,1007.1,
2022-06-24 00:00:00,28.7,24.9,34.6,4.4,,168,3.2,,1006.3,
2022-06-25 00:00:00,28.6,24.4,34,3.5,,132,5.7,,1005.3,
2022-06-26 00:00:00,27.9,24.7,33.5,4.8,,125,6,,1007,
2022-06-27 00:00:00,28.7,25.8,35,3.3,,156,5.5,,1007.5,
2022-06-28 00:00:00,29.3,25.1,34.1,0.3,,194,6.9,,1005.8,
2022-06-29 00:00:00,30.1,25.3,35.5,1,,279,7.4,,1003.1,
2022-06-30 00:00:00,29.9,26.7,35.3,0.8,,277,7.2,,1002,
2022-07-01 00:00:00,29.9,26.1,35.2,2.5,,268,9.6,,1001.6,
2022-07-02 00:00:00,29.6,26.3,34.2,2.2,,257,8.6,,1001.6,
2022-07-03 00:00:00,30.4,26.8,35,2.7,,233,8.9,,1002.8,
2022-07-04 00:00:00,29.1,25.5,34.6,5.5,,155,6.4,,1002.8,
2022-07-05 00:00:00,29.2,25.3,34.7,14.4,,181,5.7,,1003.5,
2022-07-06 00:00:00,30.1,25.9,37,5.8,,192,5.3,,1005.1,
2022-07-07 00:00:00,29.3,26.5,33.8,13.4,,270,7.1,,1005.4,
2022-07-08 00:00:00,27.8,24.9,32.4,18.5,,207,5.1,,1004.9,
2022-07-09 00:00:00,26.7,24.5,30.2,14.5,,142,6,,1004.1,
2022-07-10 00:00:00,26.6,24,32.6,26.3,,144,6.1,,1004.6,
2022-07-11 00:00:00,28.1,24.8,33.8,6.1,,257,5.5,,1004.8,
2022-07-12 00:00:00,28.4,25.7,32.7,5.2,,295,5.1,,1003.6,
2022-07-13 00:00:00,26.5,24.7,29.6,52.4,,309,4.5,,1003,
2022-07-14 00:00:00,27,24,32.4,13.3,,153,4.1,,1002.9,
2022-07-15 00:00:00,28,24,33.2,5.5,,156,3.3,,1004.3,
2022-07-16 00:00:00,28.2,24.5,33.6,11.8,,136,4.4,,1005.3,
2022-07-17 00:00:00,29.2,24.1,34.7,2.2,,167,5.1,,1006.2,
2022-07-18 00:00:00,30.4,25.8,35.5,0.6,,265,5.8,,1004.9,
2022-07-19 00:00:00,30.6,27.2,35.5,4.4,,268,7.8,,1003.5,
2022-07-20 00:00:00,28.9,25.2,33.2,7.7,,253,3.8,,1004.3,
2022-07-21 00:00:00,26.8,24.4,31.5,23.6,,117,5.7,,1005.7,
2022-07-22 00:00:00,25.9,23.5,29.9,59.1,,123,5.6,,1008,
2022-07-23 00:00:00,26.7,23.2,32.2,22.8,,98,4.6,,1008.5,
2022-07-24 00:00:00,27.9,24.5,34,9.5,,339,2.5,,1007.4,
2022-07-25 00:00:00,28.1,23.9,34.6,2.5,,28,2.6,,1007.8,
2022-07-26 00:00:00,29.5,24.7,35.3,1.7,,97,3.1,,1007.3,
2022-07-27 00:00:00,30.1,25.5,35.5,0.4,,117,4.2,,1006.5,
2022-07-28 00:00:00,30.1,25.9,35.8,2.9,,121,4.6,,1006.4,
2022-07-29 00:00:00,30.2,26,35,2.1,,147,5.8,,1005.5,
2022-07-30 00:00:00,29.7,26.3,35,7.4,,178,3.9,,1004.7,
2022-07-31 00:00:00,28.1,25,32,12.1,,262,4.4,,1004.1,
2022-08-01 00:00:00,27.7,25,33,19.6,,144,6.7,,1004.4,
2022-08-02 00:00:00,27.1,24.2,33.5,34.3,,129,5.7,,1005.4,
2022-08-03 00:00:00,27.8,24.3,33.6,28.7,,125,5.1,,1007,
2022-08-04 00:00:00,27,24.3,32.5,18.4,,169,4.9,,1006.8,
2022-08-05 00:00:00,27.6,25,32.5,9.9,,180,4.6,,1005.6,
2022-08-06 00:00:00,27.3,24.6,32.8,18.3,,146,4.4,,1004.5,
2022-08-07 00:00:00,26.3,24,32,29.1,,140,5.2,,1004.3,
2022-08-08 00:00:00,25.8,24.4,28.6,43.1,,167,5,,1005.7,
2022-08-09 00:00:00,26.9,24.2,32,26,,199,5.5,,1005.2,
2022-08-10 00:00:00,27.5,24.4,33,17.3,,248,6,,1003.9,
2022-08-11 00:00:00,27.8,24.5,32.5,12,,246,8.6,,1003.2,
2022-08-12 00:00:00,26.4,23.8,29.8,33,,152,6.3,,1005.1,
2022-08-13 00:00:00,26.9,23.4,33.3,10.6,,104,3.4,,1007.2,
2022-08-14 00:00:00,28,23.7,34,3.8,,174,3.6,,1007.7,
2022-08-15 00:00:00,28.3,25.4,35,12.4,,264,6.7,,1006.3,
2022-08-16 00:00:00,27.1,24.4,31.5,3.1,,204,6.8,,1004.6,
2022-08-17 00:00:00,26.9,24.1,32.2,21,,131,7.5,,1004.7,
2022-08-18 00:00:00,27.4,23.3,33,8,,146,3.8,,1005.8,
2022-08-19 00:00:00,28.6,24.3,34.6,0.8,,235,5.8,,1005.8,
2022-08-20 00:00:00,29,25.8,33,1.4,,261,9.5,,1004.3,
2022-08-21 00:00:00,27.7,25,31.8,33.6,,228,7.3,,1002.9,
2022-08-22 00:00:00,26.7,24.2,32.5,38.9,,142,5.6,,1004.7,
2022-08-23 00:00:00,28.4,23.6,34,0.5,,325,2.5,,1006.7,
2022-08-24 00:00:00,29.8,25.5,35,0,,298,5.2,,1005.2,
2022-08-25 00:00:00,27.2,23.6,31.5,22,,247,6.1,,1003.5,
2022-08-26 00:00:00,25.9,23.8,28.9,31.8,,151,8,,1004.6,
2022-08-27 00:00:00,27.3,24.3,31,7.1,,146,6.6,,1007.7,
2022-08-28 00:00:00,28,23.3,34,7.6,,70,4.3,,1007.8,
2022-08-29 00:00:00,28.1,24.4,34,1.7,,358,3.6,,1008.2,
2022-08-30 00:00:00,28.2,24.7,33,0.4,,35,2.9,,1008.7,
2022-08-31 00:00:00,28.8,24.7,34.5,5.8,,171,3.7,,1007.4,
2022-09-01 00:00:00,28.4,25,31.6,5.3,,123,3.8,,1007.6,
2022-09-02 00:00:00,29,24.4,33.8,0.5,,31,3.3,,1007.5,
2022-09-03 00:00:00,28.8,25.3,34.5,14.5,,128,4.6,,1006.1,
2022-09-04 00:00:00,28,24.5,35,8.4,,128,4.1,,1006.7,
2022-09-05 00:00:00,27.5,24.8,32.7,4.3,,65,3.9,,1007.2,
2022-09-06 00:00:00,26.7,23.5,31.5,34.3,,25,3.3,,1007.6,
2022-09-07 00:00:00,27,23.6,32.5,42.8,,292,3.9,,1008.7,
2022-09-08 00:00:00,26.1,23.5,29.2,25.8,,63,3.4,,1009.1,
2022-09-09 00:00:00,26.3,23.8,30.9,23.1,,1,3.3,,1009.5,
2022-09-10 00:00:00,26.1,23.9,31.4,50.8,,0,2.6,,1009.8,
2022-09-11 00:00:00,26.2,24,28.8,19.9,,63,3.1,,1009.3,
2022-09-12 00:00:00,26.8,23.7,31.5,6,,245,3.3,,1008.7,
2022-09-13 00:00:00,28,24.3,32.5,10,,354,3.8,,1008.8,
2022-09-14 00:00:00,27.2,23.5,30.7,5.8,,173,4,,1009,
2022-09-15 00:00:00,28.1,23.8,33.3,4.6,,189,6,,1007.6,
2022-09-16 00:00:00,28.1,24.1,34.4,2.1,,192,6.3,,1005.5,
2022-09-17 00:00:00,27.2,24.5,32,3.3,,116,4.7,,1006,
2022-09-18 00:00:00,26.5,23.7,30.2,17.3,,88,3.4,,1007.4,
2022-09-19 00:00:00,27.5,23.8,33.4,11.3,,281,5.7,,1008.2,
2022-09-20 00:00:00,27.5,23.1,33.7,23.1,,291,5.7,,1007.2,
2022-09-21 00:00:00,27.4,23.7,33.6,3.8,,338,4.3,,1006.8,
2022-09-22 00:00:00,27.1,24,32.5,14.4,,33,3.1,,1007.2,
2022-09-23 00:00:00,26.6,23.8,31.2,19.4,,68,2.7,,1007.8,
2022-09-24 00:00:00,26.8,23.7,33,33.6,,7,3.4,,1007.1,
2022-09-25 00:00:00,25.7,23.8,28.8,21.8,,359,3.6,,1007.3,
2022-09-26 00:00:00,25.5,23.3,31,25.4,,117,4.1,,1008.3,
2022-09-27 00:00:00,26.9,23.5,32,1.2,,0,2.2,,1006.8,
2022-09-28 00:00:00,28.3,23.3,32.5,2.1,,333,3.9,,1003.3,
2022-09-29 00:00:00,28.8,25.8,32.6,17,,339,2.7,,1001.6,
2022-09-30 00:00:00,26.3,24.7,29.6,27.1,,314,5.7,,1003.6,
2022-10-01 00:00:00,26.6,23.3,31.5,33.8,,90,5.3,,1006,
2022-10-02 00:00:00,26.1,23.9,29.2,18.2,,69,3.9,,1007.7,
2022-10-03 00:00:00,26,23.7,29.8,29.3,,16,2.7,,1009,
2022-10-04 00:00:00,26.6,22.9,32.5,19.2,,17,4.4,,1010.7,
2022-10-05 00:00:00,26.9,22.8,33.2,3.8,,343,3.6,,1011,
2022-10-06 00:00:00,27,23.4,33,10.6,,14,3.7,,1010.7,
2022-10-07 00:00:00,27.1,23.2,33.2,18.7,,8,3.7,,1010.8,
2022-10-08 00:00:00,26.6,23.1,31.2,12.1,,37,5.3,,1011.7,
2022-10-09 00:00:00,26.9,23.2,33,7.9,,357,4.1,,1012,
2022-10-10 00:00:00,27.1,23.5,32.5,12.5,,353,5,,1012.9,
2022-10-11 00:00:00,26.7,22.2,31.4,0.7,,311,4.1,,1012.9,
2022-10-12 00:00:00,27.1,22.4,32.6,0.3,,313,3.2,,1011.9,
2022-10-13 00:00:00,27.5,23.1,33,0.2,,0,2.4,,1010.4,
2022-10-14 00:00:00,26.9,23.9,32.5,3.2,,314,4.1,,1009.2,
2022-10-15 00:00:00,26.2,23,30.1,0.3,,28,5.5,,1008.8,
2022-10-16 00:00:00,25.1,22.8,28,4.6,,27,2.9,,1011.6,
2022-10-17 00:00:00,26.2,20.9,32.3,0,,337,3.7,,1011.3,
2022-10-18 00:00:00,26.3,21.4,32.4,0,,6,4.2,,1010.5,
2022-10-19 00:00:00,26.5,20.6,31.8,0,,27,3.6,,1010.5,
2022-10-20 00:00:00,26.2,20.1,31.2,0,,42,2.6,,1011.2,
2022-10-21 00:00:00,26.8,21.4,32.4,0,,30,3.9,,1012.5,
2022-10-22 00:00:00,27.2,22.4,31.5,3.7,,359,4.3,,1012.8,
2022-10-23 00:00:00,27.5,22.6,32.8,0.1,,287,2.9,,1012.4,
2022-10-24 00:00:00,27.6,22.4,32.3,0,,330,2.8,,1011,
2022-10-25 00:00:00,28.1,23.2,34,0,,3,2.3,,1011.1,
2022-10-26 00:00:00,28.1,23.4,33.7,0.7,,3,4,,1010.7,
2022-10-27 00:00:00,27.2,23.8,31.3,5.9,,315,3.8,,1010.4,
2022-10-28 00:00:00,27.9,23.7,33,0.3,,344,4.3,,1009.7,
2022-10-29 00:00:00,27.3,22.4,32,0,,359,3.5,,1010.5,
2022-10-30 00:00:00,26.8,21.3,32.5,0,,349,2.8,,1010.4,
2022-10-31 00:00:00,27.1,21.6,32.9,0,,336,3.2,,1010.5,
2022-11-01 00:00:00,26.8,21.6,31.5,0,,353,3.3,,1010.8,
2022-11-02 00:00:00,26,21,32.6,0,,317,3.5,,1010.1,
2022-11-03 00:00:00,25.9,20.9,31.5,0,,153,3.1,,1010.5,
2022-11-04 00:00:00,26,20.3,31.8,0,,40,2.8,,1012.7,
2022-11-05 00:00:00,25.9,20.7,32,0,,358,2.6,,1014.4,
2022-11-06 00:00:00,25.7,19.5,32.8,0,,344,2.9,,1014,
2022-11-07 00:00:00,25.6,19.8,32.9,0,,329,3.9,,1013,
2022-11-08 00:00:00,25.8,19.7,32.5,0,,333,3.3,,1012.6,
2022-11-09 00:00:00,25.8,19.7,32.5,0,,350,3.1,,1012.8,
2022-11-10 00:00:00,25.6,19.1,31.8,0,,340,3.6,,1012.7,
2022-11-11 00:00:00,25.7,19.1,33,0,,335,4,,1012.1,
2022-11-12 00:00:00,26.1,19.8,33.2,0,,329,5,,1011.1,
2022-11-13 00:00:00,27,20.9,33.6,0,,332,4.3,,1010.3,
2022-11-14 00:00:00,27.1,22.7,32,3.5,,3,2.8,,1011.2,
2022-11-15 00:00:00,27.3,24,34,0.8,,319,2.9,,1010.7,
2022-11-16 00:00:00,27.8,23.2,34.6,8.3,,17,4.6,,1009.4,
2022-11-17 00:00:00,27.6,23.2,34,1.8,,0,3.2,,1009.1,
2022-11-18 00:00:00,27,23.7,32.7,1.8,,352,3.2,,1010.3,
2022-11-19 00:00:00,28.1,23.8,34,0,,353,3.1,,1009.8,
2022-11-20 00:00:00,28.1,23.8,34.1,0.5,,337,3.9,,1008.7,
2022-11-21 00:00:00,28.2,23.3,34,0.1,,347,2.8,,1007.7,
2022-11-22 00:00:00,28.6,23.9,34.5,0,,350,3.4,,1007.3,
2022-11-23 00:00:00,27.7,23.7,33.4,3.5,,1,4.3,,1008.1,
2022-11-24 00:00:00,25.8,24,30.8,24.4,,353,3.4,,1009.5,
2022-11-25 00:00:00,25.8,23,30.6,9.6,,45,2.7,,1011.1,
2022-11-26 00:00:00,25.9,22.8,31.1,6.3,,352,3.8,,1010.5,
2022-11-27 00:00:00,26.4,23.5,30.4,6.2,,77,3.5,,1009.1,
2022-11-28 00:00:00,27.2,23.3,33.3,2,,71,2,,1009.6,
2022-11-29 00:00:00,27.5,23.8,33.7,4.5,,351,2.1,,1010.4,
2022-11-30 00:00:00,27.6,24.1,34.2,2.3,,358,2.6,,1010.5,
2022-12-01 00:00:00,26.2,23.6,30.3,12.1,,358,2.5,,1011.2,
2022-12-02 00:00:00,26.7,23.2,32,3.9,,348,3.3,,1011,
2022-12-03 00:00:00,27,23,32.5,0.2,,353,3,,1010.7,
2022-12-04 00:00:00,27.2,22.2,33,0,,1,3,,1011,
2022-12-05 00:00:00,27.2,22.5,32.4,0,,54,4.4,,1011.7,
2022-12-06 00:00:00,26.6,23.5,31.5,0.3,,136,3.3,,1011.2,
2022-12-07 00:00:00,26.5,22.8,31.6,0,,45,2.4,,1011.2,
2022-12-08 00:00:00,27,22.6,32.4,0,,20,2.7,,1011.4,
2022-12-09 00:00:00,27.1,22.7,32.3,0.1,,50,2.7,,1010.6,
2022-12-10 00:00:00,27.1,22.9,32.3,0,,143,3.5,,1010.1,
2022-12-11 00:00:00,26.7,22.2,31.5,0,,100,4.7,,1010.7,
2022-12-12 00:00:00,26.2,22.5,31,0.1,,141,6.4,,1011.4,
2022-12-13 00:00:00,24.9,21.3,28.3,0.9,,127,5.5,,1013.2,
2022-12-14 00:00:00,23.9,18.8,29.2,0,,82,4.3,,1014.1,
2022-12-15 00:00:00,22.4,17.1,28.7,0,,43,3.3,,1012.5,
2022-12-16 00:00:00,22.9,16.8,30,0,,347,3.1,,1011.3,
2022-12-17 00:00:00,24.2,18.1,30.9,0,,27,6.6,,1013.2,
2022-12-18 00:00:00,23.2,20.2,26.7,0,,40,7.3,,1015.4,
2022-12-19 00:00:00,20.9,16.3,26.7,0,,5,5.2,,1014.4,
2022-12-20 00:00:00,21.2,15.5,28.5,0,,335,3.3,,1012.2,
2022-12-21 00:00:00,22.3,15.9,29.5,0,,341,3,,1011.8,
2022-12-22 00:00:00,23.4,17.7,31,0,,7,3.3,,1010.8,
2022-12-23 00:00:00,23.9,19.4,30,0,,130,4.1,,1011.2,
2022-12-24 00:00:00,24.3,20.5,28.8,0,,141,4.2,,1013.2,
2022-12-25 00:00:00,23.8,19.9,28,0,,164,4,,1015.1,
2022-12-26 00:00:00,23.1,17.6,29.6,0,,339,3.6,,1015.9,
2022-12-27 00:00:00,23,17.5,30.2,0,,5,2.6,,1015.2,
2022-12-28 00:00:00,23.3,18.4,30,0,,84,3.2,,1015.4,
2022-12-29 00:00:00,23.7,19,29.6,0.3,,47,3.4,,1016.1,
2022-12-30 00:00:00,23.6,19.8,30,0.1,,93,4.1,,1017.2,
2022-12-31 00:00:00,22.9,19,29.4,0,,52,3,,1017.2,
2023-01-01 00:00:00,22.5,18.6,28.4,0,,14,2.7,,1016.9,
2023-01-02 00:00:00,22.1,16.3,29.3,0,,340,2.7,,1017,
2023-01-03 00:00:00,23.6,19,28.4,0,,339,4.3,,1016.5,
2023-01-04 00:00:00,24.7,20.2,31.2,0,,350,3.7,,1015.7,
2023-01-05 00:00:00,24.7,19,31.2,0,,8,3.2,,1015.4,
2023-01-06 00:00:00,24.2,18.2,30.5,0,,26,6.3,,1016.2,
2023-01-07 00:00:00,23.4,18,29.5,0,,346,5.9,,1015.3,
2023-01-08 00:00:00,23.5,18.1,28.7,0,,342,5.3,,1014.2,
2023-01-09 00:00:00,24.9,20.2,30.4,0,,329,5.4,,1014.2,
2023-01-10 00:00:00,26.3,21.2,32.1,0,,7,4.3,,1012.4,
2023-01-11 00:00:00,25.5,22.2,31.7,1.5,,121,4.1,,1011.3,
2023-01-12 00:00:00,25.4,21.9,30.8,0.3,,152,5.9,,1010.5,
2023-01-13 00:00:00,25.6,19.8,31.7,0,,313,5.2,,1010.7,
2023-01-14 00:00:00,24.9,18.7,32.2,0,,281,7.9,,1009.5,
2023-01-15 00:00:00,24,17.5,31.7,0,,322,7.1,,1009.1,
2023-01-16 00:00:00,22.8,16.1,30.7,0,,5,5.2,,1011.1,
2023-01-17 00:00:00,23.7,18,31,0,,30,5.1,,1013,
2023-01-18 00:00:00,25.2,21,31.7,0,,114,5,,1014.7,
2023-01-19 00:00:00,23.8,19.1,30.5,0,,280,5.2,,1014.6,
2023-01-20 00:00:00,23.6,18.5,31,0,,16,4.3,,1014.3,
2023-01-21 00:00:00,23,16.5,31.2,0,,346,3.7,,1013.2,
2023-01-22 00:00:00,23.1,16.9,32.5,0,,353,3.6,,1011.8,
2023-01-23 00:00:00,23.4,16.7,33.2,0,,20,3.9,,1010.9,
2023-01-24 00:00:00,24.3,16.7,32.8,0,,28,8.8,,1012.6,
2023-01-25 00:00:00,22.9,18,28.8,0,,34,5.1,,1013.9,
2023-01-26 00:00:00,22.3,17,30.1,0,,61,4.4,,1012.3,
2023-01-27 00:00:00,23.3,15.8,30.8,0,,25,7.6,,1012.5,
2023-01-28 00:00:00,23.1,18,29.8,0,,59,7.6,,1013.9,
2023-01-29 00:00:00,21.9,16.5,28.5,0,,58,7.8,,1015.5,
2023-01-30 00:00:00,20.8,14,28.2,0,,9,6.1,,1016,
2023-01-31 00:00:00,21.3,15.1,29.3,0,,69,4.5,,1012.4,
2023-02-01 00:00:00,22.8,16,30.8,0,,13,4.2,,1010.4,
2023-02-02 00:00:00,24.7,17.6,33.2,0,,350,4,,1010.3,
2023-02-03 00:00:00,26.3,20,33.2,0,,338,5.8,,1010.5,
2023-02-04 00:00:00,26.7,23,31.4,0.5,,137,6.2,,1009.9,
2023-02-05 00:00:00,26.8,22.2,32.5,3.3,,132,6.6,,1009.5,
2023-02-06 00:00:00,27.3,21.9,34.8,0,,223,5.1,,1009,
2023-02-07 00:00:00,28.1,22.7,35,0,,214,7.3,,1008.7,
2023-02-08 00:00:00,27,20.6,35,0,,192,5.8,,1009,
2023-02-09 00:00:00,26.5,19.8,34,0,,342,5.2,,1009.1,
2023-02-10 00:00:00,27.6,21.7,35,0,,247,5.1,,1009.3,
2023-02-11 00:00:00,28,21.7,35.5,0,,160,6.5,,1009,
2023-02-12 00:00:00,28.1,21,35.2,0,,237,8.5,,1009.3,
2023-02-13 00:00:00,27.8,21,34.4,0,,317,5.7,,1009.3,
2023-02-14 00:00:00,27.8,21.6,35,0,,356,4.8,,1009.5,
2023-02-15 00:00:00,26.1,21,33.2,1.5,,108,8.2,,1011.6,
2023-02-16 00:00:00,25.8,21,31.4,1.4,,49,7.5,,1014.2,
2023-02-17 00:00:00,25.2,21.5,31.5,0,,357,7.9,,1014.3,
2023-02-18 00:00:00,24.3,20.4,28.9,0.2,,319,6.2,,1013.3,
2023-02-19 00:00:00,25.3,18,34,0,,353,4.5,,1012.1,
2023-02-20 00:00:00,26.5,22.3,31.8,0,,183,4.2,,1012.1,
2023-02-21 00:00:00,26.5,21.4,33,0,,127,5.6,,1013,
2023-02-22 00:00:00,26.3,20.6,33,0,,133,5.7,,1012.7,
2023-02-23 00:00:00,26.4,20.2,34.6,0,,146,6.6,,1011.7,
2023-02-24 00:00:00,27.1,20.7,34.5,0,,99,5.6,,1011.3,
2023-02-25 00:00:00,27,22.6,32.4,0,,107,7,,1015.4,
2023-02-26 00:00:00,25.4,21.2,31,0,,59,7.4,,1018.8,
2023-02-27 00:00:00,23.2,16.9,30.1,0,,44,6.3,,1018.5,
2023-02-28 00:00:00,23.7,15.5,32,0,,10,5.4,,1016.6,
2023-03-01 00:00:00,25.3,18,34.5,0,,343,5.7,,1015,
2023-03-02 00:00:00,26.6,19.5,34.9,0,,167,6.2,,1014.7,
2023-03-03 00:00:00,26.6,20.9,33.2,0,,141,5.5,,1016.1,
2023-03-04 00:00:00,26,20,32.5,0,,142,5.7,,1016.6,
2023-03-05 00:00:00,25.9,20.1,31.9,0,,129,5.3,,1016,
2023-03-06 00:00:00,26.2,20.1,32.7,0,,147,6.4,,1014.3,
2023-03-07 00:00:00,27,20.2,34.5,0,,122,5.8,,1013.3,
2023-03-08 00:00:00,27.7,20.6,35.8,0,,129,5.6,,1012.7,
2023-03-09 00:00:00,28.1,21.5,35.3,0,,108,5.6,,1011.6,
2023-03-10 00:00:00,28.5,22.8,34.9,0,,107,6,,1011.2,
2023-03-11 00:00:00,28.9,22.6,35.7,0,,130,5.6,,1010.5,
2023-03-12 00:00:00,29,23.8,35.4,7.2,,114,7.6,,1010.9,
2023-03-13 00:00:00,24.8,22,30.7,12.8,,348,7.1,,1014,
2023-03-14 00:00:00,25.9,20.4,31.6,0,,346,5.9,,1011.5,
2023-03-15 00:00:00,27.1,21.7,34,0,,33,4.9,,1010.1,
2023-03-16 00:00:00,27.9,22.2,35,0,,4,4.5,,1011,
2023-03-17 00:00:00,28.2,22.5,35.5,0,,207,5.1,,1010.7,
2023-03-18 00:00:00,29.1,23.9,36.2,0,,107,6.1,,1009.2,
2023-03-19 00:00:00,29.5,23.4,36.2,1.1,,163,9.3,,1008.4,
2023-03-20 00:00:00,30.4,24,36.8,0.3,,280,7.3,,1007.6,
2023-03-21 00:00:00,31.1,24.7,37.4,0,,223,8.4,,1006.9,
2023-03-22 00:00:00,31.6,24.7,39.3,0,,271,9.9,,1005.7,
2023-03-23 00:00:00,32.2,26,38.7,0,,248,13.7,,1005.4,
2023-03-24 00:00:00,32.3,26.7,39.7,0,,264,11.2,,1006.3,
2023-03-25 00:00:00,32.3,25,39,0,,241,10.4,,1006.7,
2023-03-26 00:00:00,31.9,25.2,38.7,0,,217,9.8,,1006.2,
2023-03-27 00:00:00,31.6,25,39.8,0,,192,8,,1006.5,
2023-03-28 00:00:00,31.1,25.9,37.7,0.3,,135,7.9,,1007.9,
2023-03-29 00:00:00,31.3,25,38,0,,192,10.6,,1008.7,
2023-03-30 00:00:00,31.3,24.7,38.2,0,,168,9.9,,1007,
2023-03-31 00:00:00,31.6,24.4,38,0,,166,7.8,,1006.6,
2023-04-01 00:00:00,31.2,25.4,37.5,0,,167,9.4,,1006.5,
2023-04-02 00:00:00,31.9,25.6,38.2,0,,233,9.7,,1006.1,
2023-04-03 00:00:00,32.4,26.4,39.4,0,,269,12.2,,1005.7,
2023-04-04 00:00:00,32.6,26.9,39.1,0,,261,13,,1005.3,
2023-04-05 00:00:00,32.4,26.9,38.8,0,,254,10.4,,1005.6,
2023-04-06 00:00:00,32.4,25.6,39.5,0,,175,8.3,,1006.5,
2023-04-07 00:00:00,32.6,25.5,39.7,0,,149,8.1,,1007.7,
2023-04-08 00:00:00,32.4,26.5,38.9,0,,139,9.7,,1010.1,
2023-04-09 00:00:00,32.1,27,37,0.2,,157,11,,1010.5,
2023-04-10 00:00:00,32.8,26.1,39.4,0,,157,7.6,,1008,
2023-04-11 00:00:00,33.3,26.8,40.1,0,,178,9.1,,1006.9,
2023-04-12 00:00:00,33.3,26.8,40.1,0,,228,8.3,,1005.8,
2023-04-13 00:00:00,33.8,28.1,40.7,0,,206,9.2,,1005.5,
2023-04-14 00:00:00,33.6,27,40.5,0,,192,8.4,,1005.6,
2023-04-15 00:00:00,33.7,27.2,41,0,,195,7.8,,1005.1,
2023-04-16 00:00:00,32,26.3,38.8,0.2,,169,11.8,,1005.5,
2023-04-17 00:00:00,32.8,25.6,39.5,0,,164,9,,1006.5,
2023-04-18 00:00:00,33.5,26.8,40.1,0,,179,8.4,,1006.3,
2023-04-19 00:00:00,33.9,27.9,40.5,0,,230,11.4,,1003.8,
2023-04-20 00:00:00,33.7,28.5,40.6,0.1,,274,11.4,,1002.1,
2023-04-21 00:00:00,34.1,28.4,40.2,0,,233,11.5,,1002.7,
2023-04-22 00:00:00,34.1,28.7,40.2,0,,196,8.7,,1003.4,
2023-04-23 00:00:00,32.6,27.7,39,0,,140,8.1,,1006.2,
2023-04-24 00:00:00,31.3,25.7,38,0.2,,121,5.4,,1009.1,
2023-04-25 00:00:00,33.5,27,40.7,0,,100,5.5,,1006.7,
2023-04-26 00:00:00,28.9,25.1,35.2,14.4,,111,8.7,,1008.5,
2023-04-27 00:00:00,29.4,25,36.7,0.7,,106,5.2,,1008.8,
2023-04-28 00:00:00,31.3,25.2,38.2,0,,140,5.2,,1007.7,
2023-04-29 00:00:00,32.7,27.6,39,0,,177,7.3,,1006.2,
2023-04-30 00:00:00,29.8,24.7,35.6,19.7,,132,11.5,,1007.6,
2023-05-01 00:00:00,31,25.2,37,0,,115,5.8,,1008.1,
2023-05-02 00:00:00,31.2,25,38,1,,333,5.6,,1008.1,
2023-05-03 00:00:00,31.1,26.5,38.6,5.9,,321,6.5,,1009,
2023-05-04 00:00:00,33.6,27.8,40.7,0,,270,7.8,,1006.1,
2023-05-05 00:00:00,35,29.2,41.7,0,,260,12.2,,1003.1,
2023-05-06 00:00:00,35.7,30.3,42.3,0,,260,12.3,,1001.7,
2023-05-07 00:00:00,36.1,30.6,42,0,,261,12.1,,1001.4,
2023-05-08 00:00:00,33.9,30.2,40.6,0,,182,9.1,,1003.3,
2023-05-09 00:00:00,32,28,38.2,2.3,,146,7.4,,1006.2,
2023-05-10 00:00:00,29.5,24,35.7,13.4,,184,7.8,,1007.8,
2023-05-11 00:00:00,30.7,25,36.8,0.2,,125,4.6,,1008.2,
2023-05-12 00:00:00,28.2,24.9,31.6,33.2,,94,7.5,,1009,
2023-05-13 00:00:00,28.2,25.2,35,36.5,,105,7.3,,1008.7,
2023-05-14 00:00:00,27.6,24.9,33.5,10.4,,129,10.1,,1007.8,
2023-05-15 00:00:00,27.9,24.5,32.5,9.2,,195,8,,1008.5,
2023-05-16 00:00:00,28.9,25.1,33.5,1.1,,236,10.8,,1009.2,
2023-05-17 00:00:00,30.3,25.5,37,0,,273,9.7,,1008.9,
2023-05-18 00:00:00,31.4,27.1,37.2,0,,266,14.5,,1007.7,
2023-05-19 00:00:00,31.8,27.2,38.7,0,,263,12.5,,1005.8,
2023-05-20 00:00:00,32.1,27.3,39.9,0,,261,10.5,,1005.4,
2023-05-21 00:00:00,32.6,27.6,38.8,0.6,,288,8.3,,1006.3,
2023-05-22 00:00:00,31.6,27.7,38.5,4.5,,204,7.8,,1007.1,
2023-05-23 00:00:00,30.5,26,39,2.8,,271,7.6,,1007.3,
2023-05-24 00:00:00,31.4,26.5,38.2,2.5,,222,6.4,,1006.2,
2023-05-25 00:00:00,32.4,26.5,38.5,0.1,,245,11.6,,1006.4,
2023-05-26 00:00:00,32.5,28.1,39,0,,284,8.8,,1006.7,
2023-05-27 00:00:00,32.8,28.5,39.2,0,,274,8.2,,1005,
2023-05-28 00:00:00,31.6,28.3,37.4,6.8,,199,8,,1004.8,
2023-05-29 00:00:00,29.1,24.5,34.4,23.1,,97,6.7,,1006.5,
2023-05-30 00:00:00,30.9,26.9,36.5,1.6,,147,6.5,,1005.6,
2023-05-31 00:00:00,31.9,27.3,38,0.5,,201,7.7,,1004.3,
2023-06-01 00:00:00,32.5,27.7,38.4,0,,261,12.3,,1003.6,
2023-06-02 00:00:00,32.8,28,38.6,0.4,,263,12.4,,1004.2,
2023-06-03 00:00:00,32.8,28,39.2,1.1,,243,10.8,,1005.3,
2023-06-04 00:00:00,31.9,27.6,39,11.9,,207,7.6,,1005.3,
2023-06-05 00:00:00,31.2,27.5,37.3,3,,183,7.8,,1004.4,
2023-06-06 00:00:00,29.4,26.2,35.2,8.5,,141,8.2,,1004.3,
2023-06-07 00:00:00,28,25.2,34.3,20.5,,104,5.6,,1005.1,
2023-06-08 00:00:00,27.5,25,32.8,9.6,,134,6.2,,1005.7,
2023-06-09 00:00:00,27.6,25,32,5,,148,6.1,,1005,
2023-06-10 00:00:00,28.1,24.9,32,5.5,,160,6.8,,1003.9,
2023-06-11 00:00:00,28.8,25.6,35.5,18.3,,164,6.9,,1003.4,
2023-06-12 00:00:00,28.7,24.9,33.2,11,,159,7.4,,1003.7,
2023-06-13 00:00:00,28.9,25.9,33,9.4,,148,7.7,,1004.3,
2023-06-14 00:00:00,28.4,24.9,33.8,7,,185,7.5,,1005.9,
2023-06-15 00:00:00,28.6,25,33.2,0.9,,173,7.7,,1006.2,
2023-06-16 00:00:00,29,26.3,34.3,6.9,,174,8.3,,1005.4,
2023-06-17 00:00:00,29.5,25.5,35.5,6.2,,151,8.4,,1006,
2023-06-18 00:00:00,28.7,24.9,34.6,8,,160,8.9,,1006.3,
2023-06-19 00:00:00,28.7,24.8,34,4.6,,175,8.8,,1006.2,
2023-06-20 00:00:00,29.1,25.4,35,12.3,,199,9.3,,1006.6,
2023-06-21 00:00:00,29.4,26,35,0.3,,249,10.3,,1007.6,
2023-06-22 00:00:00,30.4,26.9,35,0,,264,13.4,,1007.2,
2023-06-23 00:00:00,31.2,26.8,38,0.1,,266,13,,1005.9,
2023-06-24 00:00:00,29.1,25.8,35.2,23.5,,263,12.5,,1005.6,
2023-06-25 00:00:00,29.6,25.9,35.1,3.4,,258,12.1,,1005.5,
2023-06-26 00:00:00,28.8,25.8,32,10.4,,254,11.9,,1006.1,
2023-06-27 00:00:00,29.1,26.5,34.5,5,,243,8.5,,1006.4,
2023-06-28 00:00:00,29.6,25.8,36.1,3.4,,133,5.9,,1007.1,
2023-06-29 00:00:00,29.8,26,36,16.2,,154,7.7,,1005.9,
2023-06-30 00:00:00,29.8,25.3,35.7,1.2,,157,6.8,,1004.9,
2023-07-01 00:00:00,29.3,26,35.2,29.1,,132,8.7,,1005.1,
2023-07-02 00:00:00,29,25.5,34,15.8,,139,8.6,,1005.9,
2023-07-03 00:00:00,27.2,24.8,32.2,20.2,,171,7.4,,1007.2,
2023-07-04 00:00:00,26.8,25.1,31.6,7.4,,149,7.2,,1007.6,
2023-07-05 00:00:00,27.8,24.4,32.1,10.8,,159,6.8,,1007.5,
2023-07-06 00:00:00,29.4,24.6,35.2,1,,209,7.1,,1007.8,
2023-07-07 00:00:00,30.9,26.2,36.8,0.4,,240,8.6,,1007.2,
2023-07-08 00:00:00,30.4,26,35.5,18.4,,176,9.7,,1007.1,
2023-07-09 00:00:00,28.3,25,33.4,6.2,,133,7.9,,1007.3,
2023-07-10 00:00:00,27.8,24.6,33.8,16.9,,132,7.3,,1007.6,
2023-07-11 00:00:00,28.5,25,34,18,,147,6,,1007.6,
2023-07-12 00:00:00,28.7,25.8,33.5,1.2,,171,6.8,,1007.8,
2023-07-13 00:00:00,30.5,26.1,36,0,,257,12.4,,1007,
2023-07-14 00:00:00,30.1,27.2,34.6,0,,266,14.8,,1006.6,
2023-07-15 00:00:00,30.2,26.8,35,0.4,,264,13.9,,1005,
2023-07-16 00:00:00,30.2,26.7,35.6,3.6,,273,12.7,,1003.1,
2023-07-17 00:00:00,29.5,27,36.1,3.2,,257,11.3,,1001.9,
2023-07-18 00:00:00,29.8,26.2,35,4.6,,258,11.1,,1001.7,
2023-07-19 00:00:00,29.8,25.8,33.4,1.1,,251,11.6,,1002.3,
2023-07-20 00:00:00,29.5,25.8,34,5.3,,255,8.5,,1004,
2023-07-21 00:00:00,29.9,26,35,9,,349,5.9,,1006.2,
2023-07-22 00:00:00,28.9,24.8,35.5,8.6,,82,6.9,,1007.8,
2023-07-23 00:00:00,28.3,25,33.5,7.4,,118,7.4,,1007.7,
2023-07-24 00:00:00,28.2,24.6,32.5,5.8,,161,6.3,,1006.3,
2023-07-25 00:00:00,29,25.5,34.2,4.3,,199,7.2,,1006.4,
2023-07-26 00:00:00,30.1,26,35.8,0.2,,271,11,,1006.4,
2023-07-27 00:00:00,30.7,27,36,0,,268,16.3,,1004.6,
2023-07-28 00:00:00,30.4,27.1,35.4,0,,264,17.6,,1002.5,
2023-07-29 00:00:00,30.2,27.6,35.6,0.9,,255,15.8,,1002.4,
2023-07-30 00:00:00,28.7,25.9,32.6,24.9,,164,6.8,,1003,
2023-07-31 00:00:00,27.5,26,31.4,10.2,,132,7.9,,1004.5,
2023-08-01 00:00:00,28.5,24.8,32.7,4.9,,154,6.1,,1005.2,
2023-08-02 00:00:00,28,25.4,31.6,5.4,,163,9.2,,1005.5,
2023-08-03 00:00:00,28.6,25.5,31.6,1.1,,245,12.8,,1005.3,
2023-08-04 00:00:00,28.4,25.8,32,10.4,,227,12.1,,1007.4,
2023-08-05 00:00:00,27.9,25.5,32,6.2,,193,11.3,,1008.6,
2023-08-06 00:00:00,28.1,26.1,31.5,3.7,,256,12.2,,1006.7,
2023-08-07 00:00:00,26.6,25.2,28.8,13.8,,186,9.5,,1005.5,
2023-08-08 00:00:00,26.5,25,28.2,8.5,,170,7.6,,1006.2,
2023-08-09 00:00:00,27.1,24.7,31.5,4.8,,210,8,,1008,
2023-08-10 00:00:00,28.8,24.2,33,0.1,,244,11.6,,1007.5,
2023-08-11 00:00:00,29.8,26.2,35.2,0,,280,12.9,,1005.9,
2023-08-12 00:00:00,30.1,26.8,35,0,,262,13.6,,1004.8,
2023-08-13 00:00:00,30.1,26.3,34.5,0.1,,254,12.8,,1004.7,
2023-08-14 00:00:00,30.4,26.8,35.3,0,,261,12.7,,1004.8,
2023-08-15 00:00:00,30,27.2,35,2.9,,232,12.4,,1005.3,
2023-08-16 00:00:00,28.6,25.1,34,4.6,,169,8.6,,1006.2,
2023-08-17 00:00:00,29.1,25.4,34,11.8,,186,7.9,,1006.7,
2023-08-18 00:00:00,30.5,26.3,36.3,0,,282,9.8,,1005.8,
2023-08-19 00:00:00,31.3,26.9,36.9,0.3,,271,9.8,,1005.1,
2023-08-20 00:00:00,31,25.6,37.5,8.3,,260,8.9,,1004.4,
2023-08-21 00:00:00,28.2,25,33.2,14.9,,130,6,,1005.9,
2023-08-22 00:00:00,28.1,24.7,33.5,2.3,,149,5.9,,1006.4,
2023-08-23 00:00:00,29.5,25.1,35,0,,230,10.4,,1005.6,
2023-08-24 00:00:00,29.5,26.5,33.8,4.2,,238,12.8,,1005.7,
2023-08-25 00:00:00,29.8,26.5,34.9,0.1,,248,12.3,,1006.1,
2023-08-26 00:00:00,29.8,26.5,34.2,0.7,,259,12.7,,1006.2,
2023-08-27 00:00:00,30,26.8,35.3,0.4,,274,13.9,,1005.1,
2023-08-28 00:00:00,30.8,27.5,35.5,0.2,,259,13.9,,1003.9,
2023-08-29 00:00:00,29.9,26,35.2,6.4,,238,8.5,,1003.7,
2023-08-30 00:00:00,28.2,25.6,34.5,35.3,,20,5.8,,1005.6,
2023-08-31 00:00:00,28.1,25.1,33.5,7.2,,351,4.5,,1006.3,
2023-09-01 00:00:00,29.3,25.4,35.2,9.7,,254,5.2,,1005.3,
2023-09-02 00:00:00,28.2,25.3,33.2,20.3,,0,5.3,,1004.5,
2023-09-03 00:00:00,29.1,25.4,35.7,3.8,,179,5.9,,1003.1,
2023-09-04 00:00:00,29.3,25.3,36,8.1,,127,6.3,,1002.5,
2023-09-05 00:00:00,26.9,24.5,31.4,21.3,,73,5.6,,1004.8,
2023-09-06 00:00:00,27.1,24.7,32.2,6.7,,163,5.7,,1007.4,
2023-09-07 00:00:00,28.5,25.8,33.6,6.7,,261,6.4,,1007.6,
2023-09-08 00:00:00,28,25.5,33.5,7.1,,252,6.7,,1007.1,
2023-09-09 00:00:00,27.9,25.5,33.4,18.3,,172,5.7,,1005.2,
2023-09-10 00:00:00,27.6,24.4,33.2,10.4,,164,8.3,,1004.8,
2023-09-11 00:00:00,26.9,24.6,31.8,35.7,,143,7,,1005.7,
2023-09-12 00:00:00,26.6,24.2,31,20.3,,146,5.9,,1006.7,
2023-09-13 00:00:00,27.1,24.5,30.5,8.1,,186,8.8,,1007.5,
2023-09-14 00:00:00,26.9,25,31.8,11.9,,239,7.5,,1007.3,
2023-09-15 00:00:00,27.4,25,32.4,21.2,,310,6,,1005.9,
2023-09-16 00:00:00,26.1,24.4,29.1,39,,304,6.1,,1005.7,
2023-09-17 00:00:00,26.5,24.1,30.8,31.1,,122,6.5,,1006.5,
2023-09-18 00:00:00,26.1,24.4,30.2,27.5,,106,5.2,,1008.5,
2023-09-19 00:00:00,26.3,24.4,29.8,21.8,,264,3.7,,1010.6,
2023-09-20 00:00:00,28.6,24.9,34.5,1.1,,349,3.8,,1009.6,
2023-09-21 00:00:00,29.1,24.9,35.5,0.7,,307,4.9,,1008.7,
2023-09-22 00:00:00,28.8,24.4,33.3,4.4,,80,4.8,,1008.5,
2023-09-23 00:00:00,29.1,25.1,34.6,12,,82,4.8,,1008.4,
2023-09-24 00:00:00,29.6,24.8,35.2,1.9,,99,5.1,,1007.1,
2023-09-25 00:00:00,29.1,25,34.2,3.4,,33,4.4,,1005.9,
2023-09-26 00:00:00,28,24.1,32.6,11.3,,305,6.7,,1005.6,
2023-09-27 00:00:00,26.4,24.8,29.2,27.8,,337,5.8,,1004.6,
2023-09-28 00:00:00,25.7,24,30,43.3,,135,9.4,,1006.6,
2023-09-29 00:00:00,26.1,24.2,29.9,34.4,,128,10.6,,1009,
2023-09-30 00:00:00,26.7,24.2,30.5,18.1,,138,5.8,,1010.3,
2023-10-01 00:00:00,27.5,24,32.2,6.3,,139,5.1,,1008.9,
2023-10-02 00:00:00,28.7,24.8,34.5,0,,251,6.6,,1009.1,
2023-10-03 00:00:00,29.2,24.9,33.7,0.5,,286,5,,1009.1,
2023-10-04 00:00:00,28.9,25,34,3.1,,123,5.5,,1008.7,
2023-10-05 00:00:00,27.8,25.2,32.5,27.9,,87,5.3,,1007.8,
2023-10-06 00:00:00,26.7,24.2,31.2,35.4,,76,5.2,,1007.9,
2023-10-07 00:00:00,26.2,24,30.2,28.3,,128,5.2,,1008.5,
2023-10-08 00:00:00,26.4,23.8,31.3,13.7,,144,6.7,,1009.9,
2023-10-09 00:00:00,26.2,24.4,30.2,27.5,,116,4.9,,1010.7,
2023-10-10 00:00:00,25.9,23.6,31.2,46.3,,337,4,,1011.3,
2023-10-11 00:00:00,26.5,22.8,31.2,32.8,,345,4.1,,1012.1,
2023-10-12 00:00:00,27.1,24.1,33.5,13.5,,306,4.7,,1013.1,
2023-10-13 00:00:00,27.8,24.3,31.5,10.1,,338,4,,1012.5,
2023-10-14 00:00:00,27.2,23.9,32.2,7.2,,339,3.6,,1010.8,
2023-10-15 00:00:00,27.2,24.2,31.7,28.3,,20,5.1,,1009.2,
2023-10-16 00:00:00,27,23.9,32.8,8.9,,346,5.8,,1010.8,
2023-10-17 00:00:00,27.8,23.3,32.5,2.3,,322,4,,1011,
2023-10-18 00:00:00,28.4,24.2,33.5,0,,2,2.8,,1010.9,
2023-10-19 00:00:00,28.5,23.9,32.5,0.2,,312,3.7,,1010.6,
2023-10-20 00:00:00,28.6,24.5,34.5,4.1,,1,5,,1011.2,
2023-10-21 00:00:00,26.8,24,32,7.6,,329,5.9,,1013.4,
2023-10-22 00:00:00,27.1,23.2,32.2,5,,298,5.7,,1013.8,
2023-10-23 00:00:00,27.5,23,32.2,10.9,,336,4,,1013,
2023-10-24 00:00:00,28.3,23.5,33.8,0.4,,326,4.7,,1012.1,
2023-10-25 00:00:00,28.4,23.7,34,0.6,,32,3.8,,1011.6,
2023-10-26 00:00:00,27.5,24.5,31.2,12.6,,21,3.6,,1011.3,
2023-10-27 00:00:00,27.2,23.6,33,21.1,,86,4.8,,1011.2,
2023-10-28 00:00:00,27.3,24.1,33,3.3,,347,4.3,,1011,
2023-10-29 00:00:00,26.6,24,30.5,13.2,,355,5.4,,1011.4,
2023-10-30 00:00:00,26.2,24,32.8,23.3,,328,6,,1012.2,
2023-10-31 00:00:00,26.1,23.2,32,5.5,,338,5.7,,1014,
2023-11-01 00:00:00,27.2,23,32.7,0,,346,4.5,,1013.5,
2023-11-02 00:00:00,28,23,32.8,0,,340,4.1,,1011.9,
2023-11-03 00:00:00,28.6,23.9,33.5,0,,302,3.3,,1009.6,
2023-11-04 00:00:00,28.6,24.5,33.8,1.8,,19,3.2,,1009.7,
2023-11-05 00:00:00,28.7,24.7,34,0.8,,353,3.5,,1010.8,
2023-11-06 00:00:00,29.2,25,34,0.1,,4,2.7,,1011.1,
2023-11-07 00:00:00,27.8,23.8,33.8,8.6,,354,5.4,,1011.8,
2023-11-08 00:00:00,28.3,23.6,34.5,4.5,,51,4,,1010.8,
2023-11-09 00:00:00,28.4,24.1,33,0.3,,26,4,,1010.9,
2023-11-10 00:00:00,28.7,24.8,33.5,0.3,,24,4,,1012,
2023-11-11 00:00:00,28.6,24.2,33.8,6.2,,355,4.1,,1012.6,
2023-11-12 00:00:00,27.4,24.6,33.3,10,,348,4.4,,1013.1,
2023-11-13 00:00:00,27.6,23.9,33.7,11.3,,1,7.3,,1013.4,
2023-11-14 00:00:00,27.5,22.9,33.2,0.4,,345,5.8,,1014.6,
2023-11-15 00:00:00,27.7,23.1,33.3,0,,359,4.2,,1014.6,
2023-11-16 00:00:00,27.5,23.4,32.3,5.1,,17,5.6,,1015.6,
2023-11-17 00:00:00,26,21.5,29.7,0,,17,7.7,,1017.5,
2023-11-18 00:00:00,24.9,20.6,29.7,0,,357,5.5,,1016.6,
2023-11-19 00:00:00,24.2,19.7,29.8,0,,7,4.1,,1015.8,
2023-11-20 00:00:00,24.3,19.5,30.3,0,,346,4.8,,1014.8,
2023-11-21 00:00:00,24.3,19.2,31.5,0,,343,4.5,,1012.9,
2023-11-22 00:00:00,24.7,19.1,31.6,0,,354,4.3,,1011.3,
2023-11-23 00:00:00,25.1,20.1,31.6,0,,346,4.1,,1011.5,
2023-11-24 00:00:00,25.5,20,31.5,0,,349,5.6,,1012.9,
2023-11-25 00:00:00,25.8,20.8,31.2,0,,2,5.6,,1013.4,
2023-11-26 00:00:00,25.7,20.6,31.5,0,,355,5.1,,1013.9,
2023-11-27 00:00:00,26.3,21.7,31,0.1,,355,5.1,,1013.5,
2023-11-28 00:00:00,26.1,21.9,31.5,0,,9,5,,1012.8,
2023-11-29 00:00:00,25.5,20.6,30.8,0,,333,5.6,,1013.1,
2023-11-30 00:00:00,26.3,21.9,31.3,0,,344,4.5,,1013.2,
2023-12-01 00:00:00,26.8,21.6,32.2,0,,0,5.2,,1012.9,
2023-12-02 00:00:00,27.3,23.2,32,0.7,,4,6.1,,1013,
2023-12-03 00:00:00,27.4,23.5,31.7,0,,326,5.7,,1013.1,
2023-12-04 00:00:00,27.1,22.9,31.6,0,,344,3.9,,1012.1,
2023-12-05 00:00:00,27.3,23.2,32.2,0,,344,3.5,,1011.3,
2023-12-06 00:00:00,27.9,23.9,34,10.9,,329,4.5,,1011.9,
2023-12-07 00:00:00,26.8,23.1,32.8,20.3,,292,5,,1012.9,
2023-12-08 00:00:00,26.9,23,31.8,0,,59,4.4,,1012,
2023-12-09 00:00:00,26.7,22.8,32,0,,29,3.7,,1010.8,
2023-12-10 00:00:00,27.9,23.2,33.3,0,,150,4.4,,1009.1,
2023-12-11 00:00:00,28.2,23.7,34,0,,344,4,,1010,
2023-12-12 00:00:00,28,23.2,34.3,0,,334,4.4,,1010.2,
2023-12-13 00:00:00,27.5,22.7,33.2,0,,352,4.1,,1012,
2023-12-14 00:00:00,26.9,22.1,33,0,,344,3.7,,1013.1,
2023-12-15 00:00:00,26.8,21.8,33.8,0,,328,3.8,,1012.4,
2023-12-16 00:00:00,26.7,21.4,34.2,0,,328,4.5,,1012.1,
2023-12-17 00:00:00,26.6,22.5,32.7,0,,315,4.8,,1013.2,
2023-12-18 00:00:00,26.4,23.1,32.2,0.3,,291,5.5,,1014.1,
2023-12-19 00:00:00,26.3,21.8,32.2,0,,333,4.5,,1013.9,
2023-12-20 00:00:00,26.3,21,33,0,,355,4.4,,1013.4,
2023-12-21 00:00:00,25.9,23,29.8,0,,89,5.7,,1014.6,
2023-12-22 00:00:00,23.4,19.4,28,0,,73,8.3,,1018.2,
2023-12-23 00:00:00,21.1,15.8,27.8,0,,22,7.2,,1019.9,
2023-12-24 00:00:00,21.7,16.1,28.2,0,,3,6.4,,1020.2,
2023-12-25 00:00:00,22.3,17.3,27.8,0,,9,6.2,,1018.8,
2023-12-26 00:00:00,22.5,17.1,28.3,0,,347,4.4,,1018,
2023-12-27 00:00:00,23.7,18.6,31.3,0,,348,4.9,,1017.6,
2023-12-28 00:00:00,24,18.4,32,0,,353,4.6,,1015.8,
2023-12-29 00:00:00,24.3,18.9,32.7,0,,344,4.9,,1014.4,
2023-12-30 00:00:00,24.4,17.9,32.6,0,,321,5.3,,1013.1,
2023-12-31 00:00:00,24.5,18.6,32.5,0,,329,4.4,,1012.9,
2024-01-01 00:00:00,25,19.3,33,0,,326,4.7,,1012.4,
2024-01-02 00:00:00,25.4,19.4,33.7,0,,321,4.8,,1012.2,
2024-01-03 00:00:00,25.1,19.4,33,0,,321,4.5,,1012.4,
2024-01-04 00:00:00,25,20.1,32.2,0,,323,4.8,,1012.8,
2024-01-05 00:00:00,24.9,19.5,32.8,0,,321,3.9,,1013.1,
2024-01-06 00:00:00,25.2,19.8,33,0,,339,3.7,,1013.3,
2024-01-07 00:00:00,25.6,20.5,32.5,0,,84,4.9,,1013.4,
2024-01-08 00:00:00,26,20.9,32.5,0,,1,4.5,,1012.6,
2024-01-09 00:00:00,26.5,21.5,33.3,0,,74,5.1,,1011.1,
2024-01-10 00:00:00,27.1,21.9,33.2,0,,47,4,,1010,
2024-01-11 00:00:00,27.6,22.6,33.5,0,,102,5.4,,1010.6,
2024-01-12 00:00:00,27.7,23.5,33,0.3,,137,6.6,,1010,
2024-01-13 00:00:00,26.4,22.9,33,1.5,,64,6,,1011.4,
2024-01-14 00:00:00,25.5,21.7,30,0.8,,11,4.6,,1013.6,
2024-01-15 00:00:00,26.1,21.4,32,0,,345,5.3,,1013.2,
2024-01-16 00:00:00,25.8,21.6,32,0,,13,4.7,,1012.7,
2024-01-17 00:00:00,25.5,20.1,32,0,,46,4.6,,1012.4,
2024-01-18 00:00:00,25.6,20,32.5,0,,320,3.9,,1011.9,
2024-01-19 00:00:00,26,20.4,33.5,0,,346,4.4,,1011.1,
2024-01-20 00:00:00,25.7,19.5,33.6,0,,345,5.5,,1011,
2024-01-21 00:00:00,25.8,20.2,32.4,0,,319,5.3,,1011.6,
2024-01-22 00:00:00,24.5,18.3,33.3,0,,320,4.8,,1012.8,
2024-01-23 00:00:00,24,17.7,31.2,0.1,,114,6.6,,1014.3,
2024-01-24 00:00:00,23.9,19.7,28.1,0.1,,120,6.9,,1016.5,
2024-01-25 00:00:00,22.4,20,26.1,0.4,,25,4.9,,1018.6,
2024-01-26 00:00:00,22.3,18.3,27,0.2,,0,4,,1018.9,
2024-01-27 00:00:00,24.2,19.7,29.1,0,,315,5.2,,1017,
2024-01-28 00:00:00,24.5,21.6,29.7,6.9,,10,6.7,,1016.3,
2024-01-29 00:00:00,24,20.5,28.1,6.4,,57,6,,1016.2,
2024-01-30 00:00:00,22.6,20.7,24.8,4.4,,346,4.5,,1015.6,
2024-01-31 00:00:00,24.1,19.8,30.8,0,,334,3.8,,1014.7,
2024-02-01 00:00:00,25.4,18.8,33.3,0,,343,4.2,,1013.8,
2024-02-02 00:00:00,26.2,20.2,34.1,0,,305,4.8,,1012.5,
2024-02-03 00:00:00,27,21.2,34.5,0,,270,6.4,,1012.4,
2024-02-04 00:00:00,26.5,20.8,34,0,,313,6.1,,1013,
2024-02-05 00:00:00,25.1,17.9,34,0,,324,4.9,,1013.1,
2024-02-06 00:00:00,24.7,17.3,34.5,0,,331,4.9,,1013,
2024-02-07 00:00:00,25.2,18,33.5,0,,321,4.7,,1011.8,
2024-02-08 00:00:00,25.7,18.9,34.2,0,,323,4.8,,1010.4,
2024-02-09 00:00:00,26.5,20.2,33.7,0,,108,6.1,,1011.7,
2024-02-10 00:00:00,26.7,22.8,31.5,0.1,,79,7.2,,1015.3,
2024-02-11 00:00:00,25.5,22,31,0,,9,5.1,,1018.6,
2024-02-12 00:00:00,24.8,19.5,31.9,0,,323,5.4,,1017.6,
2024-02-13 00:00:00,25.4,19.6,33,0,,264,5.3,,1015.4,
2024-02-14 00:00:00,25.7,20,33.5,0,,68,5,,1013.5,
2024-02-15 00:00:00,26.3,19.5,35.5,0,,301,5,,1013.2,
2024-02-16 00:00:00,26.3,19.1,34.2,0,,322,5,,1012.6,
2024-02-17 00:00:00,27.8,22,34.3,0,,110,5.9,,1010.4,
2024-02-18 00:00:00,27.6,22.5,33.5,0,,174,6.3,,1010.5,
2024-02-19 00:00:00,28,22.7,35,0,,157,5.6,,1010.5,
2024-02-20 00:00:00,28.8,23.5,35,0,,180,8,,1009.4,
2024-02-21 00:00:00,28.1,23.6,33.8,0,,248,6.9,,1009.3,
2024-02-22 00:00:00,28.4,23,34.8,0,,145,5.7,,1010.5,
2024-02-23 00:00:00,29,24,36,0,,91,5.8,,1011.1,
2024-02-24 00:00:00,29.4,23.7,36,0,,124,5.8,,1011.2,
2024-02-25 00:00:00,29.8,25.1,36,0.1,,123,7.7,,1011.4,
2024-02-26 00:00:00,29.7,25.1,35,0.7,,63,4.7,,1011.6,
2024-02-27 00:00:00,29.5,25.3,35.5,1.2,,4,5.3,,1010.7,
2024-02-28 00:00:00,29.7,24.6,35.5,0,,151,6.3,,1009.3,
2024-02-29 00:00:00,30.1,25.2,36.7,0,,150,7.5,,1009.5,
2024-03-01 00:00:00,30.1,25.8,35.8,0,,131,7.8,,1010,
2024-03-02 00:00:00,28.9,23.8,35,7.8,,120,8.9,,1010.8,
2024-03-03 00:00:00,29.1,24,34.7,0.9,,128,7,,1010,
2024-03-04 00:00:00,30.5,23.8,38.5,0,,229,9.2,,1008.5,
2024-03-05 00:00:00,29.7,22,37.3,0,,252,7,,1007.6,
2024-03-06 00:00:00,29.3,22.6,36.9,0,,249,5.5,,1006.5,
2024-03-07 00:00:00,29.7,23.8,36.8,0,,146,6.3,,1006.6,
2024-03-08 00:00:00,30.5,23.6,36.6,0,,138,8.1,,1007.5,
2024-03-09 00:00:00,30.5,27.1,36,0.5,,144,10.3,,1008.6,
2024-03-10 00:00:00,30.2,24.7,36.2,0.1,,134,7.2,,1010.3,
2024-03-11 00:00:00,30.3,24.5,36,0,,155,7.6,,1011.5,
2024-03-12 00:00:00,29.7,25.4,36,0.3,,139,10.1,,1011.2,
2024-03-13 00:00:00,29.5,24,36.4,0,,165,8,,1010.1,
2024-03-14 00:00:00,29.7,22.6,36.2,0,,231,6.7,,1009.6,
2024-03-15 00:00:00,29.2,23.2,36.4,0,,141,6.7,,1009.4,
2024-03-16 00:00:00,30,23,37,0,,139,7.8,,1010.4,
2024-03-17 00:00:00,30.2,25.5,36.2,0,,138,6.7,,1010.4,
2024-03-18 00:00:00,30.9,25.5,37.5,0,,193,5.2,,1008.7,
2024-03-19 00:00:00,29.7,24.8,37,35.2,,138,9,,1010.1,
2024-03-20 00:00:00,26.1,23.1,30,17.3,,143,5.3,,1014.7,
2024-03-21 00:00:00,27.5,23.7,32.5,0.2,,31,4.2,,1012.1,
2024-03-22 00:00:00,29.1,24.4,36,0,,306,5.5,,1007.8,
2024-03-23 00:00:00,29.7,24.5,36.5,0,,194,9.1,,1007.1,
2024-03-24 00:00:00,29.7,23.8,37.5,0,,188,9,,1009.1,
2024-03-25 00:00:00,29.3,22,38.2,0,,184,5,,1009.3,
2024-03-26 00:00:00,28.8,23,37,4.9,,124,6.9,,1010.8,
2024-03-27 00:00:00,29.1,24.2,34.8,0,,174,6,,1012.4,
2024-03-28 00:00:00,30.5,24.8,36.8,0,,160,9,,1009.7,
2024-03-29 00:00:00,30.5,25,36.3,0,,157,11.4,,1009.4,
2024-03-30 00:00:00,30.6,24.7,37.3,0,,168,10.4,,1010.5,
2024-03-31 00:00:00,31.4,24.8,38.9,0,,204,12.7,,1009.5,
2024-04-01 00:00:00,31.4,25.6,38.4,0,,182,11.1,,1007,
2024-04-02 00:00:00,31.9,26,38.8,0,,195,9.9,,1005.3,
2024-04-03 00:00:00,32,26.2,39.2,0,,181,8.3,,1006,
2024-04-04 00:00:00,32.1,26.1,38.7,0,,170,7.3,,1005.8,
2024-04-05 00:00:00,32.1,26.9,38.2,0,,155,8,,1005.2,
2024-04-06 00:00:00,32.4,27.5,38.2,0,,152,7.5,,1005.4,
2024-04-07 00:00:00,32.3,27.4,38.5,0,,146,7.3,,1005.2,
2024-04-08 00:00:00,32.9,27.7,39.2,0,,154,8.2,,1006.7,
2024-04-09 00:00:00,32.4,27.1,40.1,0.4,,130,10.7,,1007.6,
2024-04-10 00:00:00,30.8,26.3,36.2,0,,12,4.2,,1009.8,
2024-04-11 00:00:00,31.6,26.6,38.2,0,,25,3.4,,1009.6,
2024-04-12 00:00:00,32.3,26.4,38.8,0,,79,4.6,,1008.3,
2024-04-13 00:00:00,32.6,27.4,38,0,,87,5,,1007.5,
2024-04-14 00:00:00,32,26.8,39,0,,141,6.8,,1008.2,
2024-04-15 00:00:00,31.9,25.8,38.7,0.2,,164,5.4,,1008.5,
2024-04-16 00:00:00,32.3,27,38.1,0.1,,162,7,,1007.2,
2024-04-17 00:00:00,33.4,27.3,40.5,0,,208,9.5,,1006.2,
2024-04-18 00:00:00,33.4,26.3,40.5,0,,220,8.3,,1004.9,
2024-04-19 00:00:00,33.3,28.1,39,0,,257,10.7,,1003.4,
2024-04-20 00:00:00,33.7,28.4,40.7,0,,254,13.9,,1003.5,
2024-04-21 00:00:00,33.9,27.9,41,0,,226,12.4,,1004.3,
2024-04-22 00:00:00,34,28.2,39.9,0,,232,8.3,,1003.9,
2024-04-23 00:00:00,34.1,28.8,39.8,0,,189,8.3,,1003.6,
2024-04-24 00:00:00,33.9,28.8,39.7,0,,173,10.4,,1004.1,
2024-04-25 00:00:00,34.3,28.3,40.2,0,,193,9.9,,1004.4,
2024-04-26 00:00:00,34.7,28.4,42.4,0,,226,10.6,,1003.9,
2024-04-27 00:00:00,34.6,27.6,42.3,0,,203,8.5,,1003.7,
2024-04-28 00:00:00,35,28.1,41.5,0,,183,10.3,,1004.3,
2024-04-29 00:00:00,35.2,28.5,42,0,,215,11.5,,1004.9,
2024-04-30 00:00:00,35.7,29.9,42.8,0,,257,12.7,,1002.5,
2024-05-01 00:00:00,35.2,29.7,41.1,0,,260,15.1,,1002.3,
2024-05-02 00:00:00,35.4,30,41.1,0,,202,12.5,,1003,
2024-05-03 00:00:00,33.6,26.5,41.1,1.6,,227,8.5,,1005.1,
2024-05-04 00:00:00,31.5,25.3,39.5,0.7,,6,2.6,,1004.7,
2024-05-05 00:00:00,33.8,27.1,41.2,0,,143,2.4,,1003.9,
2024-05-06 00:00:00,34.5,29.2,40.4,0.3,,117,3.5,,1005.8,
2024-05-07 00:00:00,32,27.6,38.2,3.8,,134,6.3,,1008.8,
2024-05-08 00:00:00,31,24.3,36.9,0.3,,25,2.8,,1008.8,
2024-05-09 00:00:00,31.9,27,37.5,14.5,,23,3.3,,1007.8,
2024-05-10 00:00:00,29.6,24.6,36.6,14.2,,167,5.7,,1009.3,
2024-05-11 00:00:00,29,25,37.6,0.1,,320,5.5,,1010.2,
2024-05-12 00:00:00,30.5,24.7,37.7,0,,358,2.7,,1009,
2024-05-13 00:00:00,31.5,23.8,40.7,15.7,,4,4.3,,1007.7,
2024-05-14 00:00:00,29.7,24.5,36,0,,38,3.5,,1008.9,
2024-05-15 00:00:00,31.8,26.6,36.5,0,,38,3.1,,1008.6,
2024-05-16 00:00:00,32.4,27.8,38.3,0.8,,73,2.3,,1007.9,
2024-05-17 00:00:00,30.7,27.7,36,2.5,,52,2.1,,1007.6,
2024-05-18 00:00:00,30.6,26.2,36,6.3,,128,2.8,,1005.5,
2024-05-19 00:00:00,32.2,27.3,37.7,15.3,,159,4.7,,1004,
2024-05-20 00:00:00,31.5,25.8,39,12.5,,22,3.1,,1003.7,
2024-05-21 00:00:00,29.4,24.6,34.5,50.1,,52,3.7,,1005.9,
2024-05-22 00:00:00,29.9,26,35.3,5.7,,26,2.5,,1006.6,
2024-05-23 00:00:00,28.1,25.3,31.8,20.2,,67,3.8,,1006.1,
2024-05-24 00:00:00,27.7,25.6,31,15.5,,78,3.5,,1006,
2024-05-25 00:00:00,28.9,26.7,31.8,5.1,,3,1.2,,1006.5,
2024-05-26 00:00:00,28.6,24.3,33.5,23.2,,143,3.9,,1007.3,
2024-05-27 00:00:00,28.1,25.7,32.2,15.2,,77,3.6,,1006.2,
2024-05-28 00:00:00,28.5,25.3,33.5,11.3,,0,1.1,,1005.5,
2024-05-29 00:00:00,28.5,26.2,33,5.7,,336,2.4,,1005.1,
2024-05-30 00:00:00,29.6,26.2,35.5,9.2,,301,2.5,,1004.3,
2024-05-31 00:00:00,30.3,26.1,35,6.9,,130,2.6,,1004.6,
2024-06-01 00:00:00,29.3,24.6,34.5,14.2,,43,1.7,,1007.1,
2024-06-02 00:00:00,28.8,25.6,33,15.2,,340,1.5,,1009.1,
2024-06-03 00:00:00,29,25.7,32.7,8.8,,308,2.6,,1007.6,
2024-06-04 00:00:00,30.3,25.8,35.5,2.3,,246,5.1,,1006.5,
2024-06-05 00:00:00,29.3,25.2,35.3,15.8,,312,3.6,,1006.5,
2024-06-06 00:00:00,27.8,25.6,31.2,9.6,,70,1.9,,1007.4,
2024-06-07 00:00:00,28.4,25.6,32,18,,80,2.7,,1005.9,
2024-06-08 00:00:00,29.6,26.6,35,3.2,,280,3.6,,1004.1,
2024-06-09 00:00:00,29,26.3,32,4.5,,9,0.8,,1003.3,
2024-06-10 00:00:00,28.8,25.7,33.7,27.2,,13,1.4,,1004.4,
2024-06-11 00:00:00,27.8,25.1,32.7,32.5,,102,3.2,,1006.2,
2024-06-12 00:00:00,28.4,25.6,32.5,4.8,,21,2.6,,1008.2,
2024-06-13 00:00:00,28.9,26.3,31.8,0.3,,313,2.3,,1007.2,
2024-06-14 00:00:00,28.6,26.3,31.7,5.8,,332,2.5,,1005.2,
2024-06-15 00:00:00,28.9,26.5,32.5,0.3,,313,2.9,,1004.8,
2024-06-16 00:00:00,30.2,25.8,35,0.3,,279,3.1,,1005.5,
2024-06-17 00:00:00,30.2,27,35.2,0.8,,236,3.5,,1005.8,
2024-06-18 00:00:00,29.7,26.3,33.5,0.1,,246,4.4,,1005.1,
2024-06-19 00:00:00,30.3,25.8,35.1,0.4,,285,2.7,,1004.4,
2024-06-20 00:00:00,29.9,26.6,34,0.2,,299,2.6,,1004,
2024-06-21 00:00:00,31,25.7,36,3.6,,323,2.3,,1003.2,
2024-06-22 00:00:00,31.1,27,36.5,0.6,,327,1.6,,1002.4,
2024-06-23 00:00:00,28.3,24.2,33.5,6.2,,130,3.2,,1003.3,
2024-06-24 00:00:00,27.9,24.7,32.2,10.2,,132,2.7,,1003.5,
2024-06-25 00:00:00,27.4,25.2,31.7,16.6,,56,2.3,,1003.2,
2024-06-26 00:00:00,26.8,25.5,30.8,10.7,,42,1.5,,1005.2,
2024-06-27 00:00:00,29.2,25.1,33.1,12.9,,24,1.5,,1007.6,
2024-06-28 00:00:00,30.4,26,34.8,8.9,,178,2.4,,1006.7,
2024-06-29 00:00:00,29.3,26.2,33.3,11.6,,130,2.4,,1006.8,
2024-06-30 00:00:00,29.4,25.7,34.4,7.6,,14,2.4,,1007.6,
2024-07-01 00:00:00,29.2,26.5,32.2,2.9,,242,3.6,,1007,
2024-07-02 00:00:00,29.8,26.7,34.6,0,,262,3.4,,1005.5,
2024-07-03 00:00:00,29.9,26.7,34.5,5.4,,320,2.3,,1006.2,
2024-07-04 00:00:00,29.1,26.1,33.7,14.3,,13,1.7,,1008.1,
2024-07-05 00:00:00,29.2,25.5,34,7.5,,353,1.8,,1006.2,
2024-07-06 00:00:00,29.7,26.2,33.6,2.1,,62,2.2,,1004.8,
2024-07-07 00:00:00,29.2,26.7,33.5,1.7,,16,2.5,,1005.5,
2024-07-08 00:00:00,27.7,24.7,31.7,10.2,,94,3.9,,1006.2,
2024-07-09 00:00:00,28.9,25,34.5,8.2,,20,1.9,,1006.8,
2024-07-10 00:00:00,28.1,25.8,34,13.5,,54,3.5,,1007.2,
2024-07-11 00:00:00,29.2,25.2,35,1.5,,195,3.8,,1005.8,
2024-07-12 00:00:00,29.7,25.8,33.5,2.9,,304,2.6,,1004.1,
2024-07-13 00:00:00,29,26.3,33.1,2.6,,195,9.1,,1002.6,
2024-07-14 00:00:00,29,25.2,34,2.7,,158,5.8,,1003.5,
2024-07-15 00:00:00,29.6,25.2,34.2,1.1,,315,2.8,,1004.6,
2024-07-16 00:00:00,26.2,24.6,30,44,,347,1.6,,1003.7,
2024-07-17 00:00:00,27.7,24.3,31.7,19.8,,333,2,,1003.3,
2024-07-18 00:00:00,28,24.8,31.5,16.4,,157,2.7,,1003.9,
2024-07-19 00:00:00,28.8,26.2,33.7,14.9,,305,2.9,,1004,
2024-07-20 00:00:00,27.6,25.8,33,3.8,,110,3.4,,1005.7,
2024-07-21 00:00:00,29.1,25.6,33.7,8.2,,305,2,,1006.1,
2024-07-22 00:00:00,28.1,25.7,31,12.3,,323,2.5,,1006.4,
2024-07-23 00:00:00,29,26.2,33.6,0.3,,280,3.3,,1004.7,
2024-07-24 00:00:00,27.9,26.2,30.3,15,,326,2.8,,1002.2,
2024-07-25 00:00:00,28.2,26.2,31.2,23.6,,316,3.3,,1001,
2024-07-26 00:00:00,27.9,26,30.2,10.1,,21,1,,1002.6,
2024-07-27 00:00:00,28.6,26.3,31.2,8.3,,3,1.7,,1004.4,
2024-07-28 00:00:00,27.8,25.2,32,14.3,,20,2.6,,1004.4,
2024-07-29 00:00:00,28.5,25.3,33.7,26.5,,232,4.3,,1004.2,
2024-07-30 00:00:00,27,23.3,29.5,9.7,,84,2.2,,1005.7,
2024-07-31 00:00:00,26.8,25.2,29,27.8,,101,2.4,,1007.2,
2024-08-01 00:00:00,26.4,24.7,28.5,22.5,,110,3,,1008.2,
2024-08-02 00:00:00,26.1,24.7,28,9.3,,7,0.9,,1008.2,
2024-08-03 00:00:00,27.5,24,32.5,10.9,,34,2.8,,1008.3,
2024-08-04 00:00:00,26.7,24,32.2,17.5,,152,3.5,,1008.3,
2024-08-05 00:00:00,28.2,24.5,33.7,7.5,,155,2.7,,1007.2,
2024-08-06 00:00:00,28.8,25.3,32.8,6,,133,2.4,,1006.5,
2024-08-07 00:00:00,29.6,25.7,34.5,10,,271,3.2,,1007,
2024-08-08 00:00:00,29.2,25,34.6,2.5,,87,2.2,,1007.8,
2024-08-09 00:00:00,30.9,26.7,36.5,0,,326,1.7,,1006.8,
2024-08-10 00:00:00,31.5,27.7,36.6,0,,260,3.2,,1005.3,
2024-08-11 00:00:00,31.5,27.6,36.5,0,,263,2.6,,1003.5,
2024-08-12 00:00:00,28.5,26.3,30.8,5.7,,245,12.4,,1003.8,
2024-08-13 00:00:00,29.1,25.7,33.8,2,,265,3.5,,1005.1,
2024-08-14 00:00:00,29.1,25.5,34.1,4.5,,164,5,,1006,
2024-08-15 00:00:00,30,26,35.2,3.6,,172,5.2,,1005.4,
2024-08-16 00:00:00,29.8,26.6,35.8,9.4,,14,2.3,,1004.8,
2024-08-17 00:00:00,29.6,25.8,34,14.4,,10,1.9,,1006.5,
2024-08-18 00:00:00,29.8,27.2,35,8.6,,4,2,,1007.2,
2024-08-19 00:00:00,28.9,24.1,35.1,7.3,,2,1.7,,1006.6,
2024-08-20 00:00:00,27.4,25.3,31.2,16.8,,26,2.7,,1007.9,
2024-08-21 00:00:00,28.2,25.7,32,13.9,,4,2.4,,1008.3,
2024-08-22 00:00:00,29.5,26.2,34.5,4,,253,3.4,,1008,
2024-08-23 00:00:00,28.6,23.8,33,6.6,,2,1.6,,1009.4,
2024-08-24 00:00:00,27.5,23.5,32.5,12.2,,1,1.6,,1009.1,
2024-08-25 00:00:00,27.3,24.7,33.5,2.4,,3,0.7,,1008,
2024-08-26 00:00:00,27.8,24.7,32.7,2.1,,335,2.3,,1006.7,
2024-08-27 00:00:00,28.8,26.3,31.7,14.4,,357,0.6,,1006.7,
2024-08-28 00:00:00,27.4,24.6,31.8,,,33,2.2,,,
2024-08-29 00:00:00,27.3,24.8,31.7,,,354,2.1,,,
2024-08-30 00:00:00,28.2,25.2,33.4,,,60,2.8,,,
2024-08-31 00:00:00,29.5,25.5,33.7,,,296,2,,,
2024-09-01 00:00:00,29.3,27,33.4,,,333,2.5,,,
2024-09-02 00:00:00,28.7,26.6,32,,,2,0.9,,,
2024-09-03 00:00:00,29.6,26.5,33,,,359,1.1,,,
2024-09-04 00:00:00,29.2,25.8,33.9,,,303,4.1,,1005,
2024-09-05 00:00:00,29.7,25.7,34.8,1,,341,2.6,,1003.9,
2024-09-06 00:00:00,28.9,25.8,34.2,0.7,,338,1.2,,1003.6,
2024-09-07 00:00:00,29.6,25.7,33.1,0,,288,2.6,,1004.3,
2024-09-08 00:00:00,29.9,28.1,32.7,5,,242,6.3,,1005.3,
2024-09-09 00:00:00,28.7,27.6,30,4,,264,3.3,,1004.9,
2024-09-10 00:00:00,28.3,25.9,31.1,7.9,,8,5.5,,1004.4,
2024-09-11 00:00:00,27.4,25.3,32,3.4,,145,6.1,,1006.6,
2024-09-12 00:00:00,28,24.8,31.8,6.2,,123,3.1,,1007.4,
2024-09-13 00:00:00,28.7,25.5,33.5,3,,350,3.2,,1005.6,
2024-09-14 00:00:00,29.7,26.5,34,0.3,,319,3.4,,1003.9,
2024-09-15 00:00:00,29.7,27.2,34.4,2.3,,319,2.1,,1003.4,
2024-09-16 00:00:00,29.5,25.2,35.5,4.1,,324,2.7,,1003.7,
2024-09-17 00:00:00,27.6,24,31.5,14.9,,327,2.4,,1003.6,
2024-09-18 00:00:00,27.7,25.6,31.6,13.3,,359,0.8,,1002.6,
2024-09-19 00:00:00,29.9,25.7,35.5,0.6,,346,2.1,,1002.2,
2024-09-20 00:00:00,27.7,24.6,33,8.9,,350,2.6,,1002.2,
2024-09-21 00:00:00,26,24.2,29.2,39.5,,337,1.1,,1003,
2024-09-22 00:00:00,26,25.1,27,28.5,,11,1.1,,1004.1,
2024-09-23 00:00:00,25.9,24.1,28.6,16.6,,126,2.2,,1007.5,
2024-09-24 00:00:00,25.4,24.2,27.5,19.5,,355,2.4,,1009.4,
2024-09-25 00:00:00,26,23.5,29.7,6.9,,31,1.1,,1010.3,
2024-09-26 00:00:00,28.5,25.4,33.3,5,,1,0.9,,1010.3,
2024-09-27 00:00:00,29.6,26,35,0.3,,3,0.9,,1009.5,
2024-09-28 00:00:00,29.8,26.6,35,2.3,,76,3.6,,1008.4,
2024-09-29 00:00:00,29.8,26,35,0.7,,159,6.3,,1007.4,
2024-09-30 00:00:00,29.5,25.7,34.6,21.1,,199,5.4,,1006.1,
2024-10-01 00:00:00,28.6,26.2,31.8,20.9,,62,2.1,,1005.7,
2024-10-02 00:00:00,26.1,24.3,29.2,101.1,,36,2.7,,1008.6,
2024-10-03 00:00:00,26.5,24.2,29.6,66.8,,42,3.1,,1010.3,
2024-10-04 00:00:00,27.7,25.2,31.4,17.9,,22,2.7,,1010.8,
2024-10-05 00:00:00,28.2,23.8,33,13.5,,358,2,,1010.7,
2024-10-06 00:00:00,29.3,26.2,33.4,0.3,,333,1.7,,1011.1,
2024-10-07 00:00:00,29.4,26.5,32.7,0.1,,1,1,,1012.1,
2024-10-08 00:00:00,29.6,26.2,33.8,1.2,,359,0.8,,1011.5,
2024-10-09 00:00:00,29.5,26.3,34.2,1.4,,343,2.5,,1010.5,
2024-10-10 00:00:00,29.1,26.6,33,0.7,,342,3.1,,1009.9,
2024-10-11 00:00:00,28.9,25.6,32.9,0.9,,352,0.8,,1009.7,
2024-10-12 00:00:00,29.6,26.6,34.4,2.6,,356,1,,1010.2,
2024-10-13 00:00:00,29.1,25.6,34.5,4,,333,2.3,,1010.4,
2024-10-14 00:00:00,30.2,26.7,34.2,0.6,,353,1.3,,1009.7,
2024-10-15 00:00:00,30.2,26.7,34,1.1,,357,1,,1009.4,
2024-10-16 00:00:00,30,26.2,34,1.5,,356,1.1,,1009.6,
2024-10-17 00:00:00,28.3,25.5,32,13.7,,340,1.4,,1010,
2024-10-18 00:00:00,30,25.7,34.7,3.5,,353,2.1,,1009.2,
2024-10-19 00:00:00,28.2,23.5,32.4,11.8,,15,2.9,,1010.3,
2024-10-20 00:00:00,27.7,24.2,32,28.7,,344,1.7,,1011.4,
2024-10-21 00:00:00,27.4,24.2,32.4,7.3,,6,2.6,,1011.4,
2024-10-22 00:00:00,28.7,23.2,34,5.8,,345,3.5,,1011,
2024-10-23 00:00:00,28.2,24.1,32.8,9.5,,339,2.1,,1011.3,
2024-10-24 00:00:00,28.7,25.5,32.8,0,,359,0.3,,1010.3,
2024-10-25 00:00:00,29.3,25.5,34,7.8,,358,0.8,,1008.6,
2024-10-26 00:00:00,30,26.3,33.9,0,,311,2.4,,1006,
2024-10-27 00:00:00,30.7,27,34.7,3.4,,324,3,,1004.2,
2024-10-28 00:00:00,30.2,26.6,34.8,0,,350,2.2,,1005.3,
2024-10-29 00:00:00,29.6,26.2,34.4,0.1,,350,2.3,,1007.4,
2024-10-30 00:00:00,29.5,25.5,34.5,0,,358,1.7,,1009.3,
2024-10-31 00:00:00,29.4,25.6,33.9,0,,358,0.8,,1009,
2024-11-01 00:00:00,29.7,26.1,34.5,1.3,,3,0.4,,1009.3,
2024-11-02 00:00:00,29.5,26.2,34,2.6,,19,1.9,,1011.3,
2024-11-03 00:00:00,28.2,24.7,33,0,,354,2.8,,1012.3,
2024-11-04 00:00:00,28,23.8,33.5,0,,10,6,,1011.9,
2024-11-05 00:00:00,26.3,23.5,29.2,9.5,,8,7.5,,1013.2,
2024-11-06 00:00:00,26,24.1,29.3,3.2,,346,4.7,,1013.7,
2024-11-07 00:00:00,26.4,24.3,29.8,1,,358,3.5,,1013.5,
2024-11-08 00:00:00,26.6,24.1,30.2,0.2,,350,4.6,,1013.1,
2024-11-09 00:00:00,26.8,22.8,31.7,0,,328,4.5,,1012.3,
2024-11-10 00:00:00,27.3,23,32.9,0,,337,3.2,,1012,
2024-11-11 00:00:00,27.1,22.6,33.3,0,,348,2.9,,1011.5,
2024-11-12 00:00:00,27.3,22.6,33.6,0,,345,2.8,,1010.3,
2024-11-13 00:00:00,27.6,23.2,34,0,,12,3.5,,1009,
2024-11-14 00:00:00,28.4,24,34.5,0,,348,3.1,,1009,
2024-11-15 00:00:00,28.9,24.1,34.5,0,,348,2.5,,1008.5,
2024-11-16 00:00:00,28.7,24.7,33.5,0,,356,3,,1008.5,
2024-11-17 00:00:00,27.1,25,30.1,8.2,,0,4.3,,1010,
2024-11-18 00:00:00,26.8,23.6,30.8,8.3,,346,6,,1011.7,
2024-11-19 00:00:00,26.6,22.8,31.7,0,,10,9.5,,1012.6,
2024-11-20 00:00:00,26.4,22.6,30.7,0,,6,6.8,,1012.3,
2024-11-21 00:00:00,26.2,22.2,30.3,0,,359,7.1,,1011.9,
2024-11-22 00:00:00,26.5,22.2,32.2,0,,353,4.3,,1011.9,
2024-11-23 00:00:00,27,22.7,32.5,0,,328,3.6,,1012.3,
2024-11-24 00:00:00,27.1,22.8,32.2,0,,339,2.6,,1012,
2024-11-25 00:00:00,27.4,23.2,31.8,0,,343,2.4,,1011.4,
2024-11-26 00:00:00,28.1,24.2,33.2,0,,355,3.3,,1011.4,
2024-11-27 00:00:00,26.8,23.2,31,0.1,,341,4,,1011.9,
2024-11-28 00:00:00,26.3,22.1,31,0,,36,4.2,,1013.8,
2024-11-29 00:00:00,24.7,20.8,29.2,0,,14,4.7,,1014.7,
2024-11-30 00:00:00,24.2,20.1,29.6,0,,352,4.6,,1012.7,
2024-12-01 00:00:00,24.4,20,29.8,0,,19,4.6,,1010.3,
2024-12-02 00:00:00,25.4,20.8,31.8,0,,351,3.5,,1009.7,
2024-12-03 00:00:00,26.5,21.7,32.5,0,,357,2.6,,1009.9,
2024-12-04 00:00:00,27.3,22.9,33.6,0,,6,2.7,,1009.6,
2024-12-05 00:00:00,27.6,24.5,33,0,,13,2.5,,1009.7,
2024-12-06 00:00:00,26.9,22.7,32.2,0,,20,3.5,,1009.3,
2024-12-07 00:00:00,26.8,22.5,32.4,0,,357,2.1,,1010.4,
2024-12-08 00:00:00,27.6,23.5,33.5,0,,334,3,,1011.7,
2024-12-09 00:00:00,27,24,31.6,0,,8,2.8,,1011.6,
2024-12-10 00:00:00,26.4,22.1,32.6,,,11,3.5,,,
2024-12-11 00:00:00,,,,,,,,,,
2024-12-12 00:00:00,,,,,,,,,,
2024-12-13 00:00:00,,,,,,,,,,
2024-12-14 00:00:00,26.1,23.6,31.1,0,,25,4.7,,1013.5,
2024-12-15 00:00:00,25.1,21.6,29.8,0,,18,7.7,,1015.7,
2024-12-16 00:00:00,24,20.8,28.3,0,,4,6.1,,1016.1,
2024-12-17 00:00:00,24,19.1,29.7,0,,350,3.3,,1014.5,
2024-12-18 00:00:00,24.7,20.2,30.1,0,,6,4,,1013.6,
2024-12-19 00:00:00,24.2,20.5,30,0,,8,3,,1014.2,
2024-12-20 00:00:00,23,18.5,29.6,0,,349,4.4,,1013.5,
2024-12-21 00:00:00,22.4,17.2,29.2,0,,353,3.3,,1013.2,
2024-12-22 00:00:00,22.4,17.6,27.7,0,,344,1.7,,1013.8,
2024-12-23 00:00:00,22.3,17.3,28.2,0,,343,2.5,,1013.5,
2024-12-24 00:00:00,22.6,17.7,29.5,0,,354,2.9,,1013.9,
2024-12-25 00:00:00,23.5,18.8,30.2,0,,346,3.6,,1014.6,
2024-12-26 00:00:00,23.8,17.5,31.5,0,,346,2.5,,1015.7,
2024-12-27 00:00:00,25.5,20.2,32.5,0,,337,3.6,,1015.5,
2024-12-28 00:00:00,26.3,21.5,32.2,0,,0,4.4,,1015.7,
2024-12-29 00:00:00,25.6,21.3,30.7,0,,4,3.3,,1015.2,
2024-12-30 00:00:00,23.8,19.3,29.8,0,,15,3.9,,1014.3,
2024-12-31 00:00:00,24,19.7,30.2,0,,47,3.7,,1014.3,
